type,signal,yyyymm,hml
i,BM,196307,-1.882101
i,BM,196308,1.732507
i,BM,196309,-0.353677
i,BM,196310,-1.985953
i,BM,196311,-2.792732
i,BM,196312,-1.104071
i,BM,196401,-2.271243
i,BM,196402,2.861852
i,BM,196403,5.042446
i,BM,196404,1.281439
i,BM,196405,-0.384026
i,BM,196406,2.946253
i,BM,196407,0.104311
i,BM,196408,-0.108636
i,BM,196409,1.355788
i,BM,196410,3.835641
i,BM,196411,-3.695195
i,BM,196412,-4.498949
i,BM,196501,0.766631
i,BM,196502,1.962802
i,BM,196503,1.234572
i,BM,196504,-0.654183
i,BM,196505,-1.266892
i,BM,196506,-2.948513
i,BM,196507,2.288179
i,BM,196508,-1.713179
i,BM,196509,1.493410
i,BM,196510,3.859544
i,BM,196511,0.365398
i,BM,196512,0.564571
i,BM,196601,5.305073
i,BM,196602,0.619302
i,BM,196603,-3.382782
i,BM,196604,-0.921862
i,BM,196605,-3.008575
i,BM,196606,-0.922033
i,BM,196607,0.725671
i,BM,196608,-1.530678
i,BM,196609,0.845185
i,BM,196610,0.574864
i,BM,196611,-8.984100
i,BM,196612,1.213927
i,BM,196701,9.016643
i,BM,196702,-3.192070
i,BM,196703,1.129108
i,BM,196704,-3.608870
i,BM,196705,2.511905
i,BM,196706,0.796675
i,BM,196707,4.599752
i,BM,196708,2.100512
i,BM,196709,-2.648395
i,BM,196710,-6.576203
i,BM,196711,-2.256090
i,BM,196712,2.329877
i,BM,196801,7.991756
i,BM,196802,-0.079680
i,BM,196803,-5.627449
i,BM,196804,1.437654
i,BM,196805,-0.377647
i,BM,196806,-0.964340
i,BM,196807,3.892688
i,BM,196808,1.300328
i,BM,196809,7.300434
i,BM,196810,6.579285
i,BM,196811,-6.254191
i,BM,196812,3.644587
i,BM,196901,4.283294
i,BM,196902,-2.667534
i,BM,196903,-1.148317
i,BM,196904,-3.899610
i,BM,196905,0.226416
i,BM,196906,-7.336648
i,BM,196907,-2.560357
i,BM,196908,-5.414568
i,BM,196909,-3.647349
i,BM,196910,-0.880569
i,BM,196911,-4.803439
i,BM,196912,-6.606818
i,BM,197001,4.062933
i,BM,197002,6.082805
i,BM,197003,4.797108
i,BM,197004,2.558517
i,BM,197005,2.595359
i,BM,197006,-0.207754
i,BM,197007,2.119424
i,BM,197008,1.343689
i,BM,197009,-2.979481
i,BM,197010,-4.980537
i,BM,197011,-0.676141
i,BM,197012,5.303900
i,BM,197101,2.888114
i,BM,197102,-0.715566
i,BM,197103,-4.004364
i,BM,197104,3.391356
i,BM,197105,-1.886699
i,BM,197106,-2.237144
i,BM,197107,-3.155541
i,BM,197108,7.987273
i,BM,197109,-4.855484
i,BM,197110,-2.922810
i,BM,197111,-3.938338
i,BM,197112,2.505019
i,BM,197201,7.997603
i,BM,197202,-2.682314
i,BM,197203,-1.650324
i,BM,197204,-1.219897
i,BM,197205,-5.190676
i,BM,197206,-6.530654
i,BM,197207,-4.915601
i,BM,197208,5.103368
i,BM,197209,-4.194216
i,BM,197210,-2.813231
i,BM,197211,11.980579
i,BM,197212,-7.448112
i,BM,197301,-4.045569
i,BM,197302,-2.046537
i,BM,197303,4.198918
i,BM,197304,1.520278
i,BM,197305,-6.733572
i,BM,197306,-2.176820
i,BM,197307,1.139522
i,BM,197308,4.491024
i,BM,197309,12.720973
i,BM,197310,4.429117
i,BM,197311,-1.488496
i,BM,197312,11.362158
i,BM,197401,9.752585
i,BM,197402,5.461433
i,BM,197403,-1.950972
i,BM,197404,1.457922
i,BM,197405,-8.759155
i,BM,197406,3.601446
i,BM,197407,10.022571
i,BM,197408,2.728424
i,BM,197409,9.772320
i,BM,197410,-16.614617
i,BM,197411,-0.433899
i,BM,197412,-3.793385
i,BM,197501,25.264174
i,BM,197502,-9.563775
i,BM,197503,4.401572
i,BM,197504,-0.440775
i,BM,197505,1.276812
i,BM,197506,4.251886
i,BM,197507,5.200314
i,BM,197508,-5.246121
i,BM,197509,0.791247
i,BM,197510,-8.056948
i,BM,197511,-0.108067
i,BM,197512,2.963134
i,BM,197601,15.546094
i,BM,197602,20.871062
i,BM,197603,-0.013640
i,BM,197604,2.322538
i,BM,197605,-0.753807
i,BM,197606,0.277452
i,BM,197607,3.841900
i,BM,197608,-2.684062
i,BM,197609,-0.845656
i,BM,197610,-2.623308
i,BM,197611,3.990704
i,BM,197612,6.348765
i,BM,197701,11.447838
i,BM,197702,-0.412371
i,BM,197703,1.793033
i,BM,197704,4.281531
i,BM,197705,1.409346
i,BM,197706,-0.353944
i,BM,197707,-1.397780
i,BM,197708,-5.544355
i,BM,197709,1.242232
i,BM,197710,-0.284524
i,BM,197711,4.450442
i,BM,197712,-0.195650
i,BM,197801,5.259863
i,BM,197802,2.352818
i,BM,197803,6.482673
i,BM,197804,-5.241247
i,BM,197805,4.274784
i,BM,197806,-0.840472
i,BM,197807,1.512376
i,BM,197808,2.516043
i,BM,197809,2.568007
i,BM,197810,-10.499404
i,BM,197811,0.300872
i,BM,197812,-5.383900
i,BM,197901,8.684134
i,BM,197902,0.375833
i,BM,197903,5.046360
i,BM,197904,-1.229800
i,BM,197905,1.443079
i,BM,197906,3.176080
i,BM,197907,5.506031
i,BM,197908,-0.145150
i,BM,197909,0.815107
i,BM,197910,-5.434402
i,BM,197911,-6.748140
i,BM,197912,4.000317
i,BM,198001,10.578135
i,BM,198002,2.332022
i,BM,198003,-7.760763
i,BM,198004,-1.805907
i,BM,198005,0.428994
i,BM,198006,-0.507869
i,BM,198007,2.024169
i,BM,198008,-2.480648
i,BM,198009,-3.244410
i,BM,198010,0.733226
i,BM,198011,-8.058329
i,BM,198012,-3.698959
i,BM,198101,11.263064
i,BM,198102,1.784531
i,BM,198103,8.391762
i,BM,198104,-0.703218
i,BM,198105,-1.431548
i,BM,198106,3.141693
i,BM,198107,-4.135719
i,BM,198108,1.722400
i,BM,198109,3.169513
i,BM,198110,-9.641233
i,BM,198111,2.031487
i,BM,198112,2.985530
i,BM,198201,0.787344
i,BM,198202,8.171973
i,BM,198203,5.384466
i,BM,198204,-2.006503
i,BM,198205,1.742297
i,BM,198206,4.412422
i,BM,198207,-1.328259
i,BM,198208,-1.616836
i,BM,198209,-1.719578
i,BM,198210,-1.076566
i,BM,198211,-0.392432
i,BM,198212,5.538708
i,BM,198301,0.758946
i,BM,198302,1.606280
i,BM,198303,4.600516
i,BM,198304,6.231761
i,BM,198305,-0.228492
i,BM,198306,1.677183
i,BM,198307,5.376784
i,BM,198308,9.642331
i,BM,198309,-3.510951
i,BM,198310,4.189975
i,BM,198311,1.012894
i,BM,198312,1.193016
i,BM,198401,12.120931
i,BM,198402,8.916726
i,BM,198403,2.050739
i,BM,198404,0.279640
i,BM,198405,-1.215487
i,BM,198406,-4.240987
i,BM,198407,-3.277692
i,BM,198408,0.972284
i,BM,198409,5.280394
i,BM,198410,-3.058180
i,BM,198411,4.135364
i,BM,198412,-1.780028
i,BM,198501,-5.941444
i,BM,198502,2.683746
i,BM,198503,3.304746
i,BM,198504,3.712178
i,BM,198505,-1.915765
i,BM,198506,1.441966
i,BM,198507,3.509149
i,BM,198508,2.415222
i,BM,198509,2.570919
i,BM,198510,0.552176
i,BM,198511,-8.397557
i,BM,198512,-3.548874
i,BM,198601,-0.784671
i,BM,198602,-2.035328
i,BM,198603,-4.923472
i,BM,198604,-3.946964
i,BM,198605,-2.988351
i,BM,198606,-6.186907
i,BM,198607,0.203921
i,BM,198608,10.028578
i,BM,198609,10.147963
i,BM,198610,-3.996599
i,BM,198611,0.042390
i,BM,198612,-0.191073
i,BM,198701,0.954148
i,BM,198702,-8.654024
i,BM,198703,10.248967
i,BM,198704,7.448625
i,BM,198705,-0.178332
i,BM,198706,-0.235571
i,BM,198707,4.804702
i,BM,198708,-4.636965
i,BM,198709,2.735820
i,BM,198710,-6.650745
i,BM,198711,9.021856
i,BM,198712,2.985857
i,BM,198801,-1.298588
i,BM,198802,6.062453
i,BM,198803,6.278261
i,BM,198804,4.885371
i,BM,198805,0.535554
i,BM,198806,-0.231405
i,BM,198807,1.007577
i,BM,198808,-1.679082
i,BM,198809,-0.465409
i,BM,198810,5.540440
i,BM,198811,1.801904
i,BM,198812,-3.454339
i,BM,198901,3.336390
i,BM,198902,-1.020190
i,BM,198903,-2.039811
i,BM,198904,-3.914865
i,BM,198905,-3.200088
i,BM,198906,5.072234
i,BM,198907,-6.291737
i,BM,198908,6.712491
i,BM,198909,-5.952012
i,BM,198910,-5.587771
i,BM,198911,-3.132713
i,BM,198912,-1.841634
i,BM,199001,2.227169
i,BM,199002,4.647741
i,BM,199003,-2.333646
i,BM,199004,-5.847254
i,BM,199005,-4.369388
i,BM,199006,-5.095183
i,BM,199007,-2.520621
i,BM,199008,-3.510449
i,BM,199009,-2.547067
i,BM,199010,-1.903468
i,BM,199011,-6.317694
i,BM,199012,-4.721824
i,BM,199101,1.745906
i,BM,199102,-0.051920
i,BM,199103,-4.636323
i,BM,199104,-1.972817
i,BM,199105,7.488273
i,BM,199106,-0.826265
i,BM,199107,-7.306594
i,BM,199108,-5.453999
i,BM,199109,-1.065149
i,BM,199110,-2.202671
i,BM,199111,-7.792761
i,BM,199112,-5.141085
i,BM,199201,14.925312
i,BM,199202,11.376339
i,BM,199203,4.867607
i,BM,199204,8.468707
i,BM,199205,-4.329345
i,BM,199206,4.322713
i,BM,199207,-6.315695
i,BM,199208,-9.058969
i,BM,199209,-1.365316
i,BM,199210,-3.178636
i,BM,199211,4.514626
i,BM,199212,3.337516
i,BM,199301,14.617046
i,BM,199302,4.852158
i,BM,199303,3.707853
i,BM,199304,10.671981
i,BM,199305,-3.411134
i,BM,199306,6.316607
i,BM,199307,6.919829
i,BM,199308,-2.362292
i,BM,199309,0.689930
i,BM,199310,-1.503826
i,BM,199311,-1.143147
i,BM,199312,3.224694
i,BM,199401,5.575724
i,BM,199402,0.787217
i,BM,199403,-1.140703
i,BM,199404,2.411589
i,BM,199405,-0.313524
i,BM,199406,1.510386
i,BM,199407,0.735248
i,BM,199408,0.503062
i,BM,199409,-0.367465
i,BM,199410,-2.588626
i,BM,199411,-4.635426
i,BM,199412,-0.265535
i,BM,199501,-0.903887
i,BM,199502,1.921612
i,BM,199503,0.595920
i,BM,199504,-1.266595
i,BM,199505,-1.462506
i,BM,199506,-0.124443
i,BM,199507,0.278857
i,BM,199508,2.419999
i,BM,199509,-2.389164
i,BM,199510,-4.773688
i,BM,199511,-2.710449
i,BM,199512,1.493501
i,BM,199601,-0.239649
i,BM,199602,-0.254283
i,BM,199603,2.161669
i,BM,199604,-0.022217
i,BM,199605,-0.384319
i,BM,199606,-2.344187
i,BM,199607,-2.945091
i,BM,199608,-1.781153
i,BM,199609,-5.226826
i,BM,199610,-1.339987
i,BM,199611,-0.521927
i,BM,199612,3.859106
i,BM,199701,-3.889985
i,BM,199702,3.638458
i,BM,199703,4.407162
i,BM,199704,-9.951871
i,BM,199705,-1.019545
i,BM,199706,-0.862424
i,BM,199707,-0.251399
i,BM,199708,5.870695
i,BM,199709,3.625951
i,BM,199710,-2.817528
i,BM,199711,-3.326821
i,BM,199712,-0.275724
i,BM,199801,-2.197711
i,BM,199802,0.519153
i,BM,199803,4.334313
i,BM,199804,-0.333590
i,BM,199805,1.515399
i,BM,199806,-5.758935
i,BM,199807,-1.195640
i,BM,199808,-4.465146
i,BM,199809,1.021811
i,BM,199810,-1.435717
i,BM,199811,-3.737349
i,BM,199812,-2.536367
i,BM,199901,-3.695523
i,BM,199902,4.053685
i,BM,199903,-6.221548
i,BM,199904,10.571501
i,BM,199905,4.539282
i,BM,199906,-3.023874
i,BM,199907,1.835850
i,BM,199908,-5.936425
i,BM,199909,2.151884
i,BM,199910,-7.686667
i,BM,199911,-0.532996
i,BM,199912,-0.889909
i,BM,200001,7.847293
i,BM,200002,1.514207
i,BM,200003,-3.852774
i,BM,200004,-2.269574
i,BM,200005,1.477330
i,BM,200006,-9.451035
i,BM,200007,3.749694
i,BM,200008,-2.656179
i,BM,200009,1.628692
i,BM,200010,5.181841
i,BM,200011,5.925595
i,BM,200012,7.439576
i,BM,200101,6.491023
i,BM,200102,12.354471
i,BM,200103,9.682538
i,BM,200104,-9.630377
i,BM,200105,8.256568
i,BM,200106,0.170158
i,BM,200107,0.239216
i,BM,200108,2.277551
i,BM,200109,-10.988889
i,BM,200110,0.232792
i,BM,200111,2.579329
i,BM,200112,5.666945
i,BM,200201,-1.359315
i,BM,200202,-0.961932
i,BM,200203,8.054327
i,BM,200204,11.252808
i,BM,200205,1.551778
i,BM,200206,1.614836
i,BM,200207,-9.449361
i,BM,200208,-1.956086
i,BM,200209,-4.461298
i,BM,200210,-9.076185
i,BM,200211,2.667648
i,BM,200212,3.187186
i,BM,200301,-2.318691
i,BM,200302,-4.640993
i,BM,200303,-5.206185
i,BM,200304,0.543896
i,BM,200305,6.109567
i,BM,200306,7.091905
i,BM,200307,4.930473
i,BM,200308,7.579726
i,BM,200309,0.611209
i,BM,200310,8.321259
i,BM,200311,5.952461
i,BM,200312,1.469489
i,BM,200401,4.815615
i,BM,200402,-1.435623
i,BM,200403,1.029337
i,BM,200404,-8.309918
i,BM,200405,1.608041
i,BM,200406,5.980334
i,BM,200407,4.377041
i,BM,200408,-0.137575
i,BM,200409,3.287153
i,BM,200410,2.011564
i,BM,200411,4.028920
i,BM,200412,0.149440
i,BM,200501,1.598738
i,BM,200502,3.930312
i,BM,200503,2.090910
i,BM,200504,-4.637349
i,BM,200505,0.066397
i,BM,200506,3.358926
i,BM,200507,0.876960
i,BM,200508,-0.154022
i,BM,200509,0.973633
i,BM,200510,-2.895504
i,BM,200511,-1.828931
i,BM,200512,2.410372
i,BM,200601,7.962609
i,BM,200602,-2.352001
i,BM,200603,2.244990
i,BM,200604,3.599328
i,BM,200605,2.734798
i,BM,200606,2.302634
i,BM,200607,0.883029
i,BM,200608,-1.406971
i,BM,200609,1.366683
i,BM,200610,0.660535
i,BM,200611,-1.205172
i,BM,200612,3.304498
i,BM,200701,1.428390
i,BM,200702,-0.599627
i,BM,200703,-0.339048
i,BM,200704,-0.294827
i,BM,200705,-0.347921
i,BM,200706,4.650138
i,BM,200707,-3.945332
i,BM,200708,-3.757847
i,BM,200709,-2.047388
i,BM,200710,-6.302955
i,BM,200711,-1.545943
i,BM,200712,1.571797
i,BM,200801,2.121030
i,BM,200802,0.804726
i,BM,200803,2.967800
i,BM,200804,1.056186
i,BM,200805,2.238757
i,BM,200806,-1.553705
i,BM,200807,0.119680
i,BM,200808,5.387844
i,BM,200809,-0.748798
i,BM,200810,-10.932510
i,BM,200811,-1.685489
i,BM,200812,4.694637
i,BM,200901,-7.188277
i,BM,200902,-8.758359
i,BM,200903,-1.004898
i,BM,200904,15.297339
i,BM,200905,-5.858843
i,BM,200906,-0.206510
i,BM,200907,5.545197
i,BM,200908,8.454719
i,BM,200909,6.072451
i,BM,200910,-8.135794
i,BM,200911,-0.455541
i,BM,200912,6.845876
i,BM,201001,0.064034
i,BM,201002,6.142736
i,BM,201003,6.062008
i,BM,201004,7.825753
i,BM,201005,-0.410119
i,BM,201006,-10.434209
i,BM,201007,1.572621
i,BM,201008,-5.174849
i,BM,201009,-0.625709
i,BM,201010,0.578919
i,BM,201011,1.229031
i,BM,201012,3.718108
i,BM,201101,3.472126
i,BM,201102,4.956360
i,BM,201103,0.498733
i,BM,201104,-1.023606
i,BM,201105,-0.901306
i,BM,201106,-1.473683
i,BM,201107,-5.955864
i,BM,201108,-4.148512
i,BM,201109,-5.574248
i,BM,201110,5.054686
i,BM,201111,-0.555314
i,BM,201112,-0.563668
i,BM,201201,-1.155090
i,BM,201202,1.334105
i,BM,201203,-5.158079
i,BM,201204,-1.410547
i,BM,201205,-0.944949
i,BM,201206,5.863815
i,BM,201207,1.251806
i,BM,201208,3.671570
i,BM,201209,3.070068
i,BM,201210,3.427973
i,BM,201211,-0.336499
i,BM,201212,3.467534
i,BM,201301,1.946628
i,BM,201302,2.523821
i,BM,201303,1.627373
i,BM,201304,-1.742272
i,BM,201305,3.258704
i,BM,201306,-0.266831
i,BM,201307,-0.264185
i,BM,201308,1.660395
i,BM,201309,-1.079892
i,BM,201310,2.876182
i,BM,201311,-0.965794
i,BM,201312,1.784034
i,BM,201401,0.483356
i,BM,201402,-2.053713
i,BM,201403,6.826029
i,BM,201404,2.541114
i,BM,201405,0.409603
i,BM,201406,2.732003
i,BM,201407,-1.005881
i,BM,201408,-2.042813
i,BM,201409,-7.036788
i,BM,201410,-7.168776
i,BM,201411,-7.169207
i,BM,201412,0.681292
i,BM,201501,-2.594382
i,BM,201502,-0.313377
i,BM,201503,-2.467426
i,BM,201504,4.005861
i,BM,201505,-5.063406
i,BM,201506,-3.952939
i,BM,201507,-21.104451
i,BM,201508,3.553705
i,BM,201509,-7.401405
i,BM,201510,4.952998
i,BM,201511,-1.818579
i,BM,201512,-11.786362
i,BM,201601,0.750147
i,BM,201602,1.488699
i,BM,201603,10.171572
i,BM,201604,11.941962
i,BM,201605,-4.969595
i,BM,201606,4.792014
i,BM,201607,-2.209593
i,BM,201608,-0.424002
i,BM,201609,3.673493
i,BM,201610,-4.151000
i,BM,201611,17.477761
i,BM,201612,-1.267345
i,BM,201701,-2.133392
i,BM,201702,-8.555051
i,BM,201703,-3.766124
i,BM,201704,-7.353813
i,BM,201705,-9.039194
i,BM,201706,-0.090660
i,BM,201707,-1.945421
i,BM,201708,-4.364894
i,BM,201709,1.224805
i,BM,201710,-3.391835
i,BM,201711,-3.247900
i,BM,201712,2.787764
i,BM,201801,-8.572659
i,BM,201802,-3.891604
i,BM,201803,2.899163
i,BM,201804,3.522606
i,BM,201805,-1.792164
i,BM,201806,0.497240
i,BM,201807,-1.988521
i,BM,201808,-3.514912
i,BM,201809,-1.497672
i,BM,201810,1.832142
i,BM,201811,-3.960414
i,BM,201812,-7.195141
i,BM,201901,2.360717
i,BM,201902,-5.274372
i,BM,201903,-7.365993
i,BM,201904,-4.897291
i,BM,201905,-2.439178
i,BM,201906,0.016576
i,BM,201907,-5.225665
i,BM,201908,-13.076535
i,BM,201909,4.432420
i,BM,201910,-3.491927
i,BM,201911,-3.311836
i,BM,201912,8.068271
i,BM,202001,-17.039725
i,BM,202002,-7.803180
i,BM,202003,-28.284244
i,BM,202004,13.093191
i,BM,202005,-0.109755
i,BM,202006,-3.800180
i,BM,202007,-1.464764
i,BM,202008,-7.448928
i,BM,202009,-4.520285
i,BM,202010,4.952710
i,BM,202011,10.953254
i,BM,202012,-2.497215
i,BM,202101,25.735918
i,BM,202102,1.918538
i,BM,202103,10.593926
i,BM,202104,-6.536509
i,BM,202105,15.053659
i,BM,202106,-1.155000
i,BM,202107,-11.327401
i,BM,202108,-2.463631
i,BM,202109,11.736495
i,BM,202110,-6.328513
i,BM,202111,-6.998127
i,BM,202112,3.144414
i,BM,202201,12.693097
i,BM,202202,9.390854
i,BM,202203,3.977557
i,BM,202204,12.553915
i,BM,202205,11.699923
i,BM,202206,-7.158953
i,BM,202207,-12.632939
i,BM,202208,2.811081
i,BM,202209,-3.723194
i,BM,202210,11.488390
i,BM,202211,-0.024696
i,BM,202212,3.161263
i,BM,202301,-1.350575
i,BM,202302,-5.537701
i,BM,202303,-11.134577
i,BM,202304,-3.570221
i,BM,202305,-13.512931
i,BM,202306,-2.108944
i,BM,202307,3.578428
i,BM,202308,-4.828101
i,BM,202309,0.448930
i,BM,202310,-7.455505
i,BM,202311,-0.926700
i,BM,202312,10.818548
i,BM,202401,-3.287995
i,BM,202402,-1.454979
i,BM,202403,5.015433
i,BM,202404,-4.368176
i,BM,202405,-4.154992
i,BM,202406,-11.485189
i,BM,202407,7.185125
i,BM,202408,-1.335872
i,BM,202409,0.032997
i,BM,202410,1.998184
i,BM,202411,-0.261350
i,BM,202412,-4.578136
i,BM,202501,1.264422
i,GP,196307,1.508829
i,GP,196308,-1.411279
i,GP,196309,-0.425849
i,GP,196310,-1.554517
i,GP,196311,-3.680568
i,GP,196312,-1.207613
i,GP,196401,-2.732773
i,GP,196402,-1.661464
i,GP,196403,-5.032138
i,GP,196404,1.490710
i,GP,196405,0.803008
i,GP,196406,0.467789
i,GP,196407,0.808259
i,GP,196408,-1.234735
i,GP,196409,-4.186874
i,GP,196410,1.183191
i,GP,196411,1.772697
i,GP,196412,4.314127
i,GP,196501,2.043149
i,GP,196502,-0.148312
i,GP,196503,-0.473301
i,GP,196504,-3.700096
i,GP,196505,0.694484
i,GP,196506,0.658244
i,GP,196507,-2.956201
i,GP,196508,0.238191
i,GP,196509,-1.072755
i,GP,196510,-2.144569
i,GP,196511,-1.642028
i,GP,196512,-3.876668
i,GP,196601,-5.001764
i,GP,196602,0.966958
i,GP,196603,3.378763
i,GP,196604,0.397643
i,GP,196605,3.732530
i,GP,196606,-0.899644
i,GP,196607,0.454755
i,GP,196608,3.593226
i,GP,196609,-0.074147
i,GP,196610,-0.480997
i,GP,196611,3.685714
i,GP,196612,-2.797629
i,GP,196701,-2.968793
i,GP,196702,4.543595
i,GP,196703,0.664704
i,GP,196704,3.364190
i,GP,196705,-0.052787
i,GP,196706,2.434779
i,GP,196707,-0.736196
i,GP,196708,-0.076811
i,GP,196709,1.615933
i,GP,196710,3.046826
i,GP,196711,1.352051
i,GP,196712,-0.990749
i,GP,196801,-2.920929
i,GP,196802,2.073906
i,GP,196803,2.876708
i,GP,196804,0.610404
i,GP,196805,0.754018
i,GP,196806,-2.321022
i,GP,196807,0.139313
i,GP,196808,0.525530
i,GP,196809,-3.639315
i,GP,196810,-1.412487
i,GP,196811,1.517499
i,GP,196812,-0.832375
i,GP,196901,-1.862225
i,GP,196902,3.698409
i,GP,196903,0.720285
i,GP,196904,2.484828
i,GP,196905,3.662377
i,GP,196906,4.670510
i,GP,196907,4.276332
i,GP,196908,3.655838
i,GP,196909,3.081872
i,GP,196910,1.255266
i,GP,196911,3.883452
i,GP,196912,5.854947
i,GP,197001,-0.332023
i,GP,197002,-8.150010
i,GP,197003,-1.531806
i,GP,197004,2.537488
i,GP,197005,0.021218
i,GP,197006,1.410555
i,GP,197007,-4.933954
i,GP,197008,-0.849206
i,GP,197009,2.602009
i,GP,197010,5.298310
i,GP,197011,-0.233894
i,GP,197012,-2.282074
i,GP,197101,-2.932115
i,GP,197102,1.062875
i,GP,197103,0.028119
i,GP,197104,-2.524141
i,GP,197105,-0.610193
i,GP,197106,2.081629
i,GP,197107,3.981717
i,GP,197108,-1.195992
i,GP,197109,5.284433
i,GP,197110,6.120977
i,GP,197111,2.734393
i,GP,197112,-3.129649
i,GP,197201,-4.263161
i,GP,197202,1.204156
i,GP,197203,3.644754
i,GP,197204,1.264609
i,GP,197205,4.044036
i,GP,197206,5.680482
i,GP,197207,5.192123
i,GP,197208,-4.689945
i,GP,197209,3.272116
i,GP,197210,1.168026
i,GP,197211,-5.567055
i,GP,197212,3.801436
i,GP,197301,3.732662
i,GP,197302,1.020354
i,GP,197303,-0.673642
i,GP,197304,-0.544227
i,GP,197305,4.996051
i,GP,197306,1.029918
i,GP,197307,-2.821751
i,GP,197308,-3.727930
i,GP,197309,-10.617470
i,GP,197310,-5.858382
i,GP,197311,-1.721128
i,GP,197312,-11.483064
i,GP,197401,-1.665066
i,GP,197402,-4.031664
i,GP,197403,4.415139
i,GP,197404,2.106459
i,GP,197405,9.862841
i,GP,197406,-2.730123
i,GP,197407,-11.155722
i,GP,197408,-2.475412
i,GP,197409,-8.252052
i,GP,197410,7.265888
i,GP,197411,-2.371501
i,GP,197412,-1.458993
i,GP,197501,-6.061695
i,GP,197502,4.746445
i,GP,197503,-0.727187
i,GP,197504,-5.262055
i,GP,197505,0.746094
i,GP,197506,-4.208077
i,GP,197507,-4.380297
i,GP,197508,1.203188
i,GP,197509,1.223356
i,GP,197510,8.446087
i,GP,197511,1.779548
i,GP,197512,-3.854538
i,GP,197601,-4.652738
i,GP,197602,-5.181744
i,GP,197603,-1.597057
i,GP,197604,-4.115345
i,GP,197605,-0.517671
i,GP,197606,-0.180824
i,GP,197607,1.004378
i,GP,197608,1.628172
i,GP,197609,-0.666678
i,GP,197610,0.173356
i,GP,197611,-2.975345
i,GP,197612,-3.054881
i,GP,197701,-3.391498
i,GP,197702,0.978928
i,GP,197703,-1.358156
i,GP,197704,-6.676533
i,GP,197705,0.071983
i,GP,197706,3.837838
i,GP,197707,2.929266
i,GP,197708,7.212799
i,GP,197709,1.091637
i,GP,197710,0.306542
i,GP,197711,0.250679
i,GP,197712,-0.176676
i,GP,197801,-1.020700
i,GP,197802,-0.748388
i,GP,197803,0.261328
i,GP,197804,2.750405
i,GP,197805,3.442623
i,GP,197806,2.179728
i,GP,197807,-1.243817
i,GP,197808,0.610398
i,GP,197809,-3.911008
i,GP,197810,3.356181
i,GP,197811,-1.347329
i,GP,197812,0.357596
i,GP,197901,-5.152819
i,GP,197902,-2.768016
i,GP,197903,-4.711739
i,GP,197904,-0.241793
i,GP,197905,-0.921169
i,GP,197906,-3.916075
i,GP,197907,-5.395071
i,GP,197908,-0.978752
i,GP,197909,-3.928594
i,GP,197910,-0.381105
i,GP,197911,-2.922488
i,GP,197912,-5.288654
i,GP,198001,-11.759663
i,GP,198002,-12.381330
i,GP,198003,10.170463
i,GP,198004,-4.298444
i,GP,198005,0.572694
i,GP,198006,-1.547842
i,GP,198007,6.723435
i,GP,198008,-2.190294
i,GP,198009,2.271182
i,GP,198010,-0.284246
i,GP,198011,-0.739307
i,GP,198012,4.419980
i,GP,198101,-3.094424
i,GP,198102,2.210623
i,GP,198103,2.180678
i,GP,198104,2.760906
i,GP,198105,-0.429131
i,GP,198106,-1.148059
i,GP,198107,-3.227995
i,GP,198108,-0.282905
i,GP,198109,1.242522
i,GP,198110,5.699414
i,GP,198111,-1.292229
i,GP,198112,-0.021176
i,GP,198201,2.118888
i,GP,198202,1.896142
i,GP,198203,-0.767728
i,GP,198204,4.152875
i,GP,198205,-1.319325
i,GP,198206,3.139823
i,GP,198207,2.519017
i,GP,198208,-1.269476
i,GP,198209,3.334221
i,GP,198210,-1.035339
i,GP,198211,2.090907
i,GP,198212,-0.750817
i,GP,198301,-9.185075
i,GP,198302,3.628355
i,GP,198303,3.219070
i,GP,198304,-2.302394
i,GP,198305,-0.124143
i,GP,198306,1.998925
i,GP,198307,-0.917107
i,GP,198308,0.507342
i,GP,198309,6.047858
i,GP,198310,1.498388
i,GP,198311,-6.206971
i,GP,198312,3.373895
i,GP,198401,-3.709217
i,GP,198402,2.457393
i,GP,198403,-1.154946
i,GP,198404,4.118404
i,GP,198405,3.871720
i,GP,198406,2.395362
i,GP,198407,7.463089
i,GP,198408,-2.803885
i,GP,198409,1.982413
i,GP,198410,4.485771
i,GP,198411,0.074260
i,GP,198412,0.932320
i,GP,198501,-2.637434
i,GP,198502,1.036386
i,GP,198503,0.763526
i,GP,198504,1.852051
i,GP,198505,-0.364653
i,GP,198506,0.131747
i,GP,198507,-2.347946
i,GP,198508,0.712753
i,GP,198509,5.076910
i,GP,198510,3.727399
i,GP,198511,2.258441
i,GP,198512,2.090421
i,GP,198601,-0.609890
i,GP,198602,-0.744429
i,GP,198603,2.710638
i,GP,198604,3.872843
i,GP,198605,4.636682
i,GP,198606,5.332229
i,GP,198607,5.447261
i,GP,198608,-2.732133
i,GP,198609,-4.233276
i,GP,198610,4.178128
i,GP,198611,2.496861
i,GP,198612,2.684043
i,GP,198701,1.434008
i,GP,198702,-1.551225
i,GP,198703,-1.053725
i,GP,198704,-2.107558
i,GP,198705,-1.343889
i,GP,198706,4.979382
i,GP,198707,-5.927784
i,GP,198708,2.776656
i,GP,198709,-1.320569
i,GP,198710,10.097481
i,GP,198711,-4.778102
i,GP,198712,3.137854
i,GP,198801,1.580333
i,GP,198802,-3.265061
i,GP,198803,-1.912635
i,GP,198804,-1.504188
i,GP,198805,0.869591
i,GP,198806,-0.179785
i,GP,198807,-0.309181
i,GP,198808,2.614842
i,GP,198809,0.999760
i,GP,198810,-0.449354
i,GP,198811,0.093070
i,GP,198812,-0.447559
i,GP,198901,-2.575180
i,GP,198902,-2.040697
i,GP,198903,-1.337296
i,GP,198904,-0.854408
i,GP,198905,1.635731
i,GP,198906,-0.429429
i,GP,198907,4.837418
i,GP,198908,-4.079087
i,GP,198909,4.524181
i,GP,198910,6.293979
i,GP,198911,1.203439
i,GP,198912,1.319130
i,GP,199001,-0.465215
i,GP,199002,-4.167453
i,GP,199003,3.864522
i,GP,199004,7.012813
i,GP,199005,4.316578
i,GP,199006,5.873099
i,GP,199007,3.402819
i,GP,199008,4.047395
i,GP,199009,4.441758
i,GP,199010,6.807209
i,GP,199011,3.189236
i,GP,199012,3.090271
i,GP,199101,-2.418792
i,GP,199102,-2.960192
i,GP,199103,3.792989
i,GP,199104,-1.608276
i,GP,199105,-1.652422
i,GP,199106,2.846668
i,GP,199107,3.598254
i,GP,199108,3.725356
i,GP,199109,-0.768941
i,GP,199110,0.201359
i,GP,199111,7.579637
i,GP,199112,3.423139
i,GP,199201,-8.407468
i,GP,199202,-3.032127
i,GP,199203,-1.487586
i,GP,199204,-1.730232
i,GP,199205,1.483296
i,GP,199206,-1.347446
i,GP,199207,2.728978
i,GP,199208,3.559729
i,GP,199209,-3.994484
i,GP,199210,4.105665
i,GP,199211,-3.667912
i,GP,199212,-3.717583
i,GP,199301,-5.719936
i,GP,199302,-2.761590
i,GP,199303,-4.030889
i,GP,199304,-3.948574
i,GP,199305,-0.065455
i,GP,199306,-4.182833
i,GP,199307,-6.641910
i,GP,199308,1.078619
i,GP,199309,0.070320
i,GP,199310,-0.416664
i,GP,199311,0.522649
i,GP,199312,-2.567048
i,GP,199401,-5.525960
i,GP,199402,4.186388
i,GP,199403,2.925077
i,GP,199404,2.809242
i,GP,199405,0.247066
i,GP,199406,0.928930
i,GP,199407,-2.545921
i,GP,199408,6.793153
i,GP,199409,2.656886
i,GP,199410,4.832138
i,GP,199411,4.697699
i,GP,199412,-3.299472
i,GP,199501,2.321440
i,GP,199502,-2.731883
i,GP,199503,1.472106
i,GP,199504,0.778707
i,GP,199505,0.726870
i,GP,199506,3.225243
i,GP,199507,-1.481895
i,GP,199508,-1.367270
i,GP,199509,0.757913
i,GP,199510,6.426042
i,GP,199511,-2.213791
i,GP,199512,-4.149123
i,GP,199601,-0.881200
i,GP,199602,2.860638
i,GP,199603,-3.196373
i,GP,199604,0.851031
i,GP,199605,2.089974
i,GP,199606,2.887391
i,GP,199607,2.432709
i,GP,199608,0.688923
i,GP,199609,2.528771
i,GP,199610,-1.748180
i,GP,199611,1.200853
i,GP,199612,0.287673
i,GP,199701,5.434789
i,GP,199702,-0.106854
i,GP,199703,-2.618949
i,GP,199704,5.973422
i,GP,199705,-1.507823
i,GP,199706,-0.199469
i,GP,199707,-0.924216
i,GP,199708,-1.871641
i,GP,199709,-4.939494
i,GP,199710,2.243948
i,GP,199711,2.143377
i,GP,199712,-2.654504
i,GP,199801,1.551195
i,GP,199802,2.388187
i,GP,199803,-2.458219
i,GP,199804,-1.995690
i,GP,199805,0.895228
i,GP,199806,4.984434
i,GP,199807,1.681970
i,GP,199808,1.911556
i,GP,199809,4.498376
i,GP,199810,-3.434430
i,GP,199811,5.448634
i,GP,199812,2.581535
i,GP,199901,4.584284
i,GP,199902,-1.399562
i,GP,199903,0.488704
i,GP,199904,-7.754042
i,GP,199905,1.057264
i,GP,199906,2.065600
i,GP,199907,0.128123
i,GP,199908,1.168316
i,GP,199909,-5.064418
i,GP,199910,-2.215240
i,GP,199911,7.574078
i,GP,199912,-10.352498
i,GP,200001,2.252347
i,GP,200002,1.880270
i,GP,200003,-0.384224
i,GP,200004,5.715845
i,GP,200005,2.916559
i,GP,200006,0.135895
i,GP,200007,0.732948
i,GP,200008,-3.352682
i,GP,200009,6.220978
i,GP,200010,4.017959
i,GP,200011,13.177535
i,GP,200012,0.732584
i,GP,200101,-5.318484
i,GP,200102,2.366495
i,GP,200103,1.385269
i,GP,200104,-5.990704
i,GP,200105,1.259479
i,GP,200106,1.273235
i,GP,200107,12.480017
i,GP,200108,5.825607
i,GP,200109,10.170455
i,GP,200110,-0.522592
i,GP,200111,-3.056091
i,GP,200112,-1.242782
i,GP,200201,7.623265
i,GP,200202,1.233434
i,GP,200203,-0.816156
i,GP,200204,7.645063
i,GP,200205,0.082150
i,GP,200206,5.158843
i,GP,200207,-2.378941
i,GP,200208,1.063293
i,GP,200209,2.811005
i,GP,200210,3.754757
i,GP,200211,-6.429211
i,GP,200212,6.654386
i,GP,200301,1.956501
i,GP,200302,-1.453821
i,GP,200303,0.763573
i,GP,200304,-9.034624
i,GP,200305,-1.869207
i,GP,200306,2.217827
i,GP,200307,1.356787
i,GP,200308,0.114137
i,GP,200309,-0.594575
i,GP,200310,2.866036
i,GP,200311,0.818573
i,GP,200312,-6.357408
i,GP,200401,-0.436268
i,GP,200402,2.479242
i,GP,200403,1.169341
i,GP,200404,2.642054
i,GP,200405,0.199913
i,GP,200406,-0.113951
i,GP,200407,-3.797845
i,GP,200408,-0.345291
i,GP,200409,-1.263408
i,GP,200410,0.964429
i,GP,200411,-0.997920
i,GP,200412,1.164238
i,GP,200501,1.370162
i,GP,200502,1.008482
i,GP,200503,-0.527581
i,GP,200504,-1.188161
i,GP,200505,3.625099
i,GP,200506,3.946183
i,GP,200507,-0.596632
i,GP,200508,-2.119117
i,GP,200509,-3.099755
i,GP,200510,1.769534
i,GP,200511,-0.988373
i,GP,200512,-1.184439
i,GP,200601,-2.107340
i,GP,200602,0.691364
i,GP,200603,-1.226837
i,GP,200604,-1.459850
i,GP,200605,-1.034290
i,GP,200606,1.522659
i,GP,200607,2.475286
i,GP,200608,1.192450
i,GP,200609,1.906719
i,GP,200610,-0.049847
i,GP,200611,-2.494129
i,GP,200612,-1.043256
i,GP,200701,1.717030
i,GP,200702,-0.338818
i,GP,200703,-0.275287
i,GP,200704,-1.521471
i,GP,200705,-1.521973
i,GP,200706,-2.219077
i,GP,200707,-2.150230
i,GP,200708,0.125089
i,GP,200709,-2.671173
i,GP,200710,-2.565152
i,GP,200711,3.080697
i,GP,200712,-3.991404
i,GP,200801,1.710439
i,GP,200802,-0.754145
i,GP,200803,-3.456705
i,GP,200804,-0.535305
i,GP,200805,0.192449
i,GP,200806,-0.768253
i,GP,200807,3.259863
i,GP,200808,7.319161
i,GP,200809,7.620860
i,GP,200810,8.227464
i,GP,200811,6.777880
i,GP,200812,3.827573
i,GP,200901,7.458860
i,GP,200902,9.306382
i,GP,200903,0.743160
i,GP,200904,-8.099680
i,GP,200905,-6.450627
i,GP,200906,5.204063
i,GP,200907,-6.319395
i,GP,200908,-1.577499
i,GP,200909,-2.593774
i,GP,200910,9.722879
i,GP,200911,-0.813241
i,GP,200912,-5.740349
i,GP,201001,1.605663
i,GP,201002,-1.190098
i,GP,201003,-0.262774
i,GP,201004,-2.040427
i,GP,201005,0.344141
i,GP,201006,1.033548
i,GP,201007,-1.669412
i,GP,201008,1.110715
i,GP,201009,0.876306
i,GP,201010,-2.586909
i,GP,201011,-0.323053
i,GP,201012,-4.607781
i,GP,201101,-3.749846
i,GP,201102,-1.671534
i,GP,201103,1.186103
i,GP,201104,3.835226
i,GP,201105,4.943713
i,GP,201106,3.217180
i,GP,201107,1.786730
i,GP,201108,7.588810
i,GP,201109,5.974937
i,GP,201110,-4.549056
i,GP,201111,2.863729
i,GP,201112,-3.239240
i,GP,201201,-2.888233
i,GP,201202,-0.980392
i,GP,201203,2.111874
i,GP,201204,0.396397
i,GP,201205,3.487767
i,GP,201206,-6.020309
i,GP,201207,-0.490512
i,GP,201208,0.648245
i,GP,201209,-5.865779
i,GP,201210,-0.148777
i,GP,201211,1.796847
i,GP,201212,-1.400600
i,GP,201301,-1.405404
i,GP,201302,-2.519370
i,GP,201303,1.844913
i,GP,201304,3.562991
i,GP,201305,-1.521567
i,GP,201306,0.399633
i,GP,201307,-0.727560
i,GP,201308,-0.219042
i,GP,201309,0.945942
i,GP,201310,-1.089066
i,GP,201311,0.388458
i,GP,201312,-3.798077
i,GP,201401,-3.906711
i,GP,201402,2.330566
i,GP,201403,0.907037
i,GP,201404,-1.289024
i,GP,201405,-0.576411
i,GP,201406,-2.770103
i,GP,201407,1.527805
i,GP,201408,-0.188826
i,GP,201409,4.629251
i,GP,201410,4.427473
i,GP,201411,4.830331
i,GP,201412,4.158556
i,GP,201501,0.842753
i,GP,201502,-2.364527
i,GP,201503,2.158892
i,GP,201504,-5.697071
i,GP,201505,-1.977941
i,GP,201506,3.134132
i,GP,201507,5.648678
i,GP,201508,1.601762
i,GP,201509,4.825609
i,GP,201510,-5.291094
i,GP,201511,-1.465791
i,GP,201512,0.786426
i,GP,201601,7.396147
i,GP,201602,0.726618
i,GP,201603,-3.628990
i,GP,201604,-4.789382
i,GP,201605,-0.397756
i,GP,201606,-0.101797
i,GP,201607,3.760711
i,GP,201608,-2.966461
i,GP,201609,-5.503570
i,GP,201610,1.632618
i,GP,201611,-4.556883
i,GP,201612,-0.657457
i,GP,201701,0.447298
i,GP,201702,3.827780
i,GP,201703,1.028097
i,GP,201704,3.621668
i,GP,201705,3.524378
i,GP,201706,-0.348274
i,GP,201707,-3.427661
i,GP,201708,-0.200623
i,GP,201709,-4.857390
i,GP,201710,6.786123
i,GP,201711,4.770261
i,GP,201712,-2.899998
i,GP,201801,5.869445
i,GP,201802,4.009032
i,GP,201803,-2.080630
i,GP,201804,-1.820903
i,GP,201805,0.580688
i,GP,201806,3.391081
i,GP,201807,0.702399
i,GP,201808,6.542352
i,GP,201809,3.392631
i,GP,201810,4.010380
i,GP,201811,1.639997
i,GP,201812,4.744016
i,GP,201901,-4.912508
i,GP,201902,2.686874
i,GP,201903,-0.151497
i,GP,201904,1.992133
i,GP,201905,1.481354
i,GP,201906,-1.194940
i,GP,201907,1.534681
i,GP,201908,4.153473
i,GP,201909,-0.470210
i,GP,201910,-3.038153
i,GP,201911,-3.737347
i,GP,201912,-1.572663
i,GP,202001,3.604250
i,GP,202002,2.073502
i,GP,202003,14.125018
i,GP,202004,4.368971
i,GP,202005,-1.762365
i,GP,202006,4.476499
i,GP,202007,4.432411
i,GP,202008,4.011933
i,GP,202009,1.332538
i,GP,202010,-0.356881
i,GP,202011,-12.200813
i,GP,202012,-1.134862
i,GP,202101,-4.038090
i,GP,202102,-4.935233
i,GP,202103,4.952388
i,GP,202104,3.190593
i,GP,202105,-2.148402
i,GP,202106,0.007859
i,GP,202107,6.761749
i,GP,202108,0.410813
i,GP,202109,-6.312571
i,GP,202110,4.689446
i,GP,202111,8.624400
i,GP,202112,1.772026
i,GP,202201,-8.091037
i,GP,202202,-6.063830
i,GP,202203,-2.060963
i,GP,202204,-4.464122
i,GP,202205,-7.880263
i,GP,202206,2.426246
i,GP,202207,-4.377978
i,GP,202208,-5.245877
i,GP,202209,2.259345
i,GP,202210,-3.741845
i,GP,202211,5.192316
i,GP,202212,1.085408
i,GP,202301,-3.314627
i,GP,202302,2.509702
i,GP,202303,8.078965
i,GP,202304,3.896429
i,GP,202305,-1.635201
i,GP,202306,0.007645
i,GP,202307,1.510264
i,GP,202308,4.868529
i,GP,202309,2.610711
i,GP,202310,3.526492
i,GP,202311,-3.493483
i,GP,202312,-3.981100
i,GP,202401,4.749912
i,GP,202402,-1.513757
i,GP,202403,-1.048324
i,GP,202404,-3.633676
i,GP,202405,-0.487241
i,GP,202406,5.563315
i,GP,202407,-3.436548
i,GP,202408,4.558787
i,GP,202409,1.638783
i,GP,202410,-0.082391
i,GP,202411,4.565364
i,GP,202412,3.585041
i,GP,202501,-2.499347
i,MOM,196307,3.426675
i,MOM,196308,6.349010
i,MOM,196309,0.481026
i,MOM,196310,8.318282
i,MOM,196311,1.842531
i,MOM,196312,3.440682
i,MOM,196401,2.733130
i,MOM,196402,3.662894
i,MOM,196403,1.244605
i,MOM,196404,-0.318231
i,MOM,196405,5.550280
i,MOM,196406,-0.366538
i,MOM,196407,-1.264148
i,MOM,196408,-1.738418
i,MOM,196409,3.270135
i,MOM,196410,-2.222790
i,MOM,196411,1.593077
i,MOM,196412,0.195163
i,MOM,196501,-2.744111
i,MOM,196502,0.603356
i,MOM,196503,-2.806791
i,MOM,196504,1.912592
i,MOM,196505,-0.844026
i,MOM,196506,1.093094
i,MOM,196507,6.592781
i,MOM,196508,5.085362
i,MOM,196509,4.396191
i,MOM,196510,4.804128
i,MOM,196511,7.453240
i,MOM,196512,-1.163240
i,MOM,196601,3.766471
i,MOM,196602,3.917347
i,MOM,196603,3.087596
i,MOM,196604,4.571592
i,MOM,196605,-4.987934
i,MOM,196606,0.569594
i,MOM,196607,0.730781
i,MOM,196608,-4.421151
i,MOM,196609,-3.666299
i,MOM,196610,-10.816432
i,MOM,196611,19.699274
i,MOM,196612,1.380761
i,MOM,196701,2.828829
i,MOM,196702,1.403026
i,MOM,196703,3.335006
i,MOM,196704,1.477230
i,MOM,196705,0.705128
i,MOM,196706,2.398176
i,MOM,196707,-3.023458
i,MOM,196708,-1.671959
i,MOM,196709,-0.630378
i,MOM,196710,6.192096
i,MOM,196711,3.854703
i,MOM,196712,3.030959
i,MOM,196801,-3.585403
i,MOM,196802,-6.404997
i,MOM,196803,4.557352
i,MOM,196804,4.451828
i,MOM,196805,7.137605
i,MOM,196806,-0.499264
i,MOM,196807,-2.615267
i,MOM,196808,2.473961
i,MOM,196809,2.358467
i,MOM,196810,-2.596956
i,MOM,196811,1.748753
i,MOM,196812,5.357584
i,MOM,196901,-1.423669
i,MOM,196902,-3.737787
i,MOM,196903,4.207675
i,MOM,196904,-2.672103
i,MOM,196905,1.236271
i,MOM,196906,-6.636185
i,MOM,196907,5.626056
i,MOM,196908,3.345880
i,MOM,196909,-0.925157
i,MOM,196910,-5.109111
i,MOM,196911,5.004915
i,MOM,196912,3.584721
i,MOM,197001,0.684293
i,MOM,197002,3.225183
i,MOM,197003,1.304459
i,MOM,197004,5.178871
i,MOM,197005,3.332307
i,MOM,197006,6.447268
i,MOM,197007,0.860065
i,MOM,197008,-12.618465
i,MOM,197009,-17.056150
i,MOM,197010,12.740062
i,MOM,197011,6.530110
i,MOM,197012,-3.207122
i,MOM,197101,-11.562852
i,MOM,197102,0.076119
i,MOM,197103,-2.477175
i,MOM,197104,-4.363042
i,MOM,197105,4.279001
i,MOM,197106,3.363351
i,MOM,197107,-1.559334
i,MOM,197108,5.926532
i,MOM,197109,2.535109
i,MOM,197110,2.918687
i,MOM,197111,2.811641
i,MOM,197112,0.253265
i,MOM,197201,2.175910
i,MOM,197202,0.820128
i,MOM,197203,4.208818
i,MOM,197204,1.139736
i,MOM,197205,5.085677
i,MOM,197206,-1.257030
i,MOM,197207,4.301098
i,MOM,197208,-8.245260
i,MOM,197209,4.696961
i,MOM,197210,2.136719
i,MOM,197211,-3.539871
i,MOM,197212,7.499517
i,MOM,197301,-1.226783
i,MOM,197302,-0.110587
i,MOM,197303,2.554747
i,MOM,197304,-3.859249
i,MOM,197305,5.773993
i,MOM,197306,-1.985286
i,MOM,197307,-19.295735
i,MOM,197308,3.870805
i,MOM,197309,-3.448916
i,MOM,197310,8.419447
i,MOM,197311,19.652361
i,MOM,197312,10.817672
i,MOM,197401,-21.884567
i,MOM,197402,0.671034
i,MOM,197403,-0.769201
i,MOM,197404,3.881939
i,MOM,197405,6.459101
i,MOM,197406,5.818702
i,MOM,197407,10.821788
i,MOM,197408,4.720536
i,MOM,197409,0.561740
i,MOM,197410,-0.073415
i,MOM,197411,-1.465700
i,MOM,197412,-0.898872
i,MOM,197501,-8.855389
i,MOM,197502,-3.551314
i,MOM,197503,-2.121617
i,MOM,197504,4.957403
i,MOM,197505,-3.654170
i,MOM,197506,0.677796
i,MOM,197507,4.175170
i,MOM,197508,0.750102
i,MOM,197509,6.399556
i,MOM,197510,-9.649083
i,MOM,197511,-4.272073
i,MOM,197512,3.259384
i,MOM,197601,-1.787986
i,MOM,197602,-0.005415
i,MOM,197603,-0.377087
i,MOM,197604,1.279924
i,MOM,197605,4.095027
i,MOM,197606,3.913365
i,MOM,197607,1.006945
i,MOM,197608,-2.202386
i,MOM,197609,0.040217
i,MOM,197610,0.343863
i,MOM,197611,7.243578
i,MOM,197612,1.967853
i,MOM,197701,3.869528
i,MOM,197702,-0.913073
i,MOM,197703,3.106808
i,MOM,197704,4.759107
i,MOM,197705,1.113241
i,MOM,197706,-3.336806
i,MOM,197707,0.527055
i,MOM,197708,-4.717844
i,MOM,197709,2.792990
i,MOM,197710,1.871203
i,MOM,197711,4.720122
i,MOM,197712,1.031264
i,MOM,197801,-0.583079
i,MOM,197802,7.426232
i,MOM,197803,1.117581
i,MOM,197804,-3.827740
i,MOM,197805,3.186773
i,MOM,197806,0.927262
i,MOM,197807,4.050998
i,MOM,197808,7.088752
i,MOM,197809,-4.949180
i,MOM,197810,-10.743160
i,MOM,197811,9.519802
i,MOM,197812,3.740736
i,MOM,197901,-2.222392
i,MOM,197902,-2.681562
i,MOM,197903,0.916533
i,MOM,197904,4.125586
i,MOM,197905,-2.724403
i,MOM,197906,-4.174116
i,MOM,197907,-1.939092
i,MOM,197908,-1.206082
i,MOM,197909,6.118726
i,MOM,197910,3.184737
i,MOM,197911,7.072909
i,MOM,197912,3.096901
i,MOM,198001,0.219678
i,MOM,198002,9.077986
i,MOM,198003,-3.356126
i,MOM,198004,4.256648
i,MOM,198005,-2.115163
i,MOM,198006,4.141129
i,MOM,198007,-6.308317
i,MOM,198008,0.979912
i,MOM,198009,8.558274
i,MOM,198010,6.221407
i,MOM,198011,24.932675
i,MOM,198012,-3.461428
i,MOM,198101,-10.728167
i,MOM,198102,-2.794340
i,MOM,198103,-7.272264
i,MOM,198104,-6.608304
i,MOM,198105,-5.222184
i,MOM,198106,0.456492
i,MOM,198107,-6.041363
i,MOM,198108,-3.179192
i,MOM,198109,4.422568
i,MOM,198110,6.462006
i,MOM,198111,-6.365860
i,MOM,198112,1.702749
i,MOM,198201,3.705992
i,MOM,198202,0.490543
i,MOM,198203,-0.706088
i,MOM,198204,0.978278
i,MOM,198205,-8.130833
i,MOM,198206,3.633523
i,MOM,198207,7.387070
i,MOM,198208,-2.963522
i,MOM,198209,7.015914
i,MOM,198210,-2.049291
i,MOM,198211,4.807895
i,MOM,198212,-5.766955
i,MOM,198301,-9.523830
i,MOM,198302,8.457081
i,MOM,198303,3.241957
i,MOM,198304,-2.092289
i,MOM,198305,-4.212792
i,MOM,198306,4.084299
i,MOM,198307,-4.670294
i,MOM,198308,-5.981912
i,MOM,198309,-0.429383
i,MOM,198310,-8.818881
i,MOM,198311,6.963096
i,MOM,198312,-3.456088
i,MOM,198401,-9.953390
i,MOM,198402,-2.047664
i,MOM,198403,-0.377279
i,MOM,198404,-1.032324
i,MOM,198405,-2.498903
i,MOM,198406,3.592045
i,MOM,198407,4.315730
i,MOM,198408,-5.966455
i,MOM,198409,5.932304
i,MOM,198410,3.062911
i,MOM,198411,5.719452
i,MOM,198412,0.666760
i,MOM,198501,-10.536261
i,MOM,198502,1.906619
i,MOM,198503,5.718637
i,MOM,198504,3.410065
i,MOM,198505,-1.234840
i,MOM,198506,-0.128588
i,MOM,198507,-2.111757
i,MOM,198508,3.045773
i,MOM,198509,3.705934
i,MOM,198510,4.381651
i,MOM,198511,1.584764
i,MOM,198512,1.591958
i,MOM,198601,4.139463
i,MOM,198602,3.532857
i,MOM,198603,6.414846
i,MOM,198604,-1.782028
i,MOM,198605,6.105912
i,MOM,198606,10.523388
i,MOM,198607,3.614156
i,MOM,198608,-4.346626
i,MOM,198609,-11.589615
i,MOM,198610,6.442382
i,MOM,198611,4.303506
i,MOM,198612,-0.820255
i,MOM,198701,7.608617
i,MOM,198702,2.940239
i,MOM,198703,-8.158527
i,MOM,198704,0.144061
i,MOM,198705,-4.728684
i,MOM,198706,-0.179745
i,MOM,198707,1.525085
i,MOM,198708,3.987040
i,MOM,198709,1.844459
i,MOM,198710,5.910680
i,MOM,198711,0.523699
i,MOM,198712,9.305235
i,MOM,198801,-10.970791
i,MOM,198802,-1.683628
i,MOM,198803,-1.491786
i,MOM,198804,-1.462251
i,MOM,198805,-0.439878
i,MOM,198806,-1.488966
i,MOM,198807,2.017231
i,MOM,198808,0.377217
i,MOM,198809,1.498324
i,MOM,198810,-0.339449
i,MOM,198811,3.191266
i,MOM,198812,-0.334852
i,MOM,198901,-1.420246
i,MOM,198902,-0.167857
i,MOM,198903,1.015068
i,MOM,198904,3.406777
i,MOM,198905,0.383657
i,MOM,198906,1.893302
i,MOM,198907,10.598203
i,MOM,198908,1.252351
i,MOM,198909,2.860232
i,MOM,198910,3.786618
i,MOM,198911,-0.406124
i,MOM,198912,-0.591308
i,MOM,199001,-8.883817
i,MOM,199002,-3.255717
i,MOM,199003,4.430487
i,MOM,199004,4.637239
i,MOM,199005,-0.953631
i,MOM,199006,4.868337
i,MOM,199007,5.411894
i,MOM,199008,5.946440
i,MOM,199009,5.152453
i,MOM,199010,8.124693
i,MOM,199011,1.348276
i,MOM,199012,4.720874
i,MOM,199101,-1.237246
i,MOM,199102,-9.837274
i,MOM,199103,-4.034899
i,MOM,199104,-0.080790
i,MOM,199105,3.083046
i,MOM,199106,-2.106813
i,MOM,199107,7.920764
i,MOM,199108,1.341357
i,MOM,199109,0.764431
i,MOM,199110,4.246152
i,MOM,199111,4.026687
i,MOM,199112,11.172003
i,MOM,199201,-21.138196
i,MOM,199202,-7.053562
i,MOM,199203,1.668083
i,MOM,199204,2.337489
i,MOM,199205,1.032610
i,MOM,199206,0.997550
i,MOM,199207,2.308220
i,MOM,199208,1.048159
i,MOM,199209,-0.588747
i,MOM,199210,7.785252
i,MOM,199211,1.726507
i,MOM,199212,1.653255
i,MOM,199301,-1.014349
i,MOM,199302,-3.315531
i,MOM,199303,1.371741
i,MOM,199304,-5.541767
i,MOM,199305,-0.250665
i,MOM,199306,-0.814566
i,MOM,199307,4.948568
i,MOM,199308,6.860331
i,MOM,199309,8.226771
i,MOM,199310,-9.982710
i,MOM,199311,-9.331778
i,MOM,199312,1.054739
i,MOM,199401,-0.242789
i,MOM,199402,5.581097
i,MOM,199403,-0.109871
i,MOM,199404,-5.668369
i,MOM,199405,-0.128301
i,MOM,199406,-4.371814
i,MOM,199407,0.231610
i,MOM,199408,1.815747
i,MOM,199409,-1.883208
i,MOM,199410,5.067408
i,MOM,199411,-0.929469
i,MOM,199412,4.162387
i,MOM,199501,-6.574660
i,MOM,199502,2.961448
i,MOM,199503,0.559416
i,MOM,199504,-1.688534
i,MOM,199505,1.564662
i,MOM,199506,4.443736
i,MOM,199507,2.075188
i,MOM,199508,0.355125
i,MOM,199509,5.370122
i,MOM,199510,10.099778
i,MOM,199511,-1.511868
i,MOM,199512,-1.393390
i,MOM,199601,1.275546
i,MOM,199602,1.849056
i,MOM,199603,-4.407265
i,MOM,199604,-0.526565
i,MOM,199605,-2.684797
i,MOM,199606,2.369011
i,MOM,199607,0.087203
i,MOM,199608,2.560547
i,MOM,199609,5.782464
i,MOM,199610,2.238069
i,MOM,199611,-8.207411
i,MOM,199612,0.161330
i,MOM,199701,-3.738779
i,MOM,199702,-5.994799
i,MOM,199703,-4.312530
i,MOM,199704,1.895680
i,MOM,199705,3.785775
i,MOM,199706,5.181022
i,MOM,199707,12.204435
i,MOM,199708,-3.787079
i,MOM,199709,-1.452689
i,MOM,199710,-2.237795
i,MOM,199711,5.268361
i,MOM,199712,0.062864
i,MOM,199801,7.078170
i,MOM,199802,0.392012
i,MOM,199803,-3.832701
i,MOM,199804,3.994937
i,MOM,199805,1.854300
i,MOM,199806,6.026576
i,MOM,199807,8.320199
i,MOM,199808,6.097902
i,MOM,199809,-3.632457
i,MOM,199810,-4.871968
i,MOM,199811,-1.257972
i,MOM,199812,10.773838
i,MOM,199901,-4.406911
i,MOM,199902,3.943998
i,MOM,199903,12.425641
i,MOM,199904,-9.022950
i,MOM,199905,-5.883301
i,MOM,199906,-8.214434
i,MOM,199907,1.956328
i,MOM,199908,6.188210
i,MOM,199909,2.323983
i,MOM,199910,10.399402
i,MOM,199911,-5.610023
i,MOM,199912,3.807200
i,MOM,200001,-9.553551
i,MOM,200002,-16.619854
i,MOM,200003,14.924370
i,MOM,200004,5.315534
i,MOM,200005,-3.369552
i,MOM,200006,-5.466176
i,MOM,200007,1.297915
i,MOM,200008,8.805661
i,MOM,200009,-3.098714
i,MOM,200010,-3.580115
i,MOM,200011,-14.412749
i,MOM,200012,-5.277983
i,MOM,200101,-12.305922
i,MOM,200102,-26.632777
i,MOM,200103,-12.282526
i,MOM,200104,12.300293
i,MOM,200105,-11.588488
i,MOM,200106,-7.529551
i,MOM,200107,2.881540
i,MOM,200108,10.474175
i,MOM,200109,13.784435
i,MOM,200110,-13.838417
i,MOM,200111,-14.139422
i,MOM,200112,6.618028
i,MOM,200201,-0.892594
i,MOM,200202,17.615271
i,MOM,200203,-1.610685
i,MOM,200204,12.461874
i,MOM,200205,3.478100
i,MOM,200206,6.616454
i,MOM,200207,-6.890516
i,MOM,200208,3.953234
i,MOM,200209,12.179741
i,MOM,200210,-10.733190
i,MOM,200211,-12.814548
i,MOM,200212,11.453968
i,MOM,200301,-3.748759
i,MOM,200302,-4.838996
i,MOM,200303,-0.280162
i,MOM,200304,-4.967251
i,MOM,200305,-3.085494
i,MOM,200306,2.636540
i,MOM,200307,-5.118375
i,MOM,200308,-2.991034
i,MOM,200309,0.171844
i,MOM,200310,-1.983711
i,MOM,200311,-1.331654
i,MOM,200312,-1.101439
i,MOM,200401,1.855069
i,MOM,200402,1.216722
i,MOM,200403,-1.119854
i,MOM,200404,2.060560
i,MOM,200405,2.346863
i,MOM,200406,-3.779121
i,MOM,200407,-5.340965
i,MOM,200408,-2.130190
i,MOM,200409,10.112159
i,MOM,200410,-0.295807
i,MOM,200411,4.277792
i,MOM,200412,-2.412277
i,MOM,200501,1.669412
i,MOM,200502,0.540460
i,MOM,200503,-1.165754
i,MOM,200504,-3.281473
i,MOM,200505,5.871247
i,MOM,200506,0.602186
i,MOM,200507,0.326563
i,MOM,200508,2.280520
i,MOM,200509,4.729016
i,MOM,200510,0.354325
i,MOM,200511,-0.084798
i,MOM,200512,1.099816
i,MOM,200601,2.961039
i,MOM,200602,-5.610884
i,MOM,200603,0.638736
i,MOM,200604,4.348585
i,MOM,200605,-2.382471
i,MOM,200606,0.810986
i,MOM,200607,-1.274493
i,MOM,200608,-7.008792
i,MOM,200609,-1.470523
i,MOM,200610,4.030228
i,MOM,200611,-0.327301
i,MOM,200612,0.308854
i,MOM,200701,0.513521
i,MOM,200702,2.753374
i,MOM,200703,4.800142
i,MOM,200704,-1.126051
i,MOM,200705,2.736579
i,MOM,200706,-2.329426
i,MOM,200707,2.833890
i,MOM,200708,2.906589
i,MOM,200709,4.267137
i,MOM,200710,3.931415
i,MOM,200711,1.454333
i,MOM,200712,6.585858
i,MOM,200801,-10.606964
i,MOM,200802,-0.746047
i,MOM,200803,1.347056
i,MOM,200804,9.153115
i,MOM,200805,2.894193
i,MOM,200806,-1.229524
i,MOM,200807,-8.346754
i,MOM,200808,-8.073394
i,MOM,200809,-6.065626
i,MOM,200810,7.618137
i,MOM,200811,8.453802
i,MOM,200812,-8.314401
i,MOM,200901,5.316340
i,MOM,200902,3.302137
i,MOM,200903,-4.816184
i,MOM,200904,-14.340221
i,MOM,200905,4.062967
i,MOM,200906,-3.633091
i,MOM,200907,-8.488945
i,MOM,200908,-13.125555
i,MOM,200909,-11.046530
i,MOM,200910,6.763853
i,MOM,200911,-0.515132
i,MOM,200912,-7.308791
i,MOM,201001,2.103475
i,MOM,201002,-3.963641
i,MOM,201003,-2.729101
i,MOM,201004,-2.298771
i,MOM,201005,6.791555
i,MOM,201006,6.150069
i,MOM,201007,2.980550
i,MOM,201008,-3.429735
i,MOM,201009,7.181165
i,MOM,201010,2.720325
i,MOM,201011,3.645310
i,MOM,201012,-1.323972
i,MOM,201101,-2.970236
i,MOM,201102,-0.957529
i,MOM,201103,1.281140
i,MOM,201104,2.426215
i,MOM,201105,-0.943300
i,MOM,201106,-0.069119
i,MOM,201107,2.392071
i,MOM,201108,-0.820753
i,MOM,201109,-8.895901
i,MOM,201110,5.174106
i,MOM,201111,-2.270070
i,MOM,201112,-1.320908
i,MOM,201201,3.371455
i,MOM,201202,6.281229
i,MOM,201203,0.410957
i,MOM,201204,2.065297
i,MOM,201205,-3.337600
i,MOM,201206,-2.328619
i,MOM,201207,6.562218
i,MOM,201208,0.841096
i,MOM,201209,-2.541980
i,MOM,201210,-2.113887
i,MOM,201211,0.644988
i,MOM,201212,-10.554471
i,MOM,201301,-6.506662
i,MOM,201302,2.494221
i,MOM,201303,0.499718
i,MOM,201304,0.973391
i,MOM,201305,-5.670591
i,MOM,201306,-1.487761
i,MOM,201307,-2.991549
i,MOM,201308,-6.615844
i,MOM,201309,4.861123
i,MOM,201310,-1.300126
i,MOM,201311,1.210917
i,MOM,201312,1.413910
i,MOM,201401,4.434002
i,MOM,201402,-0.034192
i,MOM,201403,-4.028678
i,MOM,201404,-2.672385
i,MOM,201405,-0.837470
i,MOM,201406,-1.062606
i,MOM,201407,2.428417
i,MOM,201408,1.817757
i,MOM,201409,2.141616
i,MOM,201410,2.442528
i,MOM,201411,-2.096964
i,MOM,201412,-5.702316
i,MOM,201501,4.595058
i,MOM,201502,0.821679
i,MOM,201503,0.055280
i,MOM,201504,1.852636
i,MOM,201505,4.156782
i,MOM,201506,-0.561046
i,MOM,201507,23.072893
i,MOM,201508,-5.205636
i,MOM,201509,13.036003
i,MOM,201510,-6.064969
i,MOM,201511,5.609806
i,MOM,201512,10.548336
i,MOM,201601,4.217059
i,MOM,201602,-3.063045
i,MOM,201603,-11.197765
i,MOM,201604,-20.341069
i,MOM,201605,4.249330
i,MOM,201606,-4.130450
i,MOM,201607,-3.651554
i,MOM,201608,-3.634033
i,MOM,201609,-4.083989
i,MOM,201610,10.032976
i,MOM,201611,-14.675674
i,MOM,201612,2.954237
i,MOM,201701,3.012906
i,MOM,201702,3.595766
i,MOM,201703,3.953263
i,MOM,201704,4.992285
i,MOM,201705,8.112538
i,MOM,201706,-5.627818
i,MOM,201707,2.944749
i,MOM,201708,7.449591
i,MOM,201709,-5.211493
i,MOM,201710,10.797416
i,MOM,201711,-2.510017
i,MOM,201712,-2.481758
i,MOM,201801,3.631300
i,MOM,201802,2.288588
i,MOM,201803,-2.125036
i,MOM,201804,2.255192
i,MOM,201805,4.519015
i,MOM,201806,-4.449312
i,MOM,201807,-1.065251
i,MOM,201808,9.792595
i,MOM,201809,1.508847
i,MOM,201810,-7.401063
i,MOM,201811,1.175410
i,MOM,201812,3.578216
i,MOM,201901,-4.276677
i,MOM,201902,1.495873
i,MOM,201903,1.534511
i,MOM,201904,5.048502
i,MOM,201905,-1.942609
i,MOM,201906,1.981975
i,MOM,201907,6.152450
i,MOM,201908,14.499497
i,MOM,201909,-8.886792
i,MOM,201910,-1.557842
i,MOM,201911,2.334583
i,MOM,201912,-6.982486
i,MOM,202001,15.305811
i,MOM,202002,3.487289
i,MOM,202003,14.600208
i,MOM,202004,-13.507013
i,MOM,202005,-1.169161
i,MOM,202006,-6.603736
i,MOM,202007,11.800412
i,MOM,202008,8.964028
i,MOM,202009,5.639912
i,MOM,202010,-4.151071
i,MOM,202011,-30.457556
i,MOM,202012,-4.127523
i,MOM,202101,-7.167039
i,MOM,202102,-21.703115
i,MOM,202103,-4.886642
i,MOM,202104,6.641911
i,MOM,202105,-6.551356
i,MOM,202106,4.627994
i,MOM,202107,0.334315
i,MOM,202108,3.060698
i,MOM,202109,3.166993
i,MOM,202110,22.141542
i,MOM,202111,4.603104
i,MOM,202112,-10.893044
i,MOM,202201,-7.579358
i,MOM,202202,1.093999
i,MOM,202203,13.969387
i,MOM,202204,-10.157260
i,MOM,202205,-8.599884
i,MOM,202206,-9.284978
i,MOM,202207,-3.760473
i,MOM,202208,4.960149
i,MOM,202209,-0.320743
i,MOM,202210,15.282803
i,MOM,202211,1.638246
i,MOM,202212,4.069981
i,MOM,202301,-15.370016
i,MOM,202302,0.454648
i,MOM,202303,-1.944781
i,MOM,202304,7.965950
i,MOM,202305,-15.340181
i,MOM,202306,0.234774
i,MOM,202307,-3.150546
i,MOM,202308,6.291918
i,MOM,202309,-0.004760
i,MOM,202310,9.564882
i,MOM,202311,5.219509
i,MOM,202312,-4.403800
i,MOM,202401,12.921209
i,MOM,202402,12.709506
i,MOM,202403,3.429848
i,MOM,202404,2.264410
i,MOM,202405,6.680410
i,MOM,202406,12.781209
i,MOM,202407,-12.674221
i,MOM,202408,6.451730
i,MOM,202409,-0.208405
i,MOM,202410,2.766860
i,MOM,202411,-4.234598
i,MOM,202412,4.366186
i,MOM,202501,-3.665867
ii,BM,196307,-1.082639
ii,BM,196308,-1.396284
ii,BM,196309,2.279773
ii,BM,196310,0.063601
ii,BM,196311,-0.333591
ii,BM,196312,-1.671921
ii,BM,196401,1.031428
ii,BM,196402,1.771318
ii,BM,196403,6.088948
ii,BM,196404,1.028952
ii,BM,196405,0.958054
ii,BM,196406,-0.500573
ii,BM,196407,2.579367
ii,BM,196408,2.311738
ii,BM,196409,-1.018276
ii,BM,196410,3.290761
ii,BM,196411,-2.054898
ii,BM,196412,-2.550625
ii,BM,196501,-1.118491
ii,BM,196502,1.528460
ii,BM,196503,4.187299
ii,BM,196504,1.564972
ii,BM,196505,-0.227328
ii,BM,196506,-2.275941
ii,BM,196507,1.769279
ii,BM,196508,-3.614900
ii,BM,196509,2.322245
ii,BM,196510,3.637599
ii,BM,196511,2.809211
ii,BM,196512,2.850694
ii,BM,196601,3.832028
ii,BM,196602,4.393695
ii,BM,196603,-0.454926
ii,BM,196604,0.369564
ii,BM,196605,-4.768362
ii,BM,196606,0.527260
ii,BM,196607,1.859783
ii,BM,196608,-1.347239
ii,BM,196609,1.400845
ii,BM,196610,0.354554
ii,BM,196611,-7.658062
ii,BM,196612,-1.017891
ii,BM,196701,3.475503
ii,BM,196702,0.226196
ii,BM,196703,0.019141
ii,BM,196704,-3.728404
ii,BM,196705,4.156870
ii,BM,196706,2.699029
ii,BM,196707,4.236256
ii,BM,196708,4.980349
ii,BM,196709,2.159744
ii,BM,196710,-1.092791
ii,BM,196711,-1.550970
ii,BM,196712,4.428662
ii,BM,196801,9.514823
ii,BM,196802,1.594714
ii,BM,196803,-1.751832
ii,BM,196804,0.745997
ii,BM,196805,0.606314
ii,BM,196806,3.040186
ii,BM,196807,5.750792
ii,BM,196808,3.231109
ii,BM,196809,2.297668
ii,BM,196810,3.164172
ii,BM,196811,-3.631788
ii,BM,196812,0.368119
ii,BM,196901,0.959245
ii,BM,196902,1.926829
ii,BM,196903,0.022004
ii,BM,196904,-1.377389
ii,BM,196905,0.476248
ii,BM,196906,1.109485
ii,BM,196907,2.349681
ii,BM,196908,-4.319067
ii,BM,196909,-0.391907
ii,BM,196910,-3.511552
ii,BM,196911,-0.950359
ii,BM,196912,-2.189205
ii,BM,197001,5.554903
ii,BM,197002,0.464539
ii,BM,197003,4.802344
ii,BM,197004,10.016371
ii,BM,197005,-0.760695
ii,BM,197006,3.880557
ii,BM,197007,-0.157567
ii,BM,197008,-0.575808
ii,BM,197009,-4.941215
ii,BM,197010,-0.959896
ii,BM,197011,-0.268206
ii,BM,197012,4.524732
ii,BM,197101,6.808196
ii,BM,197102,-0.173463
ii,BM,197103,-2.239819
ii,BM,197104,0.351862
ii,BM,197105,-2.662099
ii,BM,197106,-2.619576
ii,BM,197107,0.552587
ii,BM,197108,1.327907
ii,BM,197109,-4.036180
ii,BM,197110,-1.568222
ii,BM,197111,-3.854464
ii,BM,197112,-1.119660
ii,BM,197201,8.855968
ii,BM,197202,0.915206
ii,BM,197203,-1.992834
ii,BM,197204,0.061114
ii,BM,197205,-4.613269
ii,BM,197206,-2.283918
ii,BM,197207,0.134660
ii,BM,197208,2.675627
ii,BM,197209,-0.811606
ii,BM,197210,0.522497
ii,BM,197211,3.188804
ii,BM,197212,-3.318139
ii,BM,197301,4.438847
ii,BM,197302,2.416753
ii,BM,197303,5.020144
ii,BM,197304,5.749767
ii,BM,197305,-3.204800
ii,BM,197306,1.524086
ii,BM,197307,-5.034707
ii,BM,197308,-0.522334
ii,BM,197309,-0.531478
ii,BM,197310,5.529720
ii,BM,197311,1.262400
ii,BM,197312,-2.175966
ii,BM,197401,21.448725
ii,BM,197402,3.819495
ii,BM,197403,4.790226
ii,BM,197404,1.362386
ii,BM,197405,-2.836863
ii,BM,197406,2.971705
ii,BM,197407,8.319768
ii,BM,197408,3.587053
ii,BM,197409,7.149680
ii,BM,197410,-16.365388
ii,BM,197411,-2.528351
ii,BM,197412,-5.483389
ii,BM,197501,22.004695
ii,BM,197502,-4.210516
ii,BM,197503,5.524351
ii,BM,197504,-4.997322
ii,BM,197505,-0.275847
ii,BM,197506,3.137727
ii,BM,197507,7.204156
ii,BM,197508,-1.871784
ii,BM,197509,-0.418718
ii,BM,197510,-3.284618
ii,BM,197511,1.329258
ii,BM,197512,2.606721
ii,BM,197601,17.187645
ii,BM,197602,18.240385
ii,BM,197603,-0.129352
ii,BM,197604,-0.572043
ii,BM,197605,-3.182999
ii,BM,197606,0.296206
ii,BM,197607,1.684602
ii,BM,197608,1.610848
ii,BM,197609,0.195896
ii,BM,197610,-0.209675
ii,BM,197611,-0.510644
ii,BM,197612,3.429220
ii,BM,197701,12.238989
ii,BM,197702,2.596388
ii,BM,197703,2.546765
ii,BM,197704,1.850186
ii,BM,197705,2.710527
ii,BM,197706,-0.804659
ii,BM,197707,1.947588
ii,BM,197708,-3.132804
ii,BM,197709,0.897892
ii,BM,197710,2.814132
ii,BM,197711,0.054647
ii,BM,197712,-0.395547
ii,BM,197801,4.657051
ii,BM,197802,2.398350
ii,BM,197803,2.930514
ii,BM,197804,-0.007854
ii,BM,197805,0.740609
ii,BM,197806,3.400507
ii,BM,197807,-1.241386
ii,BM,197808,2.887750
ii,BM,197809,3.252104
ii,BM,197810,0.917636
ii,BM,197811,-4.241422
ii,BM,197812,-4.897239
ii,BM,197901,5.727482
ii,BM,197902,1.691990
ii,BM,197903,-3.242846
ii,BM,197904,1.479568
ii,BM,197905,2.209419
ii,BM,197906,-0.920255
ii,BM,197907,-0.107384
ii,BM,197908,-3.169853
ii,BM,197909,-0.372478
ii,BM,197910,-0.694559
ii,BM,197911,-5.643777
ii,BM,197912,-2.763799
ii,BM,198001,2.324184
ii,BM,198002,-0.309901
ii,BM,198003,1.224013
ii,BM,198004,-3.292626
ii,BM,198005,-0.605322
ii,BM,198006,-0.886042
ii,BM,198007,-3.379697
ii,BM,198008,-4.132016
ii,BM,198009,-2.239557
ii,BM,198010,-2.432763
ii,BM,198011,-12.572495
ii,BM,198012,0.870081
ii,BM,198101,8.762966
ii,BM,198102,4.068866
ii,BM,198103,1.785657
ii,BM,198104,2.347305
ii,BM,198105,0.805173
ii,BM,198106,8.513379
ii,BM,198107,-0.241781
ii,BM,198108,6.440315
ii,BM,198109,5.475590
ii,BM,198110,-7.603381
ii,BM,198111,2.530969
ii,BM,198112,2.165143
ii,BM,198201,4.053770
ii,BM,198202,7.421810
ii,BM,198203,4.507094
ii,BM,198204,-1.458726
ii,BM,198205,3.173713
ii,BM,198206,6.281810
ii,BM,198207,3.272372
ii,BM,198208,-3.328558
ii,BM,198209,4.012772
ii,BM,198210,-4.134525
ii,BM,198211,5.847605
ii,BM,198212,2.044011
ii,BM,198301,-5.924243
ii,BM,198302,8.227546
ii,BM,198303,5.079259
ii,BM,198304,2.136352
ii,BM,198305,-0.052884
ii,BM,198306,3.387002
ii,BM,198307,7.027686
ii,BM,198308,3.597021
ii,BM,198309,3.358786
ii,BM,198310,5.577614
ii,BM,198311,-0.352981
ii,BM,198312,4.151177
ii,BM,198401,8.212079
ii,BM,198402,1.773373
ii,BM,198403,4.296959
ii,BM,198404,2.767436
ii,BM,198405,4.243827
ii,BM,198406,-2.419500
ii,BM,198407,3.614765
ii,BM,198408,-3.545422
ii,BM,198409,4.670348
ii,BM,198410,1.763936
ii,BM,198411,4.463405
ii,BM,198412,-0.066825
ii,BM,198501,-6.502364
ii,BM,198502,0.198093
ii,BM,198503,2.886890
ii,BM,198504,2.761884
ii,BM,198505,-0.168710
ii,BM,198506,1.244539
ii,BM,198507,1.405920
ii,BM,198508,1.232466
ii,BM,198509,2.632453
ii,BM,198510,-1.563510
ii,BM,198511,0.359379
ii,BM,198512,-2.362171
ii,BM,198601,0.863704
ii,BM,198602,-2.162945
ii,BM,198603,1.087400
ii,BM,198604,-0.904234
ii,BM,198605,-0.339392
ii,BM,198606,1.254287
ii,BM,198607,2.803111
ii,BM,198608,2.369858
ii,BM,198609,4.440615
ii,BM,198610,-1.824428
ii,BM,198611,0.583260
ii,BM,198612,2.511997
ii,BM,198701,-0.316013
ii,BM,198702,-3.935923
ii,BM,198703,2.876725
ii,BM,198704,2.925032
ii,BM,198705,4.358830
ii,BM,198706,0.947822
ii,BM,198707,7.219082
ii,BM,198708,0.142206
ii,BM,198709,0.951284
ii,BM,198710,5.148994
ii,BM,198711,3.257114
ii,BM,198712,-2.314296
ii,BM,198801,-1.225513
ii,BM,198802,-0.627211
ii,BM,198803,2.549525
ii,BM,198804,2.677091
ii,BM,198805,4.066479
ii,BM,198806,-1.357459
ii,BM,198807,1.422687
ii,BM,198808,3.033514
ii,BM,198809,-0.971206
ii,BM,198810,1.868170
ii,BM,198811,2.964981
ii,BM,198812,0.370231
ii,BM,198901,1.916046
ii,BM,198902,1.478253
ii,BM,198903,2.586525
ii,BM,198904,0.421542
ii,BM,198905,1.218788
ii,BM,198906,4.610606
ii,BM,198907,-1.887665
ii,BM,198908,-0.047196
ii,BM,198909,-1.404583
ii,BM,198910,-2.093812
ii,BM,198911,-1.464336
ii,BM,198912,0.072229
ii,BM,199001,3.990779
ii,BM,199002,0.189053
ii,BM,199003,-1.705031
ii,BM,199004,-1.447785
ii,BM,199005,-6.079991
ii,BM,199006,-1.046651
ii,BM,199007,1.897917
ii,BM,199008,4.672918
ii,BM,199009,3.743271
ii,BM,199010,-0.716655
ii,BM,199011,-4.597513
ii,BM,199012,-4.176932
ii,BM,199101,5.929853
ii,BM,199102,-4.087511
ii,BM,199103,0.303352
ii,BM,199104,-0.738720
ii,BM,199105,1.346988
ii,BM,199106,0.931390
ii,BM,199107,0.763118
ii,BM,199108,-0.853156
ii,BM,199109,-3.403704
ii,BM,199110,-3.590962
ii,BM,199111,-1.512115
ii,BM,199112,-4.231105
ii,BM,199201,6.497317
ii,BM,199202,7.265308
ii,BM,199203,6.757435
ii,BM,199204,5.872783
ii,BM,199205,1.251228
ii,BM,199206,3.571019
ii,BM,199207,0.228024
ii,BM,199208,2.913408
ii,BM,199209,1.076802
ii,BM,199210,-0.465832
ii,BM,199211,-1.328548
ii,BM,199212,2.489484
ii,BM,199301,7.111834
ii,BM,199302,7.370462
ii,BM,199303,3.953896
ii,BM,199304,4.208673
ii,BM,199305,-0.432789
ii,BM,199306,2.306718
ii,BM,199307,4.277962
ii,BM,199308,-4.170213
ii,BM,199309,0.720091
ii,BM,199310,0.493386
ii,BM,199311,2.253315
ii,BM,199312,2.094818
ii,BM,199401,4.655082
ii,BM,199402,3.951508
ii,BM,199403,5.095867
ii,BM,199404,4.245645
ii,BM,199405,1.790546
ii,BM,199406,4.057478
ii,BM,199407,-0.341089
ii,BM,199408,-0.535838
ii,BM,199409,1.978004
ii,BM,199410,4.274227
ii,BM,199411,1.686033
ii,BM,199412,2.539917
ii,BM,199501,-0.035315
ii,BM,199502,1.027170
ii,BM,199503,-0.608459
ii,BM,199504,4.037652
ii,BM,199505,0.621511
ii,BM,199506,-6.120976
ii,BM,199507,-2.498398
ii,BM,199508,-1.926423
ii,BM,199509,-1.326271
ii,BM,199510,0.991076
ii,BM,199511,-3.225460
ii,BM,199512,-0.093245
ii,BM,199601,2.213625
ii,BM,199602,1.786125
ii,BM,199603,2.151685
ii,BM,199604,1.178104
ii,BM,199605,2.279971
ii,BM,199606,3.560635
ii,BM,199607,5.528337
ii,BM,199608,-2.065143
ii,BM,199609,-2.185634
ii,BM,199610,5.520314
ii,BM,199611,2.300875
ii,BM,199612,0.989424
ii,BM,199701,-2.441891
ii,BM,199702,7.381512
ii,BM,199703,7.696121
ii,BM,199704,1.659731
ii,BM,199705,-6.014747
ii,BM,199706,4.780870
ii,BM,199707,-0.231702
ii,BM,199708,0.033718
ii,BM,199709,2.102905
ii,BM,199710,5.240825
ii,BM,199711,2.604045
ii,BM,199712,2.021167
ii,BM,199801,1.358925
ii,BM,199802,-0.086875
ii,BM,199803,2.917086
ii,BM,199804,1.532706
ii,BM,199805,4.894053
ii,BM,199806,-0.414111
ii,BM,199807,2.675027
ii,BM,199808,7.937688
ii,BM,199809,-10.420452
ii,BM,199810,-4.987605
ii,BM,199811,-6.270118
ii,BM,199812,-4.443353
ii,BM,199901,-1.325842
ii,BM,199902,3.525762
ii,BM,199903,-2.632862
ii,BM,199904,4.519694
ii,BM,199905,3.363529
ii,BM,199906,-0.745997
ii,BM,199907,2.847856
ii,BM,199908,0.164738
ii,BM,199909,-4.050780
ii,BM,199910,-4.987192
ii,BM,199911,-10.221393
ii,BM,199912,-11.114687
ii,BM,200001,6.048083
ii,BM,200002,-6.696316
ii,BM,200003,3.642283
ii,BM,200004,6.528384
ii,BM,200005,1.638465
ii,BM,200006,-7.903921
ii,BM,200007,8.582613
ii,BM,200008,-9.144565
ii,BM,200009,5.754865
ii,BM,200010,1.555522
ii,BM,200011,12.626270
ii,BM,200012,3.028004
ii,BM,200101,-12.539964
ii,BM,200102,17.505564
ii,BM,200103,10.574691
ii,BM,200104,-10.692108
ii,BM,200105,5.665908
ii,BM,200106,-0.500955
ii,BM,200107,6.719048
ii,BM,200108,4.849793
ii,BM,200109,3.092768
ii,BM,200110,-9.797728
ii,BM,200111,-3.563247
ii,BM,200112,2.217817
ii,BM,200201,12.637589
ii,BM,200202,7.619757
ii,BM,200203,4.150812
ii,BM,200204,14.544621
ii,BM,200205,7.595292
ii,BM,200206,7.349122
ii,BM,200207,1.170652
ii,BM,200208,-0.258042
ii,BM,200209,0.595662
ii,BM,200210,-6.845098
ii,BM,200211,-3.117199
ii,BM,200212,4.075859
ii,BM,200301,2.227243
ii,BM,200302,2.328809
ii,BM,200303,-2.256775
ii,BM,200304,-4.063468
ii,BM,200305,-1.551304
ii,BM,200306,5.362719
ii,BM,200307,2.988222
ii,BM,200308,2.300886
ii,BM,200309,3.632719
ii,BM,200310,5.403909
ii,BM,200311,4.830518
ii,BM,200312,6.015245
ii,BM,200401,6.207170
ii,BM,200402,1.085520
ii,BM,200403,3.055466
ii,BM,200404,-1.098970
ii,BM,200405,0.878375
ii,BM,200406,3.228546
ii,BM,200407,7.925075
ii,BM,200408,1.441330
ii,BM,200409,-0.990887
ii,BM,200410,0.357354
ii,BM,200411,4.448761
ii,BM,200412,0.674447
ii,BM,200501,3.184619
ii,BM,200502,2.679032
ii,BM,200503,4.550249
ii,BM,200504,1.200448
ii,BM,200505,-2.137001
ii,BM,200506,2.919123
ii,BM,200507,0.834424
ii,BM,200508,1.376879
ii,BM,200509,-0.556778
ii,BM,200510,0.739630
ii,BM,200511,-2.831678
ii,BM,200512,2.505363
ii,BM,200601,-0.439373
ii,BM,200602,1.066770
ii,BM,200603,2.064286
ii,BM,200604,4.363648
ii,BM,200605,3.838680
ii,BM,200606,0.559819
ii,BM,200607,2.724934
ii,BM,200608,-2.169116
ii,BM,200609,1.912150
ii,BM,200610,-1.031867
ii,BM,200611,0.032384
ii,BM,200612,5.673896
ii,BM,200701,0.862212
ii,BM,200702,1.598576
ii,BM,200703,-1.894293
ii,BM,200704,-2.125095
ii,BM,200705,-0.601716
ii,BM,200706,2.127959
ii,BM,200707,-1.149329
ii,BM,200708,-6.328995
ii,BM,200709,-3.831846
ii,BM,200710,-1.504119
ii,BM,200711,-2.633256
ii,BM,200712,-1.702659
ii,BM,200801,1.986256
ii,BM,200802,-0.041372
ii,BM,200803,0.339599
ii,BM,200804,-1.687847
ii,BM,200805,-1.494866
ii,BM,200806,0.517531
ii,BM,200807,-4.435118
ii,BM,200808,1.642005
ii,BM,200809,-2.542327
ii,BM,200810,-4.299323
ii,BM,200811,-5.111512
ii,BM,200812,-8.017893
ii,BM,200901,2.637753
ii,BM,200902,-5.909028
ii,BM,200903,2.197519
ii,BM,200904,15.981176
ii,BM,200905,8.219899
ii,BM,200906,-1.316899
ii,BM,200907,6.729590
ii,BM,200908,16.635859
ii,BM,200909,4.814169
ii,BM,200910,1.868351
ii,BM,200911,0.825032
ii,BM,200912,3.049596
ii,BM,201001,3.257527
ii,BM,201002,2.734358
ii,BM,201003,2.228505
ii,BM,201004,8.259231
ii,BM,201005,-1.760521
ii,BM,201006,-5.698167
ii,BM,201007,-0.124160
ii,BM,201008,-1.081895
ii,BM,201009,-3.814436
ii,BM,201010,0.572254
ii,BM,201011,1.061640
ii,BM,201012,0.129111
ii,BM,201101,3.335511
ii,BM,201102,4.308274
ii,BM,201103,-1.903038
ii,BM,201104,-2.765029
ii,BM,201105,-2.906298
ii,BM,201106,1.610610
ii,BM,201107,3.974326
ii,BM,201108,-2.171235
ii,BM,201109,-0.372777
ii,BM,201110,-3.118764
ii,BM,201111,-0.475689
ii,BM,201112,2.313786
ii,BM,201201,-0.724379
ii,BM,201202,0.342584
ii,BM,201203,1.598953
ii,BM,201204,1.497813
ii,BM,201205,0.428998
ii,BM,201206,-0.950387
ii,BM,201207,-1.424141
ii,BM,201208,-1.891716
ii,BM,201209,-0.774681
ii,BM,201210,4.650172
ii,BM,201211,0.470957
ii,BM,201212,2.232701
ii,BM,201301,1.041757
ii,BM,201302,2.629651
ii,BM,201303,-2.552766
ii,BM,201304,-3.629208
ii,BM,201305,3.960651
ii,BM,201306,1.371752
ii,BM,201307,-1.337135
ii,BM,201308,1.032902
ii,BM,201309,1.123731
ii,BM,201310,4.351512
ii,BM,201311,-3.337844
ii,BM,201312,0.273831
ii,BM,201401,1.762152
ii,BM,201402,0.172172
ii,BM,201403,5.692338
ii,BM,201404,1.334467
ii,BM,201405,-2.522850
ii,BM,201406,-0.433303
ii,BM,201407,1.702120
ii,BM,201408,-2.623633
ii,BM,201409,-1.574362
ii,BM,201410,-7.790752
ii,BM,201411,-2.688438
ii,BM,201412,-0.924275
ii,BM,201501,-3.353815
ii,BM,201502,-0.591537
ii,BM,201503,-2.372248
ii,BM,201504,5.457701
ii,BM,201505,-3.419530
ii,BM,201506,-3.521237
ii,BM,201507,-13.421618
ii,BM,201508,9.672333
ii,BM,201509,-1.329549
ii,BM,201510,-0.906022
ii,BM,201511,-5.214556
ii,BM,201512,-7.436284
ii,BM,201601,0.671656
ii,BM,201602,1.580041
ii,BM,201603,8.441569
ii,BM,201604,5.631033
ii,BM,201605,-2.531954
ii,BM,201606,7.938540
ii,BM,201607,3.814623
ii,BM,201608,2.916634
ii,BM,201609,-1.241016
ii,BM,201610,0.261665
ii,BM,201611,9.613891
ii,BM,201612,4.027739
ii,BM,201701,-2.005602
ii,BM,201702,-6.378346
ii,BM,201703,-2.363771
ii,BM,201704,-4.504569
ii,BM,201705,-4.302327
ii,BM,201706,-1.537555
ii,BM,201707,-1.120612
ii,BM,201708,-1.112756
ii,BM,201709,1.992618
ii,BM,201710,0.992673
ii,BM,201711,0.837863
ii,BM,201712,1.419913
ii,BM,201801,-0.965633
ii,BM,201802,-2.000291
ii,BM,201803,-0.956436
ii,BM,201804,1.369021
ii,BM,201805,-2.286350
ii,BM,201806,-0.368622
ii,BM,201807,0.110048
ii,BM,201808,-3.745795
ii,BM,201809,-1.136725
ii,BM,201810,1.442175
ii,BM,201811,-3.143362
ii,BM,201812,-5.984258
ii,BM,201901,-2.786840
ii,BM,201902,-4.173717
ii,BM,201903,-6.850255
ii,BM,201904,0.469008
ii,BM,201905,-3.517998
ii,BM,201906,-6.156303
ii,BM,201907,-4.491337
ii,BM,201908,-8.011833
ii,BM,201909,8.755937
ii,BM,201910,-8.860465
ii,BM,201911,-9.191741
ii,BM,201912,5.653147
ii,BM,202001,-6.860009
ii,BM,202002,-2.906119
ii,BM,202003,-14.032396
ii,BM,202004,9.906692
ii,BM,202005,-4.776717
ii,BM,202006,9.310325
ii,BM,202007,4.836219
ii,BM,202008,-2.137463
ii,BM,202009,-2.781824
ii,BM,202010,1.702910
ii,BM,202011,14.312382
ii,BM,202012,-0.308944
ii,BM,202101,28.026965
ii,BM,202102,7.277373
ii,BM,202103,4.949258
ii,BM,202104,-3.459583
ii,BM,202105,9.684460
ii,BM,202106,2.337666
ii,BM,202107,-2.882607
ii,BM,202108,0.865700
ii,BM,202109,8.870223
ii,BM,202110,0.965935
ii,BM,202111,-0.261630
ii,BM,202112,5.076438
ii,BM,202201,13.207987
ii,BM,202202,8.221860
ii,BM,202203,4.269838
ii,BM,202204,10.711928
ii,BM,202205,6.489899
ii,BM,202206,-7.851182
ii,BM,202207,-5.245475
ii,BM,202208,0.013374
ii,BM,202209,-6.953473
ii,BM,202210,4.336153
ii,BM,202211,-3.763708
ii,BM,202212,-0.733270
ii,BM,202301,9.482077
ii,BM,202302,-3.883289
ii,BM,202303,-6.452943
ii,BM,202304,-0.503717
ii,BM,202305,-3.625857
ii,BM,202306,-0.221986
ii,BM,202307,2.491541
ii,BM,202308,-3.049585
ii,BM,202309,0.643268
ii,BM,202310,-0.225941
ii,BM,202311,-2.609469
ii,BM,202312,3.085046
ii,BM,202401,3.678964
ii,BM,202402,2.290970
ii,BM,202403,3.740990
ii,BM,202404,-1.224703
ii,BM,202405,5.215815
ii,BM,202406,-7.834511
ii,BM,202407,2.911061
ii,BM,202408,-3.731568
ii,BM,202409,0.662016
ii,BM,202410,-1.552441
ii,BM,202411,-3.016162
ii,BM,202412,1.821690
ii,BM,202501,-3.012794
ii,GP,196307,0.227152
ii,GP,196308,-0.996957
ii,GP,196309,0.074824
ii,GP,196310,-0.757056
ii,GP,196311,-2.258969
ii,GP,196312,0.791047
ii,GP,196401,0.532611
ii,GP,196402,-0.490992
ii,GP,196403,-5.101188
ii,GP,196404,-0.466022
ii,GP,196405,0.607997
ii,GP,196406,0.311372
ii,GP,196407,-0.833135
ii,GP,196408,-1.384372
ii,GP,196409,-1.956092
ii,GP,196410,0.833578
ii,GP,196411,1.358602
ii,GP,196412,1.920239
ii,GP,196501,2.479270
ii,GP,196502,-0.567003
ii,GP,196503,-0.032012
ii,GP,196504,-0.101515
ii,GP,196505,-1.854336
ii,GP,196506,0.590043
ii,GP,196507,-2.979038
ii,GP,196508,-0.257038
ii,GP,196509,-2.811061
ii,GP,196510,-0.714338
ii,GP,196511,-4.531918
ii,GP,196512,0.298835
ii,GP,196601,-4.978817
ii,GP,196602,-1.585141
ii,GP,196603,2.449081
ii,GP,196604,-3.974211
ii,GP,196605,2.082926
ii,GP,196606,-1.552598
ii,GP,196607,1.508889
ii,GP,196608,2.377310
ii,GP,196609,1.590804
ii,GP,196610,0.731343
ii,GP,196611,0.560637
ii,GP,196612,-0.892903
ii,GP,196701,-3.967561
ii,GP,196702,0.258642
ii,GP,196703,-2.102328
ii,GP,196704,1.011100
ii,GP,196705,-0.365444
ii,GP,196706,0.051007
ii,GP,196707,-0.918106
ii,GP,196708,-0.404693
ii,GP,196709,1.938631
ii,GP,196710,0.260760
ii,GP,196711,0.659997
ii,GP,196712,-3.728658
ii,GP,196801,-0.067537
ii,GP,196802,1.534936
ii,GP,196803,1.230874
ii,GP,196804,-1.291034
ii,GP,196805,1.211540
ii,GP,196806,-1.284769
ii,GP,196807,-1.767714
ii,GP,196808,-0.183489
ii,GP,196809,-1.287806
ii,GP,196810,2.431038
ii,GP,196811,-0.033604
ii,GP,196812,-3.724743
ii,GP,196901,-2.508959
ii,GP,196902,3.258219
ii,GP,196903,-0.665911
ii,GP,196904,2.298384
ii,GP,196905,-1.048527
ii,GP,196906,4.615000
ii,GP,196907,2.941557
ii,GP,196908,2.719412
ii,GP,196909,1.636502
ii,GP,196910,3.143528
ii,GP,196911,4.100353
ii,GP,196912,4.901201
ii,GP,197001,-0.109211
ii,GP,197002,-2.083217
ii,GP,197003,-2.725235
ii,GP,197004,3.833246
ii,GP,197005,-0.874680
ii,GP,197006,2.658358
ii,GP,197007,1.771617
ii,GP,197008,-2.559947
ii,GP,197009,-2.699271
ii,GP,197010,3.986381
ii,GP,197011,2.216284
ii,GP,197012,3.985154
ii,GP,197101,-4.404955
ii,GP,197102,1.777012
ii,GP,197103,2.955195
ii,GP,197104,-3.418644
ii,GP,197105,1.963260
ii,GP,197106,3.927199
ii,GP,197107,2.078604
ii,GP,197108,0.029913
ii,GP,197109,3.812480
ii,GP,197110,3.611990
ii,GP,197111,1.233500
ii,GP,197112,0.081363
ii,GP,197201,-6.569476
ii,GP,197202,-0.469178
ii,GP,197203,2.507105
ii,GP,197204,-0.326803
ii,GP,197205,-0.123816
ii,GP,197206,0.080953
ii,GP,197207,-1.818154
ii,GP,197208,-2.340217
ii,GP,197209,0.055219
ii,GP,197210,0.280737
ii,GP,197211,0.837268
ii,GP,197212,-0.178150
ii,GP,197301,-5.032217
ii,GP,197302,-2.394485
ii,GP,197303,-2.982262
ii,GP,197304,-3.742152
ii,GP,197305,1.143428
ii,GP,197306,-1.126830
ii,GP,197307,0.208486
ii,GP,197308,-2.013530
ii,GP,197309,-2.762768
ii,GP,197310,-5.775208
ii,GP,197311,-4.292744
ii,GP,197312,-4.878063
ii,GP,197401,-3.134156
ii,GP,197402,-0.389467
ii,GP,197403,2.670508
ii,GP,197404,1.239637
ii,GP,197405,3.304109
ii,GP,197406,-3.455404
ii,GP,197407,-1.687650
ii,GP,197408,-1.921287
ii,GP,197409,0.004930
ii,GP,197410,-4.647675
ii,GP,197411,-0.668730
ii,GP,197412,0.684030
ii,GP,197501,-1.207007
ii,GP,197502,-1.475810
ii,GP,197503,3.509621
ii,GP,197504,0.311580
ii,GP,197505,-1.253534
ii,GP,197506,-2.887617
ii,GP,197507,1.074500
ii,GP,197508,1.864595
ii,GP,197509,0.962478
ii,GP,197510,4.238477
ii,GP,197511,5.196949
ii,GP,197512,-2.149740
ii,GP,197601,-6.166876
ii,GP,197602,-2.327276
ii,GP,197603,-0.002634
ii,GP,197604,-1.678195
ii,GP,197605,-1.145920
ii,GP,197606,-2.906327
ii,GP,197607,0.271768
ii,GP,197608,2.171949
ii,GP,197609,-0.340978
ii,GP,197610,0.641143
ii,GP,197611,0.665282
ii,GP,197612,-0.901644
ii,GP,197701,-3.063117
ii,GP,197702,-1.128278
ii,GP,197703,-0.796311
ii,GP,197704,-1.499334
ii,GP,197705,1.146194
ii,GP,197706,-0.098316
ii,GP,197707,1.162737
ii,GP,197708,3.605908
ii,GP,197709,1.129060
ii,GP,197710,1.256691
ii,GP,197711,0.930974
ii,GP,197712,0.748082
ii,GP,197801,-2.411775
ii,GP,197802,1.274305
ii,GP,197803,-1.432520
ii,GP,197804,0.005921
ii,GP,197805,0.237364
ii,GP,197806,-0.619581
ii,GP,197807,-0.327190
ii,GP,197808,4.192199
ii,GP,197809,-2.829188
ii,GP,197810,0.467290
ii,GP,197811,1.853417
ii,GP,197812,0.825738
ii,GP,197901,-3.483212
ii,GP,197902,-1.016815
ii,GP,197903,-4.322769
ii,GP,197904,-0.844680
ii,GP,197905,-1.609755
ii,GP,197906,-6.419718
ii,GP,197907,0.237066
ii,GP,197908,1.607499
ii,GP,197909,-3.410819
ii,GP,197910,-0.476372
ii,GP,197911,-2.127620
ii,GP,197912,-3.526190
ii,GP,198001,-10.193974
ii,GP,198002,-2.160461
ii,GP,198003,5.770067
ii,GP,198004,-0.712524
ii,GP,198005,1.166824
ii,GP,198006,-1.427553
ii,GP,198007,3.485534
ii,GP,198008,1.528219
ii,GP,198009,-2.082319
ii,GP,198010,-1.960116
ii,GP,198011,-4.478091
ii,GP,198012,5.073615
ii,GP,198101,0.346236
ii,GP,198102,0.992894
ii,GP,198103,3.005794
ii,GP,198104,4.582514
ii,GP,198105,0.920523
ii,GP,198106,3.279337
ii,GP,198107,-1.853953
ii,GP,198108,1.703038
ii,GP,198109,6.006638
ii,GP,198110,0.060308
ii,GP,198111,3.555561
ii,GP,198112,3.837703
ii,GP,198201,1.571188
ii,GP,198202,2.673162
ii,GP,198203,3.951185
ii,GP,198204,2.680193
ii,GP,198205,1.189236
ii,GP,198206,3.942284
ii,GP,198207,5.691373
ii,GP,198208,-0.541683
ii,GP,198209,5.854260
ii,GP,198210,2.390915
ii,GP,198211,8.744598
ii,GP,198212,1.856367
ii,GP,198301,-12.743533
ii,GP,198302,8.159379
ii,GP,198303,1.670172
ii,GP,198304,0.383571
ii,GP,198305,-6.905420
ii,GP,198306,3.373314
ii,GP,198307,-0.557307
ii,GP,198308,1.011162
ii,GP,198309,2.293954
ii,GP,198310,0.406435
ii,GP,198311,4.828974
ii,GP,198312,2.462761
ii,GP,198401,-5.554678
ii,GP,198402,-1.793603
ii,GP,198403,0.675979
ii,GP,198404,1.400467
ii,GP,198405,2.427449
ii,GP,198406,5.696180
ii,GP,198407,5.329133
ii,GP,198408,2.774083
ii,GP,198409,1.282647
ii,GP,198410,4.364579
ii,GP,198411,4.338154
ii,GP,198412,3.348318
ii,GP,198501,-0.886805
ii,GP,198502,0.774177
ii,GP,198503,2.361272
ii,GP,198504,2.503560
ii,GP,198505,3.712241
ii,GP,198506,4.751916
ii,GP,198507,-1.048752
ii,GP,198508,0.253549
ii,GP,198509,3.708879
ii,GP,198510,5.159212
ii,GP,198511,2.220619
ii,GP,198512,3.803603
ii,GP,198601,-3.379075
ii,GP,198602,2.018915
ii,GP,198603,3.606226
ii,GP,198604,0.956902
ii,GP,198605,2.703660
ii,GP,198606,3.630417
ii,GP,198607,0.565996
ii,GP,198608,-1.232775
ii,GP,198609,-0.498948
ii,GP,198610,2.473416
ii,GP,198611,4.696975
ii,GP,198612,2.392765
ii,GP,198701,-2.285901
ii,GP,198702,-1.621966
ii,GP,198703,-4.804274
ii,GP,198704,-2.589926
ii,GP,198705,-2.495585
ii,GP,198706,2.677438
ii,GP,198707,-1.799036
ii,GP,198708,3.527925
ii,GP,198709,2.622637
ii,GP,198710,2.763501
ii,GP,198711,1.194315
ii,GP,198712,6.124992
ii,GP,198801,-4.522447
ii,GP,198802,2.452836
ii,GP,198803,0.458624
ii,GP,198804,0.184159
ii,GP,198805,1.627061
ii,GP,198806,3.038069
ii,GP,198807,0.465862
ii,GP,198808,1.533654
ii,GP,198809,1.980481
ii,GP,198810,3.066683
ii,GP,198811,1.119985
ii,GP,198812,2.263910
ii,GP,198901,-2.425537
ii,GP,198902,0.669657
ii,GP,198903,1.418890
ii,GP,198904,2.594751
ii,GP,198905,2.403837
ii,GP,198906,-0.012166
ii,GP,198907,2.938846
ii,GP,198908,0.058603
ii,GP,198909,0.707818
ii,GP,198910,0.289448
ii,GP,198911,-1.147839
ii,GP,198912,1.573708
ii,GP,199001,-4.886307
ii,GP,199002,-1.327157
ii,GP,199003,2.681765
ii,GP,199004,-0.753985
ii,GP,199005,3.616631
ii,GP,199006,-0.523597
ii,GP,199007,-3.891854
ii,GP,199008,-3.926838
ii,GP,199009,-0.496403
ii,GP,199010,0.694564
ii,GP,199011,3.489933
ii,GP,199012,5.944173
ii,GP,199101,0.299707
ii,GP,199102,-2.950001
ii,GP,199103,1.408115
ii,GP,199104,-0.179753
ii,GP,199105,0.977223
ii,GP,199106,1.137877
ii,GP,199107,-1.081280
ii,GP,199108,3.203766
ii,GP,199109,-1.730228
ii,GP,199110,-0.431013
ii,GP,199111,-0.813590
ii,GP,199112,2.623149
ii,GP,199201,-6.060797
ii,GP,199202,2.174820
ii,GP,199203,0.762481
ii,GP,199204,0.957375
ii,GP,199205,-1.613589
ii,GP,199206,0.260816
ii,GP,199207,-0.535066
ii,GP,199208,3.040341
ii,GP,199209,-1.096339
ii,GP,199210,2.830280
ii,GP,199211,5.533692
ii,GP,199212,3.255937
ii,GP,199301,-3.865123
ii,GP,199302,-1.557374
ii,GP,199303,-0.299971
ii,GP,199304,-3.361330
ii,GP,199305,-3.585667
ii,GP,199306,-1.537009
ii,GP,199307,-0.943777
ii,GP,199308,-2.591194
ii,GP,199309,-1.279732
ii,GP,199310,-1.352361
ii,GP,199311,4.629592
ii,GP,199312,2.427009
ii,GP,199401,-2.923458
ii,GP,199402,4.142245
ii,GP,199403,1.280762
ii,GP,199404,4.119748
ii,GP,199405,-2.924055
ii,GP,199406,2.392063
ii,GP,199407,-0.008785
ii,GP,199408,3.751842
ii,GP,199409,1.970327
ii,GP,199410,3.584130
ii,GP,199411,4.343648
ii,GP,199412,3.558062
ii,GP,199501,-1.538812
ii,GP,199502,1.651623
ii,GP,199503,1.000921
ii,GP,199504,1.875393
ii,GP,199505,-1.461167
ii,GP,199506,-1.846404
ii,GP,199507,0.604163
ii,GP,199508,-2.985819
ii,GP,199509,-0.676697
ii,GP,199510,2.642022
ii,GP,199511,1.205447
ii,GP,199512,-3.021489
ii,GP,199601,-5.618801
ii,GP,199602,0.494943
ii,GP,199603,2.533064
ii,GP,199604,2.804323
ii,GP,199605,-0.513097
ii,GP,199606,0.324101
ii,GP,199607,4.504864
ii,GP,199608,0.211311
ii,GP,199609,0.353986
ii,GP,199610,2.430438
ii,GP,199611,2.722545
ii,GP,199612,1.252353
ii,GP,199701,-4.842974
ii,GP,199702,1.100810
ii,GP,199703,1.382469
ii,GP,199704,4.326893
ii,GP,199705,1.420195
ii,GP,199706,1.465911
ii,GP,199707,1.986866
ii,GP,199708,0.397811
ii,GP,199709,-3.176396
ii,GP,199710,-0.447642
ii,GP,199711,5.928447
ii,GP,199712,4.509257
ii,GP,199801,-1.775340
ii,GP,199802,1.733506
ii,GP,199803,1.667972
ii,GP,199804,2.299205
ii,GP,199805,1.125553
ii,GP,199806,4.721423
ii,GP,199807,1.885014
ii,GP,199808,5.824790
ii,GP,199809,-3.383109
ii,GP,199810,2.360563
ii,GP,199811,0.029155
ii,GP,199812,7.374119
ii,GP,199901,-6.317219
ii,GP,199902,1.876136
ii,GP,199903,-1.527155
ii,GP,199904,-1.882682
ii,GP,199905,2.605667
ii,GP,199906,2.082563
ii,GP,199907,-0.558502
ii,GP,199908,0.866136
ii,GP,199909,0.315200
ii,GP,199910,1.237412
ii,GP,199911,-0.689765
ii,GP,199912,-5.723144
ii,GP,200001,-13.429815
ii,GP,200002,-21.837223
ii,GP,200003,9.089856
ii,GP,200004,5.457988
ii,GP,200005,0.275783
ii,GP,200006,-8.196328
ii,GP,200007,3.668466
ii,GP,200008,-1.024865
ii,GP,200009,4.534767
ii,GP,200010,7.697486
ii,GP,200011,11.265292
ii,GP,200012,3.194863
ii,GP,200101,-8.674949
ii,GP,200102,8.607871
ii,GP,200103,5.559674
ii,GP,200104,0.905599
ii,GP,200105,-1.629440
ii,GP,200106,5.173110
ii,GP,200107,7.555496
ii,GP,200108,5.033058
ii,GP,200109,3.725521
ii,GP,200110,-4.392877
ii,GP,200111,1.662790
ii,GP,200112,-0.535892
ii,GP,200201,9.548428
ii,GP,200202,7.411100
ii,GP,200203,0.963748
ii,GP,200204,11.066376
ii,GP,200205,5.970473
ii,GP,200206,7.497783
ii,GP,200207,-0.882129
ii,GP,200208,3.615200
ii,GP,200209,3.461030
ii,GP,200210,0.896598
ii,GP,200211,-6.230856
ii,GP,200212,5.060058
ii,GP,200301,-2.272052
ii,GP,200302,1.832322
ii,GP,200303,1.562396
ii,GP,200304,-4.427805
ii,GP,200305,-17.240526
ii,GP,200306,-0.388829
ii,GP,200307,5.052119
ii,GP,200308,-0.646767
ii,GP,200309,-4.804674
ii,GP,200310,4.180931
ii,GP,200311,1.890265
ii,GP,200312,-5.559113
ii,GP,200401,-5.959737
ii,GP,200402,1.735106
ii,GP,200403,1.835190
ii,GP,200404,0.746226
ii,GP,200405,2.824973
ii,GP,200406,2.617995
ii,GP,200407,2.455681
ii,GP,200408,-2.222787
ii,GP,200409,-0.105586
ii,GP,200410,1.003149
ii,GP,200411,-0.116019
ii,GP,200412,-1.221452
ii,GP,200501,3.340515
ii,GP,200502,0.674909
ii,GP,200503,7.428862
ii,GP,200504,0.469080
ii,GP,200505,1.599864
ii,GP,200506,1.454882
ii,GP,200507,-3.201549
ii,GP,200508,-0.446962
ii,GP,200509,-1.589402
ii,GP,200510,3.571911
ii,GP,200511,2.354876
ii,GP,200512,1.323732
ii,GP,200601,-6.742356
ii,GP,200602,-0.193619
ii,GP,200603,0.454280
ii,GP,200604,3.128578
ii,GP,200605,2.959975
ii,GP,200606,1.677167
ii,GP,200607,3.759260
ii,GP,200608,-2.403540
ii,GP,200609,7.384350
ii,GP,200610,-2.020883
ii,GP,200611,-0.731463
ii,GP,200612,2.053217
ii,GP,200701,0.715433
ii,GP,200702,-0.765714
ii,GP,200703,1.607069
ii,GP,200704,-1.551216
ii,GP,200705,1.000121
ii,GP,200706,1.708167
ii,GP,200707,0.501864
ii,GP,200708,-0.829159
ii,GP,200709,-2.418153
ii,GP,200710,-1.811523
ii,GP,200711,3.173229
ii,GP,200712,1.165692
ii,GP,200801,0.141277
ii,GP,200802,-3.123869
ii,GP,200803,2.827263
ii,GP,200804,-0.419630
ii,GP,200805,-2.173531
ii,GP,200806,-0.749517
ii,GP,200807,0.088100
ii,GP,200808,6.377137
ii,GP,200809,6.965298
ii,GP,200810,4.403647
ii,GP,200811,1.843244
ii,GP,200812,1.484578
ii,GP,200901,-8.780895
ii,GP,200902,5.961436
ii,GP,200903,-6.256557
ii,GP,200904,3.046564
ii,GP,200905,-17.263043
ii,GP,200906,-0.465309
ii,GP,200907,-0.655183
ii,GP,200908,-2.554103
ii,GP,200909,-5.559096
ii,GP,200910,9.259283
ii,GP,200911,0.777825
ii,GP,200912,-0.524382
ii,GP,201001,-1.247251
ii,GP,201002,2.098738
ii,GP,201003,2.416560
ii,GP,201004,-3.746138
ii,GP,201005,5.747603
ii,GP,201006,3.498959
ii,GP,201007,-2.903702
ii,GP,201008,2.381780
ii,GP,201009,1.697124
ii,GP,201010,0.052859
ii,GP,201011,1.169801
ii,GP,201012,-4.467716
ii,GP,201101,-0.785459
ii,GP,201102,2.830413
ii,GP,201103,1.809100
ii,GP,201104,2.163040
ii,GP,201105,2.993231
ii,GP,201106,4.784025
ii,GP,201107,1.506939
ii,GP,201108,5.075710
ii,GP,201109,6.328350
ii,GP,201110,-3.625707
ii,GP,201111,1.786717
ii,GP,201112,5.018642
ii,GP,201201,-7.836519
ii,GP,201202,-0.599791
ii,GP,201203,2.869357
ii,GP,201204,2.947744
ii,GP,201205,2.634768
ii,GP,201206,-2.737496
ii,GP,201207,-1.196721
ii,GP,201208,0.031356
ii,GP,201209,-1.337152
ii,GP,201210,2.813087
ii,GP,201211,0.332065
ii,GP,201212,2.804079
ii,GP,201301,-2.087050
ii,GP,201302,0.387269
ii,GP,201303,1.440339
ii,GP,201304,2.088488
ii,GP,201305,-1.093119
ii,GP,201306,3.424381
ii,GP,201307,-2.025494
ii,GP,201308,0.805648
ii,GP,201309,-2.214368
ii,GP,201310,5.381770
ii,GP,201311,-1.183929
ii,GP,201312,-2.985469
ii,GP,201401,-10.300474
ii,GP,201402,-3.874760
ii,GP,201403,1.192719
ii,GP,201404,3.950315
ii,GP,201405,0.543972
ii,GP,201406,-5.496299
ii,GP,201407,3.832050
ii,GP,201408,0.001513
ii,GP,201409,5.846251
ii,GP,201410,5.093421
ii,GP,201411,3.215441
ii,GP,201412,4.317453
ii,GP,201501,-1.566478
ii,GP,201502,-7.779044
ii,GP,201503,3.051628
ii,GP,201504,-0.582668
ii,GP,201505,-2.948145
ii,GP,201506,2.949095
ii,GP,201507,4.027455
ii,GP,201508,1.238212
ii,GP,201509,7.917751
ii,GP,201510,0.346804
ii,GP,201511,-6.162195
ii,GP,201512,6.182169
ii,GP,201601,12.831079
ii,GP,201602,4.447735
ii,GP,201603,-4.035316
ii,GP,201604,-7.448516
ii,GP,201605,-1.467519
ii,GP,201606,4.207957
ii,GP,201607,1.298779
ii,GP,201608,-1.285147
ii,GP,201609,-6.829236
ii,GP,201610,10.621172
ii,GP,201611,-2.226972
ii,GP,201612,4.200078
ii,GP,201701,-7.784335
ii,GP,201702,-1.659873
ii,GP,201703,-1.486033
ii,GP,201704,6.225471
ii,GP,201705,6.584230
ii,GP,201706,-5.831662
ii,GP,201707,0.458971
ii,GP,201708,2.015228
ii,GP,201709,-6.122094
ii,GP,201710,2.178588
ii,GP,201711,2.491088
ii,GP,201712,0.768991
ii,GP,201801,-3.721561
ii,GP,201802,3.616192
ii,GP,201803,3.273748
ii,GP,201804,0.356923
ii,GP,201805,0.574072
ii,GP,201806,5.477959
ii,GP,201807,3.784440
ii,GP,201808,5.050537
ii,GP,201809,0.759473
ii,GP,201810,5.714561
ii,GP,201811,3.485538
ii,GP,201812,9.031582
ii,GP,201901,-9.026238
ii,GP,201902,1.404724
ii,GP,201903,-5.110351
ii,GP,201904,2.653756
ii,GP,201905,-0.805379
ii,GP,201906,0.956832
ii,GP,201907,4.865784
ii,GP,201908,2.711651
ii,GP,201909,6.321341
ii,GP,201910,0.823908
ii,GP,201911,-2.479617
ii,GP,201912,-10.073059
ii,GP,202001,-7.023259
ii,GP,202002,-5.218216
ii,GP,202003,-0.238133
ii,GP,202004,-0.718597
ii,GP,202005,-3.391926
ii,GP,202006,-1.137459
ii,GP,202007,1.543996
ii,GP,202008,3.919616
ii,GP,202009,-0.611760
ii,GP,202010,5.407666
ii,GP,202011,-4.722963
ii,GP,202012,-3.112824
ii,GP,202101,-7.846323
ii,GP,202102,-0.314167
ii,GP,202103,3.983533
ii,GP,202104,11.630384
ii,GP,202105,2.051764
ii,GP,202106,0.081671
ii,GP,202107,10.309886
ii,GP,202108,-4.805746
ii,GP,202109,-4.404290
ii,GP,202110,6.770480
ii,GP,202111,6.817444
ii,GP,202112,7.238443
ii,GP,202201,3.217002
ii,GP,202202,0.733705
ii,GP,202203,-6.466984
ii,GP,202204,10.295708
ii,GP,202205,2.396897
ii,GP,202206,-5.108924
ii,GP,202207,1.236598
ii,GP,202208,-5.996334
ii,GP,202209,3.235100
ii,GP,202210,6.066624
ii,GP,202211,6.767126
ii,GP,202212,0.156114
ii,GP,202301,-9.045766
ii,GP,202302,5.854502
ii,GP,202303,5.400003
ii,GP,202304,-1.767685
ii,GP,202305,-3.920635
ii,GP,202306,7.480796
ii,GP,202307,5.032845
ii,GP,202308,5.286561
ii,GP,202309,3.399582
ii,GP,202310,5.077239
ii,GP,202311,4.626786
ii,GP,202312,-5.287683
ii,GP,202401,-1.280718
ii,GP,202402,-6.210237
ii,GP,202403,0.271726
ii,GP,202404,2.230806
ii,GP,202405,3.099561
ii,GP,202406,4.799543
ii,GP,202407,-1.247110
ii,GP,202408,2.955599
ii,GP,202409,3.311398
ii,GP,202410,-2.593891
ii,GP,202411,7.333841
ii,GP,202412,6.320501
ii,GP,202501,2.766868
ii,MOM,196307,2.110589
ii,MOM,196308,7.092482
ii,MOM,196309,-0.707344
ii,MOM,196310,4.706609
ii,MOM,196311,3.213185
ii,MOM,196312,5.229175
ii,MOM,196401,-3.000694
ii,MOM,196402,2.911970
ii,MOM,196403,0.350442
ii,MOM,196404,-1.996471
ii,MOM,196405,3.855225
ii,MOM,196406,1.539466
ii,MOM,196407,-0.693890
ii,MOM,196408,-1.067571
ii,MOM,196409,-0.369999
ii,MOM,196410,-0.320131
ii,MOM,196411,2.400196
ii,MOM,196412,2.074182
ii,MOM,196501,-4.248305
ii,MOM,196502,-0.512397
ii,MOM,196503,-2.197745
ii,MOM,196504,0.147372
ii,MOM,196505,-1.395292
ii,MOM,196506,-0.940355
ii,MOM,196507,4.530725
ii,MOM,196508,2.187760
ii,MOM,196509,3.097750
ii,MOM,196510,0.223690
ii,MOM,196511,1.194438
ii,MOM,196512,-0.938964
ii,MOM,196601,-1.999332
ii,MOM,196602,1.953545
ii,MOM,196603,0.078945
ii,MOM,196604,3.790440
ii,MOM,196605,0.836159
ii,MOM,196606,0.768861
ii,MOM,196607,-0.355708
ii,MOM,196608,-1.619293
ii,MOM,196609,-1.462434
ii,MOM,196610,-5.902106
ii,MOM,196611,8.612105
ii,MOM,196612,5.879496
ii,MOM,196701,-2.145898
ii,MOM,196702,0.492124
ii,MOM,196703,1.859663
ii,MOM,196704,0.609712
ii,MOM,196705,-0.428258
ii,MOM,196706,2.696732
ii,MOM,196707,-3.701025
ii,MOM,196708,-3.162592
ii,MOM,196709,0.424362
ii,MOM,196710,2.048871
ii,MOM,196711,2.182043
ii,MOM,196712,1.812819
ii,MOM,196801,-8.806349
ii,MOM,196802,-3.127397
ii,MOM,196803,1.461705
ii,MOM,196804,0.183554
ii,MOM,196805,-1.634278
ii,MOM,196806,-1.251629
ii,MOM,196807,2.982954
ii,MOM,196808,4.305177
ii,MOM,196809,1.873735
ii,MOM,196810,-1.468314
ii,MOM,196811,-0.547359
ii,MOM,196812,4.694757
ii,MOM,196901,0.452748
ii,MOM,196902,-0.168769
ii,MOM,196903,2.674618
ii,MOM,196904,-0.260238
ii,MOM,196905,1.691054
ii,MOM,196906,-3.305111
ii,MOM,196907,2.945461
ii,MOM,196908,2.718056
ii,MOM,196909,1.090683
ii,MOM,196910,-6.173615
ii,MOM,196911,4.462707
ii,MOM,196912,4.323888
ii,MOM,197001,-4.692943
ii,MOM,197002,1.846662
ii,MOM,197003,-0.494985
ii,MOM,197004,-0.279844
ii,MOM,197005,-0.774770
ii,MOM,197006,2.827674
ii,MOM,197007,1.336763
ii,MOM,197008,-7.406145
ii,MOM,197009,-15.271091
ii,MOM,197010,11.024367
ii,MOM,197011,8.714755
ii,MOM,197012,-1.747940
ii,MOM,197101,-16.507143
ii,MOM,197102,-5.035355
ii,MOM,197103,0.649172
ii,MOM,197104,0.284404
ii,MOM,197105,5.936938
ii,MOM,197106,3.281176
ii,MOM,197107,-1.264554
ii,MOM,197108,6.367160
ii,MOM,197109,4.518995
ii,MOM,197110,-0.102804
ii,MOM,197111,3.687720
ii,MOM,197112,0.820357
ii,MOM,197201,-10.250870
ii,MOM,197202,-2.672926
ii,MOM,197203,3.880359
ii,MOM,197204,0.166728
ii,MOM,197205,1.244365
ii,MOM,197206,-0.284509
ii,MOM,197207,1.900768
ii,MOM,197208,-1.918321
ii,MOM,197209,1.971941
ii,MOM,197210,1.446934
ii,MOM,197211,-0.910415
ii,MOM,197212,5.027457
ii,MOM,197301,-5.038253
ii,MOM,197302,-4.098079
ii,MOM,197303,1.122913
ii,MOM,197304,-3.415688
ii,MOM,197305,3.331526
ii,MOM,197306,-4.579382
ii,MOM,197307,-10.204083
ii,MOM,197308,8.071951
ii,MOM,197309,0.389450
ii,MOM,197310,6.789212
ii,MOM,197311,12.967581
ii,MOM,197312,15.763815
ii,MOM,197401,-23.340062
ii,MOM,197402,3.913081
ii,MOM,197403,-2.720720
ii,MOM,197404,2.796263
ii,MOM,197405,2.687379
ii,MOM,197406,3.182346
ii,MOM,197407,3.308483
ii,MOM,197408,3.522958
ii,MOM,197409,0.602517
ii,MOM,197410,11.325506
ii,MOM,197411,3.773146
ii,MOM,197412,5.238431
ii,MOM,197501,-21.711167
ii,MOM,197502,-1.010753
ii,MOM,197503,-8.527460
ii,MOM,197504,2.473963
ii,MOM,197505,-0.608219
ii,MOM,197506,-1.598942
ii,MOM,197507,-2.613994
ii,MOM,197508,0.655333
ii,MOM,197509,1.444933
ii,MOM,197510,1.703577
ii,MOM,197511,1.208290
ii,MOM,197512,-0.841752
ii,MOM,197601,-5.670385
ii,MOM,197602,-8.139793
ii,MOM,197603,-0.729988
ii,MOM,197604,-2.227312
ii,MOM,197605,1.671190
ii,MOM,197606,2.128055
ii,MOM,197607,-0.615172
ii,MOM,197608,1.489957
ii,MOM,197609,1.221205
ii,MOM,197610,0.222623
ii,MOM,197611,1.556757
ii,MOM,197612,-1.038636
ii,MOM,197701,-3.965721
ii,MOM,197702,-1.056366
ii,MOM,197703,-1.939854
ii,MOM,197704,0.099797
ii,MOM,197705,0.396711
ii,MOM,197706,-0.627588
ii,MOM,197707,-1.301899
ii,MOM,197708,1.167774
ii,MOM,197709,0.283603
ii,MOM,197710,0.453467
ii,MOM,197711,1.670641
ii,MOM,197712,2.081608
ii,MOM,197801,-3.124953
ii,MOM,197802,1.394936
ii,MOM,197803,-1.028254
ii,MOM,197804,0.005133
ii,MOM,197805,-1.664877
ii,MOM,197806,-1.287928
ii,MOM,197807,3.449719
ii,MOM,197808,6.249442
ii,MOM,197809,-1.508352
ii,MOM,197810,-6.958274
ii,MOM,197811,7.487387
ii,MOM,197812,3.176417
ii,MOM,197901,-0.794642
ii,MOM,197902,-1.628090
ii,MOM,197903,-1.306557
ii,MOM,197904,-0.282288
ii,MOM,197905,-1.076280
ii,MOM,197906,-5.091437
ii,MOM,197907,0.126646
ii,MOM,197908,1.136148
ii,MOM,197909,3.710640
ii,MOM,197910,2.070063
ii,MOM,197911,7.728103
ii,MOM,197912,2.309299
ii,MOM,198001,-1.578900
ii,MOM,198002,2.106588
ii,MOM,198003,-0.726680
ii,MOM,198004,4.115178
ii,MOM,198005,1.537388
ii,MOM,198006,0.888186
ii,MOM,198007,2.977465
ii,MOM,198008,3.142471
ii,MOM,198009,2.644530
ii,MOM,198010,3.245192
ii,MOM,198011,13.549908
ii,MOM,198012,-0.175631
ii,MOM,198101,-8.264123
ii,MOM,198102,-2.429689
ii,MOM,198103,-2.292636
ii,MOM,198104,-4.214916
ii,MOM,198105,-0.595909
ii,MOM,198106,-7.895662
ii,MOM,198107,-0.994432
ii,MOM,198108,-2.822752
ii,MOM,198109,1.258638
ii,MOM,198110,5.851587
ii,MOM,198111,1.692870
ii,MOM,198112,1.530469
ii,MOM,198201,-3.426490
ii,MOM,198202,-1.237942
ii,MOM,198203,-0.837230
ii,MOM,198204,-0.192904
ii,MOM,198205,-1.140041
ii,MOM,198206,0.480066
ii,MOM,198207,3.964163
ii,MOM,198208,-0.601411
ii,MOM,198209,7.286214
ii,MOM,198210,-0.500020
ii,MOM,198211,5.388411
ii,MOM,198212,-1.151449
ii,MOM,198301,-15.171574
ii,MOM,198302,5.784734
ii,MOM,198303,-0.942441
ii,MOM,198304,-1.639758
ii,MOM,198305,-7.432620
ii,MOM,198306,0.229371
ii,MOM,198307,-4.773347
ii,MOM,198308,-2.291128
ii,MOM,198309,1.524686
ii,MOM,198310,-3.775923
ii,MOM,198311,8.447902
ii,MOM,198312,-2.114182
ii,MOM,198401,-7.058025
ii,MOM,198402,-3.019645
ii,MOM,198403,-1.359503
ii,MOM,198404,-0.572687
ii,MOM,198405,-3.266306
ii,MOM,198406,4.134391
ii,MOM,198407,5.036479
ii,MOM,198408,-1.893950
ii,MOM,198409,2.600225
ii,MOM,198410,3.886162
ii,MOM,198411,4.359450
ii,MOM,198412,2.604708
ii,MOM,198501,-9.033045
ii,MOM,198502,-3.536257
ii,MOM,198503,3.308499
ii,MOM,198504,2.006302
ii,MOM,198505,0.069359
ii,MOM,198506,0.406222
ii,MOM,198507,0.965783
ii,MOM,198508,0.236592
ii,MOM,198509,0.795492
ii,MOM,198510,6.707409
ii,MOM,198511,3.035903
ii,MOM,198512,4.323392
ii,MOM,198601,-1.187944
ii,MOM,198602,2.614565
ii,MOM,198603,1.115453
ii,MOM,198604,-1.179049
ii,MOM,198605,2.041401
ii,MOM,198606,1.401078
ii,MOM,198607,-1.458102
ii,MOM,198608,-0.317070
ii,MOM,198609,-4.609635
ii,MOM,198610,4.139619
ii,MOM,198611,0.828724
ii,MOM,198612,0.000221
ii,MOM,198701,-0.792128
ii,MOM,198702,-1.218732
ii,MOM,198703,-4.553506
ii,MOM,198704,-3.395575
ii,MOM,198705,-3.935639
ii,MOM,198706,-2.571340
ii,MOM,198707,3.960592
ii,MOM,198708,0.881752
ii,MOM,198709,1.074545
ii,MOM,198710,-1.374721
ii,MOM,198711,2.845290
ii,MOM,198712,11.305356
ii,MOM,198801,-8.930850
ii,MOM,198802,2.154407
ii,MOM,198803,-2.317891
ii,MOM,198804,-1.395176
ii,MOM,198805,-0.142116
ii,MOM,198806,-0.740095
ii,MOM,198807,-1.793258
ii,MOM,198808,0.074097
ii,MOM,198809,0.822617
ii,MOM,198810,2.949944
ii,MOM,198811,3.481905
ii,MOM,198812,1.278116
ii,MOM,198901,-3.815673
ii,MOM,198902,-1.148580
ii,MOM,198903,1.520830
ii,MOM,198904,0.343767
ii,MOM,198905,-0.167131
ii,MOM,198906,-1.038946
ii,MOM,198907,6.239172
ii,MOM,198908,2.443916
ii,MOM,198909,0.316860
ii,MOM,198910,0.468527
ii,MOM,198911,3.070412
ii,MOM,198912,2.827696
ii,MOM,199001,-10.209826
ii,MOM,199002,-2.308866
ii,MOM,199003,1.770319
ii,MOM,199004,-3.173006
ii,MOM,199005,2.969600
ii,MOM,199006,0.362651
ii,MOM,199007,-0.787848
ii,MOM,199008,-1.359437
ii,MOM,199009,0.116756
ii,MOM,199010,2.210023
ii,MOM,199011,6.151713
ii,MOM,199012,8.370805
ii,MOM,199101,-7.107571
ii,MOM,199102,-9.020825
ii,MOM,199103,-8.016026
ii,MOM,199104,-6.218609
ii,MOM,199105,0.179324
ii,MOM,199106,-3.897599
ii,MOM,199107,2.681479
ii,MOM,199108,3.339423
ii,MOM,199109,0.597707
ii,MOM,199110,1.244838
ii,MOM,199111,-0.979693
ii,MOM,199112,8.890448
ii,MOM,199201,-24.245273
ii,MOM,199202,-8.468908
ii,MOM,199203,-6.423119
ii,MOM,199204,-1.033499
ii,MOM,199205,0.149590
ii,MOM,199206,-1.308031
ii,MOM,199207,3.567951
ii,MOM,199208,-1.200120
ii,MOM,199209,0.330381
ii,MOM,199210,2.802996
ii,MOM,199211,2.833087
ii,MOM,199212,0.366249
ii,MOM,199301,-6.642615
ii,MOM,199302,-2.304373
ii,MOM,199303,-3.528992
ii,MOM,199304,-3.219921
ii,MOM,199305,-1.441490
ii,MOM,199306,-1.659134
ii,MOM,199307,0.319234
ii,MOM,199308,3.759347
ii,MOM,199309,1.461726
ii,MOM,199310,-1.066534
ii,MOM,199311,-1.649374
ii,MOM,199312,5.826453
ii,MOM,199401,-4.899961
ii,MOM,199402,-1.643287
ii,MOM,199403,-3.637257
ii,MOM,199404,3.268221
ii,MOM,199405,-2.676282
ii,MOM,199406,-0.485002
ii,MOM,199407,2.854890
ii,MOM,199408,1.832130
ii,MOM,199409,0.197537
ii,MOM,199410,3.787278
ii,MOM,199411,2.415952
ii,MOM,199412,5.694771
ii,MOM,199501,-7.467746
ii,MOM,199502,0.588000
ii,MOM,199503,-0.769407
ii,MOM,199504,-0.352253
ii,MOM,199505,-0.160575
ii,MOM,199506,1.208169
ii,MOM,199507,2.447512
ii,MOM,199508,-0.395335
ii,MOM,199509,-0.401689
ii,MOM,199510,4.710184
ii,MOM,199511,6.214878
ii,MOM,199512,2.451854
ii,MOM,199601,-8.423902
ii,MOM,199602,-1.436390
ii,MOM,199603,-3.699007
ii,MOM,199604,2.582502
ii,MOM,199605,-4.667587
ii,MOM,199606,-3.666303
ii,MOM,199607,-1.693114
ii,MOM,199608,3.397915
ii,MOM,199609,4.881952
ii,MOM,199610,0.858079
ii,MOM,199611,-1.835107
ii,MOM,199612,5.391587
ii,MOM,199701,-8.994502
ii,MOM,199702,-4.709845
ii,MOM,199703,-1.188678
ii,MOM,199704,-0.069054
ii,MOM,199705,4.538996
ii,MOM,199706,0.207883
ii,MOM,199707,6.312339
ii,MOM,199708,-0.665427
ii,MOM,199709,-0.341039
ii,MOM,199710,-4.952396
ii,MOM,199711,5.603565
ii,MOM,199712,7.574527
ii,MOM,199801,-7.105410
ii,MOM,199802,2.231735
ii,MOM,199803,-2.887353
ii,MOM,199804,-0.913286
ii,MOM,199805,-2.016141
ii,MOM,199806,2.632928
ii,MOM,199807,1.038220
ii,MOM,199808,2.023725
ii,MOM,199809,4.989363
ii,MOM,199810,-0.182430
ii,MOM,199811,-2.087306
ii,MOM,199812,8.996891
ii,MOM,199901,-16.537771
ii,MOM,199902,0.951073
ii,MOM,199903,1.411713
ii,MOM,199904,-5.280322
ii,MOM,199905,-1.038749
ii,MOM,199906,-1.648882
ii,MOM,199907,-2.037947
ii,MOM,199908,4.586088
ii,MOM,199909,4.275496
ii,MOM,199910,8.991112
ii,MOM,199911,0.399604
ii,MOM,199912,3.261510
ii,MOM,200001,-15.984933
ii,MOM,200002,-5.197462
ii,MOM,200003,2.571340
ii,MOM,200004,1.707359
ii,MOM,200005,-1.361930
ii,MOM,200006,2.219875
ii,MOM,200007,-5.094293
ii,MOM,200008,10.473215
ii,MOM,200009,4.968054
ii,MOM,200010,0.927277
ii,MOM,200011,-2.347929
ii,MOM,200012,12.410058
ii,MOM,200101,-32.252064
ii,MOM,200102,-9.548270
ii,MOM,200103,-3.459492
ii,MOM,200104,9.653350
ii,MOM,200105,-7.287799
ii,MOM,200106,-3.828967
ii,MOM,200107,9.155998
ii,MOM,200108,5.615118
ii,MOM,200109,8.562692
ii,MOM,200110,-8.275775
ii,MOM,200111,-6.942400
ii,MOM,200112,-2.815517
ii,MOM,200201,-2.381097
ii,MOM,200202,9.538695
ii,MOM,200203,-2.281952
ii,MOM,200204,8.750142
ii,MOM,200205,2.291550
ii,MOM,200206,8.918524
ii,MOM,200207,1.698527
ii,MOM,200208,-0.243661
ii,MOM,200209,9.845726
ii,MOM,200210,-5.664086
ii,MOM,200211,-22.791367
ii,MOM,200212,10.931903
ii,MOM,200301,-4.123301
ii,MOM,200302,-0.213444
ii,MOM,200303,-0.391894
ii,MOM,200304,-5.944580
ii,MOM,200305,-20.673951
ii,MOM,200306,-1.223911
ii,MOM,200307,3.042562
ii,MOM,200308,-0.004909
ii,MOM,200309,-5.495117
ii,MOM,200310,-0.476812
ii,MOM,200311,0.644096
ii,MOM,200312,-2.132028
ii,MOM,200401,-3.848624
ii,MOM,200402,-0.191955
ii,MOM,200403,-1.542139
ii,MOM,200404,-2.861741
ii,MOM,200405,2.239890
ii,MOM,200406,-2.218471
ii,MOM,200407,1.266262
ii,MOM,200408,0.284307
ii,MOM,200409,4.364363
ii,MOM,200410,-0.372958
ii,MOM,200411,-1.252646
ii,MOM,200412,-2.986585
ii,MOM,200501,2.220706
ii,MOM,200502,2.947348
ii,MOM,200503,0.807526
ii,MOM,200504,-0.386405
ii,MOM,200505,1.169681
ii,MOM,200506,0.302109
ii,MOM,200507,-0.037980
ii,MOM,200508,1.359252
ii,MOM,200509,0.776530
ii,MOM,200510,1.907513
ii,MOM,200511,2.054932
ii,MOM,200512,-0.108302
ii,MOM,200601,-0.889107
ii,MOM,200602,-2.591507
ii,MOM,200603,-0.814311
ii,MOM,200604,0.760462
ii,MOM,200605,0.942616
ii,MOM,200606,1.860964
ii,MOM,200607,-0.754913
ii,MOM,200608,-2.331135
ii,MOM,200609,0.433780
ii,MOM,200610,3.067922
ii,MOM,200611,0.045084
ii,MOM,200612,-0.237968
ii,MOM,200701,-3.917695
ii,MOM,200702,2.241348
ii,MOM,200703,2.209291
ii,MOM,200704,2.182033
ii,MOM,200705,2.616014
ii,MOM,200706,1.477622
ii,MOM,200707,0.488966
ii,MOM,200708,4.180163
ii,MOM,200709,3.445482
ii,MOM,200710,2.866583
ii,MOM,200711,2.403724
ii,MOM,200712,2.563610
ii,MOM,200801,-5.045510
ii,MOM,200802,-0.189246
ii,MOM,200803,2.679739
ii,MOM,200804,3.839930
ii,MOM,200805,-1.386830
ii,MOM,200806,0.015330
ii,MOM,200807,-2.608957
ii,MOM,200808,-2.732672
ii,MOM,200809,-0.439202
ii,MOM,200810,3.436555
ii,MOM,200811,5.226891
ii,MOM,200812,2.398403
ii,MOM,200901,-13.984758
ii,MOM,200902,-0.868211
ii,MOM,200903,-15.767051
ii,MOM,200904,-10.941789
ii,MOM,200905,-6.919728
ii,MOM,200906,-8.782446
ii,MOM,200907,-4.035877
ii,MOM,200908,-25.187609
ii,MOM,200909,-12.873971
ii,MOM,200910,0.798115
ii,MOM,200911,-1.286622
ii,MOM,200912,-1.614060
ii,MOM,201001,-6.201941
ii,MOM,201002,0.271300
ii,MOM,201003,-1.427555
ii,MOM,201004,-9.522558
ii,MOM,201005,4.185932
ii,MOM,201006,4.888769
ii,MOM,201007,2.613561
ii,MOM,201008,-4.179147
ii,MOM,201009,6.716355
ii,MOM,201010,-0.370444
ii,MOM,201011,3.319891
ii,MOM,201012,-0.685502
ii,MOM,201101,-0.107301
ii,MOM,201102,-1.351079
ii,MOM,201103,3.186545
ii,MOM,201104,1.049564
ii,MOM,201105,-2.806667
ii,MOM,201106,-0.055060
ii,MOM,201107,-1.788959
ii,MOM,201108,0.785125
ii,MOM,201109,-4.127297
ii,MOM,201110,10.357221
ii,MOM,201111,2.293367
ii,MOM,201112,1.011444
ii,MOM,201201,-1.505704
ii,MOM,201202,-1.560244
ii,MOM,201203,1.045565
ii,MOM,201204,1.123349
ii,MOM,201205,-3.374452
ii,MOM,201206,0.101785
ii,MOM,201207,2.309562
ii,MOM,201208,1.743821
ii,MOM,201209,-3.289501
ii,MOM,201210,4.429338
ii,MOM,201211,2.932509
ii,MOM,201212,-1.353465
ii,MOM,201301,-3.193752
ii,MOM,201302,0.735205
ii,MOM,201303,2.584653
ii,MOM,201304,1.814429
ii,MOM,201305,-2.192840
ii,MOM,201306,0.404263
ii,MOM,201307,-2.118606
ii,MOM,201308,-1.680156
ii,MOM,201309,-0.453386
ii,MOM,201310,-0.110265
ii,MOM,201311,-0.414093
ii,MOM,201312,0.785043
ii,MOM,201401,-5.077282
ii,MOM,201402,0.756692
ii,MOM,201403,-2.034216
ii,MOM,201404,2.441348
ii,MOM,201405,2.866874
ii,MOM,201406,0.853930
ii,MOM,201407,-0.576156
ii,MOM,201408,2.341690
ii,MOM,201409,3.383370
ii,MOM,201410,2.937248
ii,MOM,201411,-1.180420
ii,MOM,201412,-1.580400
ii,MOM,201501,-0.158076
ii,MOM,201502,0.221411
ii,MOM,201503,1.618694
ii,MOM,201504,-1.710710
ii,MOM,201505,1.971626
ii,MOM,201506,0.028129
ii,MOM,201507,16.004191
ii,MOM,201508,-6.249680
ii,MOM,201509,6.226498
ii,MOM,201510,0.512296
ii,MOM,201511,-0.509959
ii,MOM,201512,8.016301
ii,MOM,201601,2.682157
ii,MOM,201602,1.619485
ii,MOM,201603,-8.383018
ii,MOM,201604,-10.981487
ii,MOM,201605,5.543912
ii,MOM,201606,-3.121553
ii,MOM,201607,-2.714777
ii,MOM,201608,-4.813637
ii,MOM,201609,-1.035383
ii,MOM,201610,6.877644
ii,MOM,201611,-0.957386
ii,MOM,201612,3.718810
ii,MOM,201701,-6.069130
ii,MOM,201702,0.197467
ii,MOM,201703,2.737674
ii,MOM,201704,6.619185
ii,MOM,201705,6.378925
ii,MOM,201706,-2.362938
ii,MOM,201707,5.010302
ii,MOM,201708,3.947432
ii,MOM,201709,-5.055720
ii,MOM,201710,5.686799
ii,MOM,201711,-0.497344
ii,MOM,201712,-1.297900
ii,MOM,201801,-0.978039
ii,MOM,201802,1.615482
ii,MOM,201803,-2.340595
ii,MOM,201804,0.266648
ii,MOM,201805,4.239280
ii,MOM,201806,0.682193
ii,MOM,201807,4.923133
ii,MOM,201808,7.864405
ii,MOM,201809,-1.460579
ii,MOM,201810,-0.598999
ii,MOM,201811,0.942320
ii,MOM,201812,8.462382
ii,MOM,201901,-10.899149
ii,MOM,201902,1.632849
ii,MOM,201903,-2.295337
ii,MOM,201904,2.536359
ii,MOM,201905,2.156412
ii,MOM,201906,4.397755
ii,MOM,201907,8.244160
ii,MOM,201908,5.095131
ii,MOM,201909,-8.094154
ii,MOM,201910,7.441990
ii,MOM,201911,6.292336
ii,MOM,201912,-5.161201
ii,MOM,202001,-0.318665
ii,MOM,202002,1.188138
ii,MOM,202003,6.746759
ii,MOM,202004,-14.554195
ii,MOM,202005,-2.072944
ii,MOM,202006,-9.521607
ii,MOM,202007,1.637696
ii,MOM,202008,0.305126
ii,MOM,202009,3.860916
ii,MOM,202010,0.555485
ii,MOM,202011,-19.260261
ii,MOM,202012,-10.558141
ii,MOM,202101,-18.507905
ii,MOM,202102,-14.257681
ii,MOM,202103,-0.939067
ii,MOM,202104,-1.982002
ii,MOM,202105,-8.070751
ii,MOM,202106,-3.046892
ii,MOM,202107,-1.180479
ii,MOM,202108,-0.483699
ii,MOM,202109,-0.020229
ii,MOM,202110,5.045628
ii,MOM,202111,2.218409
ii,MOM,202112,2.772034
ii,MOM,202201,-0.808827
ii,MOM,202202,9.176334
ii,MOM,202203,-2.353383
ii,MOM,202204,3.145788
ii,MOM,202205,4.727712
ii,MOM,202206,-10.407384
ii,MOM,202207,4.092914
ii,MOM,202208,-1.082729
ii,MOM,202209,4.770271
ii,MOM,202210,15.584052
ii,MOM,202211,6.495745
ii,MOM,202212,0.555163
ii,MOM,202301,-21.097564
ii,MOM,202302,5.502941
ii,MOM,202303,2.894628
ii,MOM,202304,1.447293
ii,MOM,202305,-5.272584
ii,MOM,202306,6.662196
ii,MOM,202307,-4.679563
ii,MOM,202308,5.022774
ii,MOM,202309,4.556835
ii,MOM,202310,6.486804
ii,MOM,202311,4.098710
ii,MOM,202312,5.049646
ii,MOM,202401,7.894767
ii,MOM,202402,3.114873
ii,MOM,202403,0.754198
ii,MOM,202404,0.914612
ii,MOM,202405,-2.917261
ii,MOM,202406,6.001392
ii,MOM,202407,2.618527
ii,MOM,202408,10.365407
ii,MOM,202409,2.867676
ii,MOM,202410,1.677003
ii,MOM,202411,2.309476
ii,MOM,202412,-14.038269
ii,MOM,202501,2.275667
iii,BM,196307,-1.882101
iii,BM,196308,1.732507
iii,BM,196309,-0.273951
iii,BM,196310,-2.301297
iii,BM,196311,-2.865299
iii,BM,196312,-1.512676
iii,BM,196401,-2.061840
iii,BM,196402,2.930455
iii,BM,196403,5.004655
iii,BM,196404,2.403768
iii,BM,196405,0.757545
iii,BM,196406,3.179218
iii,BM,196407,0.104311
iii,BM,196408,-0.124552
iii,BM,196409,1.356361
iii,BM,196410,3.938958
iii,BM,196411,-3.625143
iii,BM,196412,-4.515039
iii,BM,196501,-0.080265
iii,BM,196502,1.980428
iii,BM,196503,1.864848
iii,BM,196504,-0.784115
iii,BM,196505,-0.498687
iii,BM,196506,-3.058129
iii,BM,196507,2.288179
iii,BM,196508,-1.714336
iii,BM,196509,1.492653
iii,BM,196510,3.863215
iii,BM,196511,0.435439
iii,BM,196512,0.554026
iii,BM,196601,5.207362
iii,BM,196602,0.788276
iii,BM,196603,-3.099250
iii,BM,196604,0.645737
iii,BM,196605,-3.283552
iii,BM,196606,-1.015999
iii,BM,196607,0.725671
iii,BM,196608,-1.514150
iii,BM,196609,0.916116
iii,BM,196610,0.511378
iii,BM,196611,-9.056754
iii,BM,196612,1.288541
iii,BM,196701,8.695422
iii,BM,196702,-3.078814
iii,BM,196703,1.206617
iii,BM,196704,-3.357736
iii,BM,196705,2.642740
iii,BM,196706,0.637176
iii,BM,196707,4.599752
iii,BM,196708,2.075226
iii,BM,196709,-2.724384
iii,BM,196710,-6.102229
iii,BM,196711,-1.878198
iii,BM,196712,2.935178
iii,BM,196801,7.986522
iii,BM,196802,-0.425408
iii,BM,196803,-4.842399
iii,BM,196804,1.074226
iii,BM,196805,0.738596
iii,BM,196806,-1.389596
iii,BM,196807,3.892688
iii,BM,196808,1.393775
iii,BM,196809,7.394118
iii,BM,196810,6.573259
iii,BM,196811,-6.204292
iii,BM,196812,3.496035
iii,BM,196901,4.311571
iii,BM,196902,-2.698006
iii,BM,196903,-1.151075
iii,BM,196904,-3.588135
iii,BM,196905,0.142681
iii,BM,196906,-7.428162
iii,BM,196907,-2.560357
iii,BM,196908,-5.414212
iii,BM,196909,-3.646945
iii,BM,196910,-0.779137
iii,BM,196911,-4.821669
iii,BM,196912,-6.604776
iii,BM,197001,3.430058
iii,BM,197002,5.795509
iii,BM,197003,4.750281
iii,BM,197004,2.268664
iii,BM,197005,2.319797
iii,BM,197006,-0.407463
iii,BM,197007,2.119424
iii,BM,197008,1.401008
iii,BM,197009,-2.994875
iii,BM,197010,-5.102898
iii,BM,197011,-0.433106
iii,BM,197012,5.427973
iii,BM,197101,3.631732
iii,BM,197102,-0.670705
iii,BM,197103,-4.134584
iii,BM,197104,3.471179
iii,BM,197105,-1.973471
iii,BM,197106,-2.412622
iii,BM,197107,-3.155541
iii,BM,197108,8.035622
iii,BM,197109,-4.867232
iii,BM,197110,-3.081268
iii,BM,197111,-3.898461
iii,BM,197112,2.497737
iii,BM,197201,7.551452
iii,BM,197202,-2.604376
iii,BM,197203,-1.860201
iii,BM,197204,-1.395245
iii,BM,197205,-4.602496
iii,BM,197206,-6.480604
iii,BM,197207,-4.915601
iii,BM,197208,4.465131
iii,BM,197209,-3.974297
iii,BM,197210,-1.689685
iii,BM,197211,11.943768
iii,BM,197212,-6.867045
iii,BM,197301,-4.309417
iii,BM,197302,-2.854662
iii,BM,197303,2.959511
iii,BM,197304,1.713721
iii,BM,197305,-7.661305
iii,BM,197306,-2.979661
iii,BM,197307,1.139522
iii,BM,197308,3.830781
iii,BM,197309,13.431308
iii,BM,197310,4.371221
iii,BM,197311,-2.331761
iii,BM,197312,11.134330
iii,BM,197401,10.073563
iii,BM,197402,6.072704
iii,BM,197403,-1.965442
iii,BM,197404,2.231236
iii,BM,197405,-7.917937
iii,BM,197406,3.662118
iii,BM,197407,10.022571
iii,BM,197408,2.708157
iii,BM,197409,9.258866
iii,BM,197410,-16.420255
iii,BM,197411,-0.386330
iii,BM,197412,-4.760930
iii,BM,197501,23.137607
iii,BM,197502,-9.334964
iii,BM,197503,4.165051
iii,BM,197504,0.336026
iii,BM,197505,0.160215
iii,BM,197506,3.932757
iii,BM,197507,5.200314
iii,BM,197508,-5.208841
iii,BM,197509,1.453346
iii,BM,197510,-8.230436
iii,BM,197511,0.104873
iii,BM,197512,3.179534
iii,BM,197601,14.746507
iii,BM,197602,20.344144
iii,BM,197603,0.366110
iii,BM,197604,2.213233
iii,BM,197605,-0.687794
iii,BM,197606,-0.056812
iii,BM,197607,3.841900
iii,BM,197608,-2.590573
iii,BM,197609,-0.837091
iii,BM,197610,-2.571111
iii,BM,197611,4.137195
iii,BM,197612,6.301301
iii,BM,197701,11.350435
iii,BM,197702,-0.715451
iii,BM,197703,1.902281
iii,BM,197704,4.312165
iii,BM,197705,1.685392
iii,BM,197706,-0.184160
iii,BM,197707,-1.397780
iii,BM,197708,-5.442187
iii,BM,197709,1.302204
iii,BM,197710,0.058439
iii,BM,197711,4.393884
iii,BM,197712,-0.257056
iii,BM,197801,5.277831
iii,BM,197802,2.482090
iii,BM,197803,6.780133
iii,BM,197804,-5.078636
iii,BM,197805,4.675247
iii,BM,197806,-0.731232
iii,BM,197807,1.512376
iii,BM,197808,2.500641
iii,BM,197809,2.585562
iii,BM,197810,-10.565669
iii,BM,197811,0.107599
iii,BM,197812,-5.308265
iii,BM,197901,8.434054
iii,BM,197902,0.355395
iii,BM,197903,4.980161
iii,BM,197904,-0.869294
iii,BM,197905,1.187872
iii,BM,197906,3.065805
iii,BM,197907,5.506031
iii,BM,197908,-0.141098
iii,BM,197909,0.883177
iii,BM,197910,-5.639821
iii,BM,197911,-6.840332
iii,BM,197912,3.968654
iii,BM,198001,10.883057
iii,BM,198002,2.449071
iii,BM,198003,-8.806061
iii,BM,198004,-1.988980
iii,BM,198005,0.952050
iii,BM,198006,-0.711496
iii,BM,198007,2.024169
iii,BM,198008,-2.366015
iii,BM,198009,-3.031166
iii,BM,198010,0.814893
iii,BM,198011,-7.940593
iii,BM,198012,-3.810162
iii,BM,198101,11.288716
iii,BM,198102,1.707321
iii,BM,198103,8.380741
iii,BM,198104,-0.612326
iii,BM,198105,-0.787627
iii,BM,198106,2.604415
iii,BM,198107,-4.135719
iii,BM,198108,1.767706
iii,BM,198109,3.189077
iii,BM,198110,-9.667148
iii,BM,198111,2.224925
iii,BM,198112,2.694472
iii,BM,198201,0.858843
iii,BM,198202,7.326723
iii,BM,198203,4.888800
iii,BM,198204,-2.203753
iii,BM,198205,1.495561
iii,BM,198206,3.587824
iii,BM,198207,-1.328259
iii,BM,198208,-1.630978
iii,BM,198209,-1.750563
iii,BM,198210,-1.087155
iii,BM,198211,-0.489443
iii,BM,198212,5.549208
iii,BM,198301,0.449597
iii,BM,198302,1.360766
iii,BM,198303,4.429412
iii,BM,198304,6.340366
iii,BM,198305,0.502701
iii,BM,198306,1.958675
iii,BM,198307,5.376784
iii,BM,198308,9.720962
iii,BM,198309,-3.510432
iii,BM,198310,4.181391
iii,BM,198311,0.930241
iii,BM,198312,1.546296
iii,BM,198401,12.072227
iii,BM,198402,8.461042
iii,BM,198403,2.287233
iii,BM,198404,0.446099
iii,BM,198405,-1.060854
iii,BM,198406,-3.832123
iii,BM,198407,-3.277692
iii,BM,198408,1.108017
iii,BM,198409,5.614488
iii,BM,198410,-3.175553
iii,BM,198411,4.392881
iii,BM,198412,-1.981128
iii,BM,198501,-4.934045
iii,BM,198502,2.436151
iii,BM,198503,2.466763
iii,BM,198504,3.158227
iii,BM,198505,-1.550643
iii,BM,198506,1.984950
iii,BM,198507,3.509149
iii,BM,198508,2.785913
iii,BM,198509,1.721939
iii,BM,198510,0.114799
iii,BM,198511,-8.057563
iii,BM,198512,-5.868368
iii,BM,198601,0.341298
iii,BM,198602,0.087863
iii,BM,198603,-2.488436
iii,BM,198604,-3.949106
iii,BM,198605,-0.793764
iii,BM,198606,-4.207243
iii,BM,198607,0.203921
iii,BM,198608,9.673788
iii,BM,198609,9.317703
iii,BM,198610,-3.967501
iii,BM,198611,-0.008337
iii,BM,198612,-0.899376
iii,BM,198701,0.295241
iii,BM,198702,-8.605213
iii,BM,198703,8.997080
iii,BM,198704,6.051107
iii,BM,198705,-0.383134
iii,BM,198706,-0.203408
iii,BM,198707,4.804702
iii,BM,198708,-4.730573
iii,BM,198709,2.679068
iii,BM,198710,-6.631417
iii,BM,198711,8.957457
iii,BM,198712,3.401009
iii,BM,198801,0.612572
iii,BM,198802,5.989298
iii,BM,198803,6.242206
iii,BM,198804,4.319373
iii,BM,198805,0.153037
iii,BM,198806,0.537935
iii,BM,198807,1.007577
iii,BM,198808,-1.751634
iii,BM,198809,-0.490608
iii,BM,198810,5.381261
iii,BM,198811,1.720415
iii,BM,198812,-3.432927
iii,BM,198901,3.051531
iii,BM,198902,-0.950401
iii,BM,198903,-1.686905
iii,BM,198904,-3.600264
iii,BM,198905,-2.506604
iii,BM,198906,4.427230
iii,BM,198907,-6.291737
iii,BM,198908,6.787731
iii,BM,198909,-5.803282
iii,BM,198910,-6.425151
iii,BM,198911,-3.974994
iii,BM,198912,-2.188075
iii,BM,199001,3.124272
iii,BM,199002,4.087123
iii,BM,199003,-2.342871
iii,BM,199004,-4.959882
iii,BM,199005,-4.783962
iii,BM,199006,-4.468625
iii,BM,199007,-2.520621
iii,BM,199008,-3.796046
iii,BM,199009,-2.631501
iii,BM,199010,-1.677317
iii,BM,199011,-6.300405
iii,BM,199012,-4.828535
iii,BM,199101,2.210642
iii,BM,199102,1.372499
iii,BM,199103,-5.168353
iii,BM,199104,-1.289420
iii,BM,199105,6.885663
iii,BM,199106,-0.507885
iii,BM,199107,-7.306594
iii,BM,199108,-5.180781
iii,BM,199109,-1.008702
iii,BM,199110,-2.459719
iii,BM,199111,-7.894969
iii,BM,199112,-5.198891
iii,BM,199201,14.197356
iii,BM,199202,10.932317
iii,BM,199203,4.774008
iii,BM,199204,7.922024
iii,BM,199205,-4.197905
iii,BM,199206,4.498505
iii,BM,199207,-6.315695
iii,BM,199208,-8.774731
iii,BM,199209,-1.497517
iii,BM,199210,-3.020933
iii,BM,199211,4.291721
iii,BM,199212,3.423345
iii,BM,199301,14.370573
iii,BM,199302,4.761110
iii,BM,199303,3.971486
iii,BM,199304,10.003726
iii,BM,199305,-2.961543
iii,BM,199306,6.454337
iii,BM,199307,6.919829
iii,BM,199308,-2.440961
iii,BM,199309,0.704273
iii,BM,199310,-1.466432
iii,BM,199311,-0.997744
iii,BM,199312,2.293878
iii,BM,199401,6.670536
iii,BM,199402,0.200260
iii,BM,199403,-2.072853
iii,BM,199404,2.102977
iii,BM,199405,-1.153541
iii,BM,199406,1.383482
iii,BM,199407,0.735248
iii,BM,199408,1.049214
iii,BM,199409,0.020617
iii,BM,199410,-2.746391
iii,BM,199411,-3.417520
iii,BM,199412,-0.944298
iii,BM,199501,-0.968074
iii,BM,199502,2.159569
iii,BM,199503,-0.064212
iii,BM,199504,-1.353114
iii,BM,199505,-1.038001
iii,BM,199506,-0.257210
iii,BM,199507,0.278857
iii,BM,199508,1.379902
iii,BM,199509,-2.342875
iii,BM,199510,-5.778008
iii,BM,199511,-0.766487
iii,BM,199512,0.376692
iii,BM,199601,-2.162996
iii,BM,199602,-0.125033
iii,BM,199603,2.265480
iii,BM,199604,0.525104
iii,BM,199605,-0.389440
iii,BM,199606,-2.732798
iii,BM,199607,-2.945091
iii,BM,199608,-1.477516
iii,BM,199609,-5.431933
iii,BM,199610,-1.119065
iii,BM,199611,-0.763688
iii,BM,199612,3.962812
iii,BM,199701,-4.304918
iii,BM,199702,3.591122
iii,BM,199703,4.549193
iii,BM,199704,-9.928320
iii,BM,199705,-0.343894
iii,BM,199706,-1.154948
iii,BM,199707,-0.251399
iii,BM,199708,5.480437
iii,BM,199709,3.955532
iii,BM,199710,-3.278176
iii,BM,199711,-3.190576
iii,BM,199712,-0.247545
iii,BM,199801,-1.873978
iii,BM,199802,-0.176564
iii,BM,199803,3.487972
iii,BM,199804,-0.805843
iii,BM,199805,0.578199
iii,BM,199806,-5.451552
iii,BM,199807,-1.195640
iii,BM,199808,-4.736195
iii,BM,199809,0.952343
iii,BM,199810,-0.485780
iii,BM,199811,-4.346616
iii,BM,199812,-3.684927
iii,BM,199901,-2.714166
iii,BM,199902,3.429142
iii,BM,199903,-4.295439
iii,BM,199904,10.754057
iii,BM,199905,4.808061
iii,BM,199906,-3.289434
iii,BM,199907,1.835850
iii,BM,199908,-4.790160
iii,BM,199909,1.488696
iii,BM,199910,-7.502822
iii,BM,199911,-0.427520
iii,BM,199912,-1.880145
iii,BM,200001,15.912690
iii,BM,200002,11.744562
iii,BM,200003,-9.300472
iii,BM,200004,-5.386910
iii,BM,200005,-4.753642
iii,BM,200006,5.738385
iii,BM,200007,3.749694
iii,BM,200008,-3.896632
iii,BM,200009,1.246311
iii,BM,200010,5.144213
iii,BM,200011,5.384615
iii,BM,200012,7.515097
iii,BM,200101,5.806387
iii,BM,200102,14.861290
iii,BM,200103,8.746896
iii,BM,200104,-6.378363
iii,BM,200105,6.222174
iii,BM,200106,3.250517
iii,BM,200107,0.239216
iii,BM,200108,2.257826
iii,BM,200109,-11.249777
iii,BM,200110,0.233947
iii,BM,200111,2.665285
iii,BM,200112,5.854256
iii,BM,200201,-1.116982
iii,BM,200202,-0.481578
iii,BM,200203,8.071700
iii,BM,200204,3.832698
iii,BM,200205,-0.837281
iii,BM,200206,0.253496
iii,BM,200207,-9.449361
iii,BM,200208,5.176247
iii,BM,200209,-5.927458
iii,BM,200210,-6.200673
iii,BM,200211,7.618977
iii,BM,200212,4.763177
iii,BM,200301,-0.629237
iii,BM,200302,-6.208873
iii,BM,200303,-4.610400
iii,BM,200304,-0.703234
iii,BM,200305,7.953555
iii,BM,200306,5.046094
iii,BM,200307,4.930473
iii,BM,200308,7.677771
iii,BM,200309,0.568074
iii,BM,200310,9.351110
iii,BM,200311,5.340930
iii,BM,200312,2.553156
iii,BM,200401,3.878190
iii,BM,200402,-0.453991
iii,BM,200403,1.968959
iii,BM,200404,-4.756920
iii,BM,200405,0.937637
iii,BM,200406,4.247612
iii,BM,200407,4.377041
iii,BM,200408,0.487105
iii,BM,200409,3.413382
iii,BM,200410,1.458277
iii,BM,200411,4.110888
iii,BM,200412,-0.074348
iii,BM,200501,1.762049
iii,BM,200502,3.465010
iii,BM,200503,2.283680
iii,BM,200504,-4.267547
iii,BM,200505,0.035333
iii,BM,200506,3.460377
iii,BM,200507,0.876960
iii,BM,200508,-0.214238
iii,BM,200509,0.997143
iii,BM,200510,-3.311120
iii,BM,200511,-2.391777
iii,BM,200512,2.302012
iii,BM,200601,7.458470
iii,BM,200602,-2.311386
iii,BM,200603,2.015665
iii,BM,200604,5.242657
iii,BM,200605,2.046246
iii,BM,200606,2.512462
iii,BM,200607,0.883029
iii,BM,200608,-1.336539
iii,BM,200609,1.301429
iii,BM,200610,0.695865
iii,BM,200611,-1.024334
iii,BM,200612,2.834578
iii,BM,200701,1.797317
iii,BM,200702,-0.447597
iii,BM,200703,-0.334267
iii,BM,200704,-1.049754
iii,BM,200705,-0.365896
iii,BM,200706,2.999830
iii,BM,200707,-3.945332
iii,BM,200708,-3.875627
iii,BM,200709,-2.015612
iii,BM,200710,-6.265871
iii,BM,200711,-1.564673
iii,BM,200712,3.243161
iii,BM,200801,1.571130
iii,BM,200802,2.222667
iii,BM,200803,0.441546
iii,BM,200804,3.609598
iii,BM,200805,3.450263
iii,BM,200806,-0.349356
iii,BM,200807,0.119680
iii,BM,200808,5.142095
iii,BM,200809,-0.750959
iii,BM,200810,-10.527559
iii,BM,200811,-0.052688
iii,BM,200812,3.956141
iii,BM,200901,-7.730622
iii,BM,200902,-8.758627
iii,BM,200903,-1.409719
iii,BM,200904,13.194447
iii,BM,200905,-4.641431
iii,BM,200906,-0.339293
iii,BM,200907,5.545197
iii,BM,200908,9.023261
iii,BM,200909,7.249105
iii,BM,200910,-8.373721
iii,BM,200911,-2.140217
iii,BM,200912,7.958166
iii,BM,201001,0.435128
iii,BM,201002,5.738962
iii,BM,201003,3.643373
iii,BM,201004,8.344200
iii,BM,201005,-1.579667
iii,BM,201006,-7.349089
iii,BM,201007,1.572621
iii,BM,201008,-5.296448
iii,BM,201009,-0.535676
iii,BM,201010,0.610053
iii,BM,201011,1.469520
iii,BM,201012,4.368347
iii,BM,201101,3.291048
iii,BM,201102,4.863371
iii,BM,201103,0.379925
iii,BM,201104,-1.274885
iii,BM,201105,-0.962398
iii,BM,201106,-2.312986
iii,BM,201107,-5.955864
iii,BM,201108,-4.119747
iii,BM,201109,-5.601256
iii,BM,201110,4.989816
iii,BM,201111,-0.295130
iii,BM,201112,-0.580427
iii,BM,201201,-1.761600
iii,BM,201202,1.048552
iii,BM,201203,-5.348432
iii,BM,201204,-2.627749
iii,BM,201205,0.771339
iii,BM,201206,4.801927
iii,BM,201207,1.251806
iii,BM,201208,3.588428
iii,BM,201209,2.997468
iii,BM,201210,3.649723
iii,BM,201211,-0.737450
iii,BM,201212,3.449069
iii,BM,201301,2.009437
iii,BM,201302,2.472448
iii,BM,201303,1.242787
iii,BM,201304,-1.346653
iii,BM,201305,2.537989
iii,BM,201306,-1.009310
iii,BM,201307,-0.264185
iii,BM,201308,1.648561
iii,BM,201309,0.029732
iii,BM,201310,2.660515
iii,BM,201311,-0.149790
iii,BM,201312,1.773459
iii,BM,201401,1.294814
iii,BM,201402,-1.476115
iii,BM,201403,6.464400
iii,BM,201404,2.820807
iii,BM,201405,1.064601
iii,BM,201406,3.294274
iii,BM,201407,-1.005881
iii,BM,201408,-2.405977
iii,BM,201409,-7.081897
iii,BM,201410,-6.953491
iii,BM,201411,-7.223643
iii,BM,201412,0.492747
iii,BM,201501,-2.501806
iii,BM,201502,-0.553663
iii,BM,201503,-2.265811
iii,BM,201504,3.416309
iii,BM,201505,-5.099695
iii,BM,201506,-3.078666
iii,BM,201507,-21.104451
iii,BM,201508,2.675070
iii,BM,201509,-8.257998
iii,BM,201510,5.124084
iii,BM,201511,-0.118049
iii,BM,201512,-13.128876
iii,BM,201601,-0.048538
iii,BM,201602,-0.897827
iii,BM,201603,9.990686
iii,BM,201604,8.700321
iii,BM,201605,-3.598259
iii,BM,201606,4.015099
iii,BM,201607,-2.209593
iii,BM,201608,-0.559815
iii,BM,201609,3.884635
iii,BM,201610,-2.964840
iii,BM,201611,12.767457
iii,BM,201612,-1.118108
iii,BM,201701,0.463482
iii,BM,201702,-5.302651
iii,BM,201703,-2.080859
iii,BM,201704,-3.421989
iii,BM,201705,-6.274926
iii,BM,201706,0.720293
iii,BM,201707,-1.945421
iii,BM,201708,-4.218108
iii,BM,201709,1.337168
iii,BM,201710,-3.302764
iii,BM,201711,-2.960793
iii,BM,201712,2.362154
iii,BM,201801,-8.671523
iii,BM,201802,-4.044040
iii,BM,201803,3.045154
iii,BM,201804,3.905249
iii,BM,201805,-1.475269
iii,BM,201806,0.386365
iii,BM,201807,-1.988521
iii,BM,201808,-3.299443
iii,BM,201809,-1.983751
iii,BM,201810,1.743953
iii,BM,201811,-3.847425
iii,BM,201812,-6.929843
iii,BM,201901,1.356339
iii,BM,201902,-4.825318
iii,BM,201903,-6.748294
iii,BM,201904,-5.308932
iii,BM,201905,-1.040747
iii,BM,201906,-1.853950
iii,BM,201907,-5.225665
iii,BM,201908,-12.944635
iii,BM,201909,4.422108
iii,BM,201910,-3.476797
iii,BM,201911,-4.035711
iii,BM,201912,7.926548
iii,BM,202001,-15.752453
iii,BM,202002,-7.597592
iii,BM,202003,-17.031567
iii,BM,202004,10.719357
iii,BM,202005,-0.010374
iii,BM,202006,-4.394091
iii,BM,202007,-1.464764
iii,BM,202008,-7.591844
iii,BM,202009,-4.328686
iii,BM,202010,5.750876
iii,BM,202011,11.204640
iii,BM,202012,-2.456488
iii,BM,202101,20.433177
iii,BM,202102,3.450356
iii,BM,202103,8.960819
iii,BM,202104,-6.594022
iii,BM,202105,14.569023
iii,BM,202106,-3.105895
iii,BM,202107,-11.327401
iii,BM,202108,-2.838292
iii,BM,202109,11.515848
iii,BM,202110,-6.303239
iii,BM,202111,-8.027215
iii,BM,202112,3.333076
iii,BM,202201,12.171056
iii,BM,202202,9.594004
iii,BM,202203,4.934850
iii,BM,202204,10.805924
iii,BM,202205,9.634376
iii,BM,202206,-7.965672
iii,BM,202207,-12.632939
iii,BM,202208,2.725379
iii,BM,202209,-3.585284
iii,BM,202210,12.026217
iii,BM,202211,0.062659
iii,BM,202212,3.299129
iii,BM,202301,-1.462569
iii,BM,202302,-5.892186
iii,BM,202303,-11.380804
iii,BM,202304,-3.367337
iii,BM,202305,-14.128544
iii,BM,202306,-2.004669
iii,BM,202307,3.578428
iii,BM,202308,-4.795340
iii,BM,202309,0.587074
iii,BM,202310,-7.404155
iii,BM,202311,-1.472046
iii,BM,202312,10.826133
iii,BM,202401,-3.838459
iii,BM,202402,-2.507191
iii,BM,202403,4.798937
iii,BM,202404,-3.581505
iii,BM,202405,-3.998014
iii,BM,202406,-11.546789
iii,BM,202407,7.185125
iii,BM,202408,-1.582615
iii,BM,202409,0.029953
iii,BM,202410,1.631550
iii,BM,202411,0.287687
iii,BM,202412,-4.178752
iii,BM,202501,1.626940
iii,GP,196307,1.508829
iii,GP,196308,-1.436908
iii,GP,196309,-0.343550
iii,GP,196310,-1.659843
iii,GP,196311,-3.944743
iii,GP,196312,-1.686581
iii,GP,196401,-2.412345
iii,GP,196402,-1.499869
iii,GP,196403,-4.659689
iii,GP,196404,1.976961
iii,GP,196405,0.735355
iii,GP,196406,0.401757
iii,GP,196407,0.808259
iii,GP,196408,-1.398400
iii,GP,196409,-4.154957
iii,GP,196410,1.261469
iii,GP,196411,1.847089
iii,GP,196412,3.697053
iii,GP,196501,1.848833
iii,GP,196502,-0.265369
iii,GP,196503,-0.671380
iii,GP,196504,-3.472552
iii,GP,196505,0.831557
iii,GP,196506,0.777884
iii,GP,196507,-2.956201
iii,GP,196508,0.664470
iii,GP,196509,-0.649579
iii,GP,196510,-2.614596
iii,GP,196511,0.047259
iii,GP,196512,-5.286107
iii,GP,196601,-5.197306
iii,GP,196602,0.199599
iii,GP,196603,3.147007
iii,GP,196604,0.490223
iii,GP,196605,3.639188
iii,GP,196606,-1.403360
iii,GP,196607,0.454755
iii,GP,196608,3.554761
iii,GP,196609,-0.014845
iii,GP,196610,-2.012354
iii,GP,196611,1.002439
iii,GP,196612,-2.920667
iii,GP,196701,-2.713373
iii,GP,196702,4.823824
iii,GP,196703,0.616160
iii,GP,196704,3.415700
iii,GP,196705,0.060660
iii,GP,196706,1.480016
iii,GP,196707,-0.736196
iii,GP,196708,-0.035243
iii,GP,196709,1.598461
iii,GP,196710,3.051620
iii,GP,196711,1.337999
iii,GP,196712,-0.970658
iii,GP,196801,-3.110050
iii,GP,196802,2.227699
iii,GP,196803,3.199216
iii,GP,196804,0.765556
iii,GP,196805,0.503902
iii,GP,196806,-1.848497
iii,GP,196807,0.139313
iii,GP,196808,0.545311
iii,GP,196809,-3.503238
iii,GP,196810,-5.007510
iii,GP,196811,2.404221
iii,GP,196812,-1.914132
iii,GP,196901,-1.725918
iii,GP,196902,3.146610
iii,GP,196903,1.154818
iii,GP,196904,2.488807
iii,GP,196905,3.630287
iii,GP,196906,5.471336
iii,GP,196907,4.276332
iii,GP,196908,3.679769
iii,GP,196909,3.072624
iii,GP,196910,1.266375
iii,GP,196911,3.788028
iii,GP,196912,5.867566
iii,GP,197001,-0.638063
iii,GP,197002,-7.950445
iii,GP,197003,-1.807830
iii,GP,197004,2.725689
iii,GP,197005,0.548123
iii,GP,197006,1.805261
iii,GP,197007,-4.933954
iii,GP,197008,-0.845040
iii,GP,197009,2.560104
iii,GP,197010,5.495609
iii,GP,197011,-0.048790
iii,GP,197012,-2.174977
iii,GP,197101,-2.921303
iii,GP,197102,1.410557
iii,GP,197103,0.536831
iii,GP,197104,-2.538559
iii,GP,197105,0.043129
iii,GP,197106,2.123091
iii,GP,197107,3.981717
iii,GP,197108,-1.041076
iii,GP,197109,5.296660
iii,GP,197110,6.162478
iii,GP,197111,2.939663
iii,GP,197112,-3.272641
iii,GP,197201,-4.525800
iii,GP,197202,1.246500
iii,GP,197203,3.808904
iii,GP,197204,0.759935
iii,GP,197205,2.779830
iii,GP,197206,4.811296
iii,GP,197207,5.192123
iii,GP,197208,-4.684943
iii,GP,197209,3.300720
iii,GP,197210,1.199019
iii,GP,197211,-5.200363
iii,GP,197212,3.953004
iii,GP,197301,3.536187
iii,GP,197302,1.209786
iii,GP,197303,-1.099557
iii,GP,197304,-1.042853
iii,GP,197305,4.880351
iii,GP,197306,-0.523039
iii,GP,197307,-2.821751
iii,GP,197308,-3.622392
iii,GP,197309,-10.570473
iii,GP,197310,-5.910710
iii,GP,197311,-1.503848
iii,GP,197312,-11.028784
iii,GP,197401,-2.018944
iii,GP,197402,-4.069117
iii,GP,197403,4.829688
iii,GP,197404,2.405460
iii,GP,197405,10.198068
iii,GP,197406,-1.739456
iii,GP,197407,-11.155722
iii,GP,197408,-2.519849
iii,GP,197409,-8.152046
iii,GP,197410,8.290589
iii,GP,197411,-2.172951
iii,GP,197412,-1.494930
iii,GP,197501,-5.722623
iii,GP,197502,6.179090
iii,GP,197503,-3.395496
iii,GP,197504,-5.958068
iii,GP,197505,0.608976
iii,GP,197506,-5.934171
iii,GP,197507,-4.380297
iii,GP,197508,1.177476
iii,GP,197509,1.353403
iii,GP,197510,8.323271
iii,GP,197511,1.502929
iii,GP,197512,-4.676338
iii,GP,197601,-5.261073
iii,GP,197602,-4.593597
iii,GP,197603,-2.334782
iii,GP,197604,-5.414050
iii,GP,197605,-2.316817
iii,GP,197606,-0.989686
iii,GP,197607,1.004378
iii,GP,197608,1.188785
iii,GP,197609,-0.758718
iii,GP,197610,-0.162501
iii,GP,197611,-3.799495
iii,GP,197612,-3.748988
iii,GP,197701,-6.108815
iii,GP,197702,0.853370
iii,GP,197703,-1.890585
iii,GP,197704,-5.809312
iii,GP,197705,0.077761
iii,GP,197706,4.271896
iii,GP,197707,2.929266
iii,GP,197708,7.284029
iii,GP,197709,1.093711
iii,GP,197710,0.369626
iii,GP,197711,0.264324
iii,GP,197712,-0.108568
iii,GP,197801,-1.082817
iii,GP,197802,-0.755599
iii,GP,197803,0.372279
iii,GP,197804,2.263044
iii,GP,197805,3.885972
iii,GP,197806,2.319375
iii,GP,197807,-1.243817
iii,GP,197808,0.608599
iii,GP,197809,-4.076571
iii,GP,197810,3.133388
iii,GP,197811,-1.183099
iii,GP,197812,0.373725
iii,GP,197901,-4.471039
iii,GP,197902,-2.416542
iii,GP,197903,-2.831990
iii,GP,197904,-0.822333
iii,GP,197905,-1.243858
iii,GP,197906,-3.944964
iii,GP,197907,-5.395071
iii,GP,197908,-1.011041
iii,GP,197909,-3.919164
iii,GP,197910,-0.554531
iii,GP,197911,-2.827927
iii,GP,197912,-5.235461
iii,GP,198001,-11.562337
iii,GP,198002,-12.078702
iii,GP,198003,10.026754
iii,GP,198004,-4.782402
iii,GP,198005,0.687307
iii,GP,198006,-1.773340
iii,GP,198007,6.723435
iii,GP,198008,-2.205918
iii,GP,198009,2.480188
iii,GP,198010,0.083568
iii,GP,198011,0.027684
iii,GP,198012,4.397941
iii,GP,198101,-2.851777
iii,GP,198102,2.840541
iii,GP,198103,1.804632
iii,GP,198104,1.945206
iii,GP,198105,-0.369661
iii,GP,198106,-1.485100
iii,GP,198107,-3.227995
iii,GP,198108,-0.281362
iii,GP,198109,1.058093
iii,GP,198110,5.801668
iii,GP,198111,-0.968968
iii,GP,198112,0.173489
iii,GP,198201,1.207429
iii,GP,198202,2.427475
iii,GP,198203,-0.786153
iii,GP,198204,4.329828
iii,GP,198205,-1.044189
iii,GP,198206,3.254960
iii,GP,198207,2.519017
iii,GP,198208,-1.362197
iii,GP,198209,3.477213
iii,GP,198210,0.056929
iii,GP,198211,2.280308
iii,GP,198212,-0.754161
iii,GP,198301,-10.000740
iii,GP,198302,3.803534
iii,GP,198303,3.265543
iii,GP,198304,-1.966406
iii,GP,198305,-0.115374
iii,GP,198306,1.541667
iii,GP,198307,-0.917107
iii,GP,198308,0.369560
iii,GP,198309,6.093400
iii,GP,198310,1.630914
iii,GP,198311,-6.069980
iii,GP,198312,3.154509
iii,GP,198401,-3.859620
iii,GP,198402,2.490090
iii,GP,198403,-0.579122
iii,GP,198404,4.772655
iii,GP,198405,4.335294
iii,GP,198406,2.560667
iii,GP,198407,7.463089
iii,GP,198408,-2.435965
iii,GP,198409,1.896670
iii,GP,198410,4.149122
iii,GP,198411,0.141397
iii,GP,198412,1.224579
iii,GP,198501,-2.954589
iii,GP,198502,0.665565
iii,GP,198503,0.714535
iii,GP,198504,2.154865
iii,GP,198505,0.479221
iii,GP,198506,-0.298162
iii,GP,198507,-2.347946
iii,GP,198508,0.536791
iii,GP,198509,5.194028
iii,GP,198510,3.493932
iii,GP,198511,2.562870
iii,GP,198512,2.189124
iii,GP,198601,-0.733158
iii,GP,198602,-1.511486
iii,GP,198603,2.579263
iii,GP,198604,5.151686
iii,GP,198605,4.283138
iii,GP,198606,5.999238
iii,GP,198607,5.447261
iii,GP,198608,-2.472046
iii,GP,198609,-4.315438
iii,GP,198610,4.414555
iii,GP,198611,1.918373
iii,GP,198612,2.515299
iii,GP,198701,2.147857
iii,GP,198702,-1.948725
iii,GP,198703,-1.541978
iii,GP,198704,-2.071673
iii,GP,198705,-1.015216
iii,GP,198706,3.295260
iii,GP,198707,-5.927784
iii,GP,198708,2.589733
iii,GP,198709,-2.280325
iii,GP,198710,7.886030
iii,GP,198711,-5.126438
iii,GP,198712,3.174904
iii,GP,198801,1.580376
iii,GP,198802,-2.443874
iii,GP,198803,-1.544489
iii,GP,198804,-2.082240
iii,GP,198805,1.292508
iii,GP,198806,0.484373
iii,GP,198807,-0.309181
iii,GP,198808,2.692216
iii,GP,198809,1.085300
iii,GP,198810,-0.372074
iii,GP,198811,0.088026
iii,GP,198812,-0.634742
iii,GP,198901,-2.793176
iii,GP,198902,-1.979701
iii,GP,198903,-1.620803
iii,GP,198904,-0.243688
iii,GP,198905,1.564193
iii,GP,198906,-0.611263
iii,GP,198907,4.837418
iii,GP,198908,-4.662507
iii,GP,198909,4.275680
iii,GP,198910,6.447707
iii,GP,198911,1.234147
iii,GP,198912,0.749959
iii,GP,199001,-0.405202
iii,GP,199002,-3.717923
iii,GP,199003,3.649922
iii,GP,199004,7.282815
iii,GP,199005,4.667794
iii,GP,199006,6.920825
iii,GP,199007,3.402819
iii,GP,199008,3.547231
iii,GP,199009,4.520315
iii,GP,199010,6.945725
iii,GP,199011,3.878963
iii,GP,199012,2.808643
iii,GP,199101,-2.438296
iii,GP,199102,-3.061249
iii,GP,199103,3.988375
iii,GP,199104,-2.312486
iii,GP,199105,-0.829689
iii,GP,199106,2.840943
iii,GP,199107,3.598254
iii,GP,199108,3.268045
iii,GP,199109,-0.223512
iii,GP,199110,1.205259
iii,GP,199111,6.773758
iii,GP,199112,2.698103
iii,GP,199201,-7.364178
iii,GP,199202,-2.942265
iii,GP,199203,-1.845229
iii,GP,199204,-2.124734
iii,GP,199205,1.750326
iii,GP,199206,-2.657864
iii,GP,199207,2.728978
iii,GP,199208,3.493972
iii,GP,199209,-4.626155
iii,GP,199210,3.647717
iii,GP,199211,-4.343398
iii,GP,199212,-3.621919
iii,GP,199301,-5.710758
iii,GP,199302,-2.483911
iii,GP,199303,-3.468893
iii,GP,199304,-3.940092
iii,GP,199305,0.627522
iii,GP,199306,-3.573714
iii,GP,199307,-6.641910
iii,GP,199308,0.902363
iii,GP,199309,0.449601
iii,GP,199310,-0.464703
iii,GP,199311,1.186923
iii,GP,199312,-2.431350
iii,GP,199401,-5.480433
iii,GP,199402,4.404839
iii,GP,199403,3.103019
iii,GP,199404,2.838799
iii,GP,199405,-0.409363
iii,GP,199406,1.485181
iii,GP,199407,-2.545921
iii,GP,199408,6.687584
iii,GP,199409,2.662107
iii,GP,199410,4.783332
iii,GP,199411,4.766991
iii,GP,199412,-3.392356
iii,GP,199501,2.552754
iii,GP,199502,-2.560993
iii,GP,199503,1.122063
iii,GP,199504,0.617566
iii,GP,199505,0.525259
iii,GP,199506,3.131753
iii,GP,199507,-1.481895
iii,GP,199508,-1.346058
iii,GP,199509,0.766466
iii,GP,199510,6.371632
iii,GP,199511,-2.034391
iii,GP,199512,-4.274300
iii,GP,199601,-0.910203
iii,GP,199602,2.657182
iii,GP,199603,-3.426890
iii,GP,199604,1.002834
iii,GP,199605,2.239016
iii,GP,199606,2.952522
iii,GP,199607,2.432709
iii,GP,199608,0.732274
iii,GP,199609,2.387853
iii,GP,199610,-1.710648
iii,GP,199611,1.050847
iii,GP,199612,0.136622
iii,GP,199701,5.089508
iii,GP,199702,0.134041
iii,GP,199703,-2.559171
iii,GP,199704,5.615832
iii,GP,199705,-0.932318
iii,GP,199706,-0.086540
iii,GP,199707,-0.924216
iii,GP,199708,-2.058144
iii,GP,199709,-5.024231
iii,GP,199710,2.255760
iii,GP,199711,2.646921
iii,GP,199712,-2.900502
iii,GP,199801,1.649239
iii,GP,199802,2.188556
iii,GP,199803,-2.058627
iii,GP,199804,-0.856391
iii,GP,199805,0.840972
iii,GP,199806,5.416842
iii,GP,199807,1.681970
iii,GP,199808,1.699326
iii,GP,199809,4.496227
iii,GP,199810,-3.530771
iii,GP,199811,5.801835
iii,GP,199812,2.668735
iii,GP,199901,0.521771
iii,GP,199902,1.955324
iii,GP,199903,-6.172959
iii,GP,199904,-6.660412
iii,GP,199905,2.349966
iii,GP,199906,0.835150
iii,GP,199907,0.128123
iii,GP,199908,1.139016
iii,GP,199909,-5.200745
iii,GP,199910,-1.972283
iii,GP,199911,7.109505
iii,GP,199912,-11.070929
iii,GP,200001,0.892828
iii,GP,200002,-1.124197
iii,GP,200003,2.656478
iii,GP,200004,6.975853
iii,GP,200005,4.192516
iii,GP,200006,-1.367918
iii,GP,200007,0.732948
iii,GP,200008,-4.298635
iii,GP,200009,6.984090
iii,GP,200010,3.409907
iii,GP,200011,13.881600
iii,GP,200012,0.718591
iii,GP,200101,-6.094449
iii,GP,200102,8.594620
iii,GP,200103,3.322409
iii,GP,200104,-6.414476
iii,GP,200105,2.257627
iii,GP,200106,-0.675294
iii,GP,200107,12.480017
iii,GP,200108,6.432464
iii,GP,200109,11.497171
iii,GP,200110,-0.805891
iii,GP,200111,-5.124682
iii,GP,200112,-2.549887
iii,GP,200201,9.418462
iii,GP,200202,1.861835
iii,GP,200203,-3.496441
iii,GP,200204,5.545365
iii,GP,200205,0.023470
iii,GP,200206,8.239561
iii,GP,200207,-2.378941
iii,GP,200208,0.992791
iii,GP,200209,2.688734
iii,GP,200210,4.230022
iii,GP,200211,-6.835564
iii,GP,200212,6.580720
iii,GP,200301,2.298336
iii,GP,200302,-0.972543
iii,GP,200303,0.840327
iii,GP,200304,-8.252084
iii,GP,200305,-1.843719
iii,GP,200306,2.076137
iii,GP,200307,1.356787
iii,GP,200308,0.283470
iii,GP,200309,-0.839597
iii,GP,200310,3.322686
iii,GP,200311,0.964767
iii,GP,200312,-7.582410
iii,GP,200401,-0.589946
iii,GP,200402,2.625181
iii,GP,200403,1.512854
iii,GP,200404,3.294963
iii,GP,200405,0.052899
iii,GP,200406,-0.301442
iii,GP,200407,-3.797845
iii,GP,200408,1.333572
iii,GP,200409,-2.443672
iii,GP,200410,0.846415
iii,GP,200411,-1.058868
iii,GP,200412,0.620960
iii,GP,200501,1.476513
iii,GP,200502,1.756544
iii,GP,200503,0.650080
iii,GP,200504,-0.636363
iii,GP,200505,3.410327
iii,GP,200506,3.573755
iii,GP,200507,-0.596632
iii,GP,200508,-2.220868
iii,GP,200509,-3.012512
iii,GP,200510,1.807029
iii,GP,200511,-0.615096
iii,GP,200512,-1.058584
iii,GP,200601,-1.666169
iii,GP,200602,0.497366
iii,GP,200603,-1.580258
iii,GP,200604,-1.839919
iii,GP,200605,-1.407798
iii,GP,200606,1.308773
iii,GP,200607,2.475286
iii,GP,200608,1.188756
iii,GP,200609,1.669380
iii,GP,200610,0.150155
iii,GP,200611,-2.595509
iii,GP,200612,-1.247072
iii,GP,200701,1.643981
iii,GP,200702,-0.555969
iii,GP,200703,-0.503114
iii,GP,200704,-1.402883
iii,GP,200705,-1.784461
iii,GP,200706,-2.129050
iii,GP,200707,-2.150230
iii,GP,200708,0.298812
iii,GP,200709,-2.097435
iii,GP,200710,-2.046277
iii,GP,200711,3.136333
iii,GP,200712,-3.638687
iii,GP,200801,1.504719
iii,GP,200802,-1.087843
iii,GP,200803,-2.873560
iii,GP,200804,-0.842603
iii,GP,200805,-0.448830
iii,GP,200806,-0.684928
iii,GP,200807,3.259863
iii,GP,200808,7.254508
iii,GP,200809,6.239564
iii,GP,200810,9.135972
iii,GP,200811,5.638430
iii,GP,200812,1.933183
iii,GP,200901,6.084981
iii,GP,200902,11.350630
iii,GP,200903,0.973674
iii,GP,200904,-7.840333
iii,GP,200905,-4.183538
iii,GP,200906,8.275238
iii,GP,200907,-6.319395
iii,GP,200908,-1.645605
iii,GP,200909,-2.682022
iii,GP,200910,9.660043
iii,GP,200911,-0.999947
iii,GP,200912,-5.130664
iii,GP,201001,2.561651
iii,GP,201002,-0.970249
iii,GP,201003,1.047183
iii,GP,201004,-2.682895
iii,GP,201005,2.835660
iii,GP,201006,1.823513
iii,GP,201007,-1.669412
iii,GP,201008,1.072520
iii,GP,201009,0.741323
iii,GP,201010,-2.581188
iii,GP,201011,-0.315309
iii,GP,201012,-4.676365
iii,GP,201101,-2.623727
iii,GP,201102,-4.634314
iii,GP,201103,1.795785
iii,GP,201104,3.583189
iii,GP,201105,5.055323
iii,GP,201106,2.172839
iii,GP,201107,1.786730
iii,GP,201108,6.101897
iii,GP,201109,5.487077
iii,GP,201110,-4.415570
iii,GP,201111,1.944733
iii,GP,201112,-3.798385
iii,GP,201201,-2.903428
iii,GP,201202,0.735548
iii,GP,201203,2.272782
iii,GP,201204,1.353523
iii,GP,201205,0.481398
iii,GP,201206,-7.198079
iii,GP,201207,-0.490512
iii,GP,201208,0.788921
iii,GP,201209,-5.822751
iii,GP,201210,-0.245274
iii,GP,201211,1.815711
iii,GP,201212,-1.509781
iii,GP,201301,-1.467802
iii,GP,201302,-2.789207
iii,GP,201303,1.666572
iii,GP,201304,4.128988
iii,GP,201305,-1.580201
iii,GP,201306,0.858744
iii,GP,201307,-0.727560
iii,GP,201308,-0.346346
iii,GP,201309,0.236164
iii,GP,201310,-0.870512
iii,GP,201311,0.546194
iii,GP,201312,-4.006050
iii,GP,201401,-4.571985
iii,GP,201402,1.021677
iii,GP,201403,1.299594
iii,GP,201404,-0.963742
iii,GP,201405,-1.108451
iii,GP,201406,-2.719823
iii,GP,201407,1.527805
iii,GP,201408,-0.142526
iii,GP,201409,4.645879
iii,GP,201410,4.433133
iii,GP,201411,4.661053
iii,GP,201412,3.831411
iii,GP,201501,0.708685
iii,GP,201502,-1.979074
iii,GP,201503,2.144494
iii,GP,201504,-5.284217
iii,GP,201505,-2.167231
iii,GP,201506,3.154915
iii,GP,201507,5.648678
iii,GP,201508,1.080695
iii,GP,201509,5.348240
iii,GP,201510,-7.645262
iii,GP,201511,-1.279134
iii,GP,201512,1.943625
iii,GP,201601,9.432395
iii,GP,201602,0.314295
iii,GP,201603,-3.958036
iii,GP,201604,-4.996653
iii,GP,201605,0.497373
iii,GP,201606,0.451268
iii,GP,201607,3.760711
iii,GP,201608,-2.961138
iii,GP,201609,-4.957342
iii,GP,201610,1.531374
iii,GP,201611,-5.092339
iii,GP,201612,-0.855315
iii,GP,201701,-0.161795
iii,GP,201702,3.985353
iii,GP,201703,1.708118
iii,GP,201704,4.011342
iii,GP,201705,3.868304
iii,GP,201706,-0.645731
iii,GP,201707,-3.427661
iii,GP,201708,-0.160870
iii,GP,201709,-4.865285
iii,GP,201710,6.857331
iii,GP,201711,4.756121
iii,GP,201712,-2.965777
iii,GP,201801,5.795315
iii,GP,201802,3.965619
iii,GP,201803,-1.977281
iii,GP,201804,-1.639468
iii,GP,201805,0.829255
iii,GP,201806,3.274002
iii,GP,201807,0.702399
iii,GP,201808,6.637879
iii,GP,201809,3.336261
iii,GP,201810,3.901933
iii,GP,201811,1.480032
iii,GP,201812,5.060086
iii,GP,201901,-5.537701
iii,GP,201902,3.304989
iii,GP,201903,-0.016971
iii,GP,201904,1.492624
iii,GP,201905,1.479608
iii,GP,201906,-1.193220
iii,GP,201907,1.534681
iii,GP,201908,3.467364
iii,GP,201909,-0.881533
iii,GP,201910,-3.120460
iii,GP,201911,-3.615358
iii,GP,201912,-1.177361
iii,GP,202001,3.779441
iii,GP,202002,1.788096
iii,GP,202003,14.004740
iii,GP,202004,5.877403
iii,GP,202005,-2.149402
iii,GP,202006,6.009739
iii,GP,202007,4.432411
iii,GP,202008,4.660926
iii,GP,202009,-2.442636
iii,GP,202010,-0.604111
iii,GP,202011,-14.686697
iii,GP,202012,-0.994373
iii,GP,202101,-3.212336
iii,GP,202102,-7.581181
iii,GP,202103,3.312702
iii,GP,202104,5.490982
iii,GP,202105,-3.092884
iii,GP,202106,1.779683
iii,GP,202107,6.761749
iii,GP,202108,-0.308524
iii,GP,202109,-6.136157
iii,GP,202110,3.929792
iii,GP,202111,8.355968
iii,GP,202112,1.499792
iii,GP,202201,-7.045411
iii,GP,202202,-5.491921
iii,GP,202203,-1.286630
iii,GP,202204,-3.776007
iii,GP,202205,-6.253343
iii,GP,202206,2.463949
iii,GP,202207,-4.377978
iii,GP,202208,-3.867113
iii,GP,202209,3.629459
iii,GP,202210,-4.896844
iii,GP,202211,5.136686
iii,GP,202212,0.282526
iii,GP,202301,-2.653903
iii,GP,202302,3.466855
iii,GP,202303,8.043304
iii,GP,202304,3.633285
iii,GP,202305,0.997560
iii,GP,202306,1.902199
iii,GP,202307,1.510264
iii,GP,202308,4.354754
iii,GP,202309,3.302093
iii,GP,202310,2.654598
iii,GP,202311,-3.650897
iii,GP,202312,-3.169294
iii,GP,202401,4.694367
iii,GP,202402,-0.626909
iii,GP,202403,-3.622230
iii,GP,202404,-3.440121
iii,GP,202405,-1.301705
iii,GP,202406,2.533471
iii,GP,202407,-3.436548
iii,GP,202408,3.553514
iii,GP,202409,0.612304
iii,GP,202410,5.080922
iii,GP,202411,1.502157
iii,GP,202412,4.239265
iii,GP,202501,-10.255836
iii,MOM,196307,3.426675
iii,MOM,196308,3.789178
iii,MOM,196309,0.799803
iii,MOM,196310,3.265231
iii,MOM,196311,-0.221865
iii,MOM,196312,3.813447
iii,MOM,196401,-0.030980
iii,MOM,196402,1.727938
iii,MOM,196403,2.760513
iii,MOM,196404,-0.137414
iii,MOM,196405,4.248739
iii,MOM,196406,-0.252995
iii,MOM,196407,-1.264148
iii,MOM,196408,0.640127
iii,MOM,196409,1.149360
iii,MOM,196410,-1.875423
iii,MOM,196411,2.894452
iii,MOM,196412,0.148943
iii,MOM,196501,-2.046161
iii,MOM,196502,0.404605
iii,MOM,196503,1.939925
iii,MOM,196504,2.151978
iii,MOM,196505,0.196444
iii,MOM,196506,-5.908498
iii,MOM,196507,6.592781
iii,MOM,196508,4.056592
iii,MOM,196509,3.113196
iii,MOM,196510,3.910822
iii,MOM,196511,10.004359
iii,MOM,196512,-0.814283
iii,MOM,196601,9.196110
iii,MOM,196602,10.824515
iii,MOM,196603,5.881889
iii,MOM,196604,3.950017
iii,MOM,196605,-7.802351
iii,MOM,196606,5.883032
iii,MOM,196607,0.730781
iii,MOM,196608,-3.399383
iii,MOM,196609,-2.242505
iii,MOM,196610,-7.585235
iii,MOM,196611,13.975914
iii,MOM,196612,0.140263
iii,MOM,196701,-6.351041
iii,MOM,196702,4.070274
iii,MOM,196703,4.352950
iii,MOM,196704,-0.111369
iii,MOM,196705,4.606391
iii,MOM,196706,5.646901
iii,MOM,196707,-3.023458
iii,MOM,196708,-1.899327
iii,MOM,196709,-0.359377
iii,MOM,196710,4.720494
iii,MOM,196711,1.691063
iii,MOM,196712,6.526906
iii,MOM,196801,-6.505626
iii,MOM,196802,-5.394490
iii,MOM,196803,4.417072
iii,MOM,196804,8.364513
iii,MOM,196805,9.104834
iii,MOM,196806,1.247576
iii,MOM,196807,-2.615267
iii,MOM,196808,3.594363
iii,MOM,196809,2.837218
iii,MOM,196810,-4.104656
iii,MOM,196811,1.766340
iii,MOM,196812,2.181056
iii,MOM,196901,0.803677
iii,MOM,196902,-2.182022
iii,MOM,196903,7.769237
iii,MOM,196904,2.405296
iii,MOM,196905,6.298187
iii,MOM,196906,0.457257
iii,MOM,196907,5.626056
iii,MOM,196908,3.845711
iii,MOM,196909,0.871516
iii,MOM,196910,-5.250423
iii,MOM,196911,7.660961
iii,MOM,196912,8.951057
iii,MOM,197001,-0.612875
iii,MOM,197002,-0.884768
iii,MOM,197003,-0.112764
iii,MOM,197004,6.301009
iii,MOM,197005,3.561064
iii,MOM,197006,9.504673
iii,MOM,197007,0.860065
iii,MOM,197008,-11.764566
iii,MOM,197009,-17.825643
iii,MOM,197010,14.804352
iii,MOM,197011,6.864455
iii,MOM,197012,-0.624893
iii,MOM,197101,-12.345383
iii,MOM,197102,0.225880
iii,MOM,197103,-3.558852
iii,MOM,197104,-0.054456
iii,MOM,197105,3.286434
iii,MOM,197106,7.374683
iii,MOM,197107,-1.559334
iii,MOM,197108,5.940025
iii,MOM,197109,5.237448
iii,MOM,197110,5.926620
iii,MOM,197111,4.323982
iii,MOM,197112,-0.693274
iii,MOM,197201,2.055412
iii,MOM,197202,1.292933
iii,MOM,197203,2.897028
iii,MOM,197204,2.860576
iii,MOM,197205,8.239747
iii,MOM,197206,5.077735
iii,MOM,197207,4.301098
iii,MOM,197208,-7.814275
iii,MOM,197209,6.011141
iii,MOM,197210,4.845905
iii,MOM,197211,-8.291671
iii,MOM,197212,9.970617
iii,MOM,197301,9.103511
iii,MOM,197302,4.481770
iii,MOM,197303,5.641066
iii,MOM,197304,8.804263
iii,MOM,197305,12.579933
iii,MOM,197306,9.302597
iii,MOM,197307,-19.295735
iii,MOM,197308,3.825890
iii,MOM,197309,-5.280622
iii,MOM,197310,9.642262
iii,MOM,197311,13.546132
iii,MOM,197312,14.258556
iii,MOM,197401,-18.987483
iii,MOM,197402,4.631974
iii,MOM,197403,-6.108741
iii,MOM,197404,6.589604
iii,MOM,197405,-2.373004
iii,MOM,197406,2.314500
iii,MOM,197407,10.821788
iii,MOM,197408,3.153527
iii,MOM,197409,6.807339
iii,MOM,197410,7.891962
iii,MOM,197411,-0.673632
iii,MOM,197412,2.798452
iii,MOM,197501,-18.772697
iii,MOM,197502,-6.170176
iii,MOM,197503,-1.946163
iii,MOM,197504,3.216881
iii,MOM,197505,-0.564442
iii,MOM,197506,-0.727476
iii,MOM,197507,4.175170
iii,MOM,197508,2.550793
iii,MOM,197509,5.715404
iii,MOM,197510,-0.358212
iii,MOM,197511,-1.549426
iii,MOM,197512,1.455245
iii,MOM,197601,9.026763
iii,MOM,197602,1.931624
iii,MOM,197603,1.268983
iii,MOM,197604,1.528446
iii,MOM,197605,-2.727429
iii,MOM,197606,-3.294754
iii,MOM,197607,1.006945
iii,MOM,197608,-0.696549
iii,MOM,197609,-0.229113
iii,MOM,197610,0.371516
iii,MOM,197611,3.212650
iii,MOM,197612,3.310858
iii,MOM,197701,11.693850
iii,MOM,197702,0.265544
iii,MOM,197703,2.067826
iii,MOM,197704,8.277015
iii,MOM,197705,3.260130
iii,MOM,197706,1.066030
iii,MOM,197707,0.527055
iii,MOM,197708,-4.674143
iii,MOM,197709,3.258455
iii,MOM,197710,0.522811
iii,MOM,197711,5.954454
iii,MOM,197712,2.323228
iii,MOM,197801,1.570068
iii,MOM,197802,6.961735
iii,MOM,197803,3.360162
iii,MOM,197804,-1.546951
iii,MOM,197805,6.478492
iii,MOM,197806,6.814831
iii,MOM,197807,4.050998
iii,MOM,197808,8.370940
iii,MOM,197809,-6.209059
iii,MOM,197810,-12.627886
iii,MOM,197811,8.912216
iii,MOM,197812,5.881121
iii,MOM,197901,-3.245988
iii,MOM,197902,-2.475101
iii,MOM,197903,1.330110
iii,MOM,197904,1.355726
iii,MOM,197905,1.547263
iii,MOM,197906,-0.343464
iii,MOM,197907,-1.939092
iii,MOM,197908,0.115815
iii,MOM,197909,8.605573
iii,MOM,197910,6.831543
iii,MOM,197911,10.366624
iii,MOM,197912,4.178219
iii,MOM,198001,10.528172
iii,MOM,198002,10.604970
iii,MOM,198003,-17.827863
iii,MOM,198004,1.849134
iii,MOM,198005,-4.288274
iii,MOM,198006,4.168286
iii,MOM,198007,-6.308317
iii,MOM,198008,3.087520
iii,MOM,198009,7.946150
iii,MOM,198010,6.127237
iii,MOM,198011,15.903074
iii,MOM,198012,-5.535149
iii,MOM,198101,-11.296459
iii,MOM,198102,0.399298
iii,MOM,198103,-1.836082
iii,MOM,198104,0.404649
iii,MOM,198105,4.500670
iii,MOM,198106,-12.403300
iii,MOM,198107,-6.041363
iii,MOM,198108,-1.176174
iii,MOM,198109,2.613924
iii,MOM,198110,8.033983
iii,MOM,198111,-1.543250
iii,MOM,198112,2.076532
iii,MOM,198201,1.794346
iii,MOM,198202,5.858764
iii,MOM,198203,2.281675
iii,MOM,198204,0.404229
iii,MOM,198205,4.881557
iii,MOM,198206,12.438091
iii,MOM,198207,7.387070
iii,MOM,198208,-1.541355
iii,MOM,198209,9.888733
iii,MOM,198210,1.631882
iii,MOM,198211,8.397251
iii,MOM,198212,-5.701132
iii,MOM,198301,-2.794264
iii,MOM,198302,9.635360
iii,MOM,198303,3.694888
iii,MOM,198304,3.522986
iii,MOM,198305,-3.626187
iii,MOM,198306,1.834726
iii,MOM,198307,-4.670294
iii,MOM,198308,-5.121495
iii,MOM,198309,-1.288143
iii,MOM,198310,-8.849320
iii,MOM,198311,1.481322
iii,MOM,198312,-2.636284
iii,MOM,198401,-5.838919
iii,MOM,198402,0.823768
iii,MOM,198403,3.722466
iii,MOM,198404,1.957640
iii,MOM,198405,2.291381
iii,MOM,198406,0.345009
iii,MOM,198407,4.315730
iii,MOM,198408,-5.521338
iii,MOM,198409,5.200505
iii,MOM,198410,4.258361
iii,MOM,198411,3.414009
iii,MOM,198412,1.102977
iii,MOM,198501,-9.339587
iii,MOM,198502,2.196090
iii,MOM,198503,0.055532
iii,MOM,198504,4.034342
iii,MOM,198505,8.426182
iii,MOM,198506,3.181250
iii,MOM,198507,-2.111757
iii,MOM,198508,2.582846
iii,MOM,198509,4.042508
iii,MOM,198510,5.434227
iii,MOM,198511,0.439148
iii,MOM,198512,1.054492
iii,MOM,198601,7.135393
iii,MOM,198602,2.787672
iii,MOM,198603,5.058810
iii,MOM,198604,0.497483
iii,MOM,198605,2.819118
iii,MOM,198606,7.751317
iii,MOM,198607,3.614156
iii,MOM,198608,-6.855422
iii,MOM,198609,-9.703864
iii,MOM,198610,6.139323
iii,MOM,198611,-0.098666
iii,MOM,198612,3.526674
iii,MOM,198701,3.445255
iii,MOM,198702,-3.142898
iii,MOM,198703,3.383454
iii,MOM,198704,6.299948
iii,MOM,198705,-0.751323
iii,MOM,198706,0.143835
iii,MOM,198707,1.525085
iii,MOM,198708,1.390340
iii,MOM,198709,3.068103
iii,MOM,198710,6.595550
iii,MOM,198711,2.141330
iii,MOM,198712,5.330376
iii,MOM,198801,-9.229972
iii,MOM,198802,-2.841906
iii,MOM,198803,-0.671716
iii,MOM,198804,1.779055
iii,MOM,198805,2.695879
iii,MOM,198806,-6.421532
iii,MOM,198807,2.017231
iii,MOM,198808,-1.353494
iii,MOM,198809,2.491620
iii,MOM,198810,1.390154
iii,MOM,198811,0.955142
iii,MOM,198812,-0.244902
iii,MOM,198901,-2.997561
iii,MOM,198902,4.378798
iii,MOM,198903,6.565657
iii,MOM,198904,2.646283
iii,MOM,198905,0.290957
iii,MOM,198906,2.800449
iii,MOM,198907,10.598203
iii,MOM,198908,0.480535
iii,MOM,198909,5.735519
iii,MOM,198910,6.121145
iii,MOM,198911,2.751513
iii,MOM,198912,0.365530
iii,MOM,199001,-2.234799
iii,MOM,199002,-1.329536
iii,MOM,199003,0.237449
iii,MOM,199004,4.795660
iii,MOM,199005,7.544604
iii,MOM,199006,3.277060
iii,MOM,199007,5.411894
iii,MOM,199008,4.609985
iii,MOM,199009,10.115278
iii,MOM,199010,6.963937
iii,MOM,199011,-9.933652
iii,MOM,199012,1.714885
iii,MOM,199101,-2.395207
iii,MOM,199102,-12.017197
iii,MOM,199103,0.035208
iii,MOM,199104,0.503025
iii,MOM,199105,1.057355
iii,MOM,199106,-0.845991
iii,MOM,199107,7.920764
iii,MOM,199108,0.408429
iii,MOM,199109,7.059645
iii,MOM,199110,4.177193
iii,MOM,199111,5.907267
iii,MOM,199112,11.988362
iii,MOM,199201,-3.311226
iii,MOM,199202,-0.191138
iii,MOM,199203,0.659338
iii,MOM,199204,-5.431927
iii,MOM,199205,-1.420064
iii,MOM,199206,0.539989
iii,MOM,199207,2.308220
iii,MOM,199208,-0.711195
iii,MOM,199209,2.787717
iii,MOM,199210,1.549900
iii,MOM,199211,0.387579
iii,MOM,199212,8.248043
iii,MOM,199301,4.835808
iii,MOM,199302,1.023267
iii,MOM,199303,7.705569
iii,MOM,199304,3.622298
iii,MOM,199305,4.132554
iii,MOM,199306,6.181421
iii,MOM,199307,4.948568
iii,MOM,199308,4.965888
iii,MOM,199309,7.511989
iii,MOM,199310,-8.939371
iii,MOM,199311,-9.826411
iii,MOM,199312,1.983336
iii,MOM,199401,-1.742935
iii,MOM,199402,1.017647
iii,MOM,199403,-1.158499
iii,MOM,199404,3.307213
iii,MOM,199405,-4.274540
iii,MOM,199406,-1.836988
iii,MOM,199407,0.231610
iii,MOM,199408,0.662379
iii,MOM,199409,1.079826
iii,MOM,199410,5.088894
iii,MOM,199411,-1.903125
iii,MOM,199412,4.984399
iii,MOM,199501,-4.246268
iii,MOM,199502,2.447005
iii,MOM,199503,5.052681
iii,MOM,199504,3.340487
iii,MOM,199505,0.131479
iii,MOM,199506,0.210781
iii,MOM,199507,2.075188
iii,MOM,199508,0.926988
iii,MOM,199509,4.361123
iii,MOM,199510,10.180026
iii,MOM,199511,-4.356189
iii,MOM,199512,2.443774
iii,MOM,199601,1.233778
iii,MOM,199602,-0.373734
iii,MOM,199603,-4.467141
iii,MOM,199604,-2.684874
iii,MOM,199605,4.404243
iii,MOM,199606,3.942053
iii,MOM,199607,0.087203
iii,MOM,199608,0.013649
iii,MOM,199609,4.006211
iii,MOM,199610,6.365975
iii,MOM,199611,-12.321138
iii,MOM,199612,4.097418
iii,MOM,199701,6.557349
iii,MOM,199702,-3.445312
iii,MOM,199703,4.148345
iii,MOM,199704,12.462450
iii,MOM,199705,-12.819350
iii,MOM,199706,3.613937
iii,MOM,199707,12.204435
iii,MOM,199708,-4.354768
iii,MOM,199709,0.327844
iii,MOM,199710,-2.771184
iii,MOM,199711,3.806623
iii,MOM,199712,2.651636
iii,MOM,199801,3.744905
iii,MOM,199802,1.570709
iii,MOM,199803,2.921681
iii,MOM,199804,2.464459
iii,MOM,199805,6.520083
iii,MOM,199806,13.665328
iii,MOM,199807,8.320199
iii,MOM,199808,5.662483
iii,MOM,199809,-2.422195
iii,MOM,199810,-8.727168
iii,MOM,199811,3.272690
iii,MOM,199812,14.781361
iii,MOM,199901,6.091211
iii,MOM,199902,3.112180
iii,MOM,199903,-4.601249
iii,MOM,199904,-19.587353
iii,MOM,199905,-9.928531
iii,MOM,199906,7.620603
iii,MOM,199907,1.956328
iii,MOM,199908,6.773179
iii,MOM,199909,6.036848
iii,MOM,199910,9.397884
iii,MOM,199911,3.231232
iii,MOM,199912,24.393835
iii,MOM,200001,1.703048
iii,MOM,200002,24.731508
iii,MOM,200003,-8.292762
iii,MOM,200004,-8.347659
iii,MOM,200005,-9.328241
iii,MOM,200006,18.091591
iii,MOM,200007,1.297915
iii,MOM,200008,7.253986
iii,MOM,200009,0.990676
iii,MOM,200010,1.584165
iii,MOM,200011,0.635514
iii,MOM,200012,16.642967
iii,MOM,200101,-41.077830
iii,MOM,200102,17.701474
iii,MOM,200103,10.531517
iii,MOM,200104,-7.368708
iii,MOM,200105,10.531439
iii,MOM,200106,4.260323
iii,MOM,200107,2.881540
iii,MOM,200108,12.288933
iii,MOM,200109,12.820701
iii,MOM,200110,-12.748789
iii,MOM,200111,-12.850217
iii,MOM,200112,6.881138
iii,MOM,200201,0.007553
iii,MOM,200202,15.727633
iii,MOM,200203,0.274419
iii,MOM,200204,14.573132
iii,MOM,200205,1.864696
iii,MOM,200206,10.970661
iii,MOM,200207,-6.890516
iii,MOM,200208,-1.636458
iii,MOM,200209,13.955217
iii,MOM,200210,-17.494219
iii,MOM,200211,-21.569654
iii,MOM,200212,13.809626
iii,MOM,200301,1.346785
iii,MOM,200302,-1.471520
iii,MOM,200303,3.009445
iii,MOM,200304,-12.567041
iii,MOM,200305,-17.711167
iii,MOM,200306,-1.054870
iii,MOM,200307,-5.118375
iii,MOM,200308,-2.270519
iii,MOM,200309,-0.779775
iii,MOM,200310,7.858794
iii,MOM,200311,1.708367
iii,MOM,200312,-10.734947
iii,MOM,200401,0.917566
iii,MOM,200402,-2.534211
iii,MOM,200403,1.181968
iii,MOM,200404,-10.702046
iii,MOM,200405,3.205938
iii,MOM,200406,0.610201
iii,MOM,200407,-5.340965
iii,MOM,200408,-2.318657
iii,MOM,200409,5.276223
iii,MOM,200410,-3.683783
iii,MOM,200411,5.879096
iii,MOM,200412,-4.387453
iii,MOM,200501,0.737599
iii,MOM,200502,1.737951
iii,MOM,200503,0.963043
iii,MOM,200504,-4.330590
iii,MOM,200505,2.204091
iii,MOM,200506,5.345605
iii,MOM,200507,0.326563
iii,MOM,200508,3.473222
iii,MOM,200509,6.141625
iii,MOM,200510,0.765056
iii,MOM,200511,0.296273
iii,MOM,200512,2.910778
iii,MOM,200601,5.699139
iii,MOM,200602,-6.218108
iii,MOM,200603,2.413239
iii,MOM,200604,1.612682
iii,MOM,200605,-4.602456
iii,MOM,200606,-0.648616
iii,MOM,200607,-1.274493
iii,MOM,200608,-8.267496
iii,MOM,200609,0.583827
iii,MOM,200610,0.434586
iii,MOM,200611,-3.047605
iii,MOM,200612,1.922406
iii,MOM,200701,-0.386082
iii,MOM,200702,-3.100092
iii,MOM,200703,3.052357
iii,MOM,200704,-1.519360
iii,MOM,200705,3.500297
iii,MOM,200706,2.155564
iii,MOM,200707,2.833890
iii,MOM,200708,3.859397
iii,MOM,200709,5.335336
iii,MOM,200710,7.715336
iii,MOM,200711,6.214828
iii,MOM,200712,8.234702
iii,MOM,200801,-15.960018
iii,MOM,200802,12.589577
iii,MOM,200803,4.760365
iii,MOM,200804,5.548066
iii,MOM,200805,0.498697
iii,MOM,200806,12.884795
iii,MOM,200807,-8.346754
iii,MOM,200808,-9.781746
iii,MOM,200809,-0.594385
iii,MOM,200810,15.852925
iii,MOM,200811,16.225395
iii,MOM,200812,-1.723611
iii,MOM,200901,-0.284433
iii,MOM,200902,6.588525
iii,MOM,200903,-11.937984
iii,MOM,200904,-62.472812
iii,MOM,200905,-14.419159
iii,MOM,200906,7.051402
iii,MOM,200907,-8.488945
iii,MOM,200908,-14.977657
iii,MOM,200909,-10.215951
iii,MOM,200910,5.549733
iii,MOM,200911,5.359443
iii,MOM,200912,4.252591
iii,MOM,201001,-5.155110
iii,MOM,201002,6.877244
iii,MOM,201003,3.963631
iii,MOM,201004,7.563489
iii,MOM,201005,-0.419436
iii,MOM,201006,-4.946754
iii,MOM,201007,2.980550
iii,MOM,201008,-0.985206
iii,MOM,201009,2.256868
iii,MOM,201010,0.469687
iii,MOM,201011,5.664548
iii,MOM,201012,-6.191542
iii,MOM,201101,-3.441329
iii,MOM,201102,4.183904
iii,MOM,201103,3.937722
iii,MOM,201104,1.730158
iii,MOM,201105,0.383522
iii,MOM,201106,4.698699
iii,MOM,201107,2.392071
iii,MOM,201108,2.729679
iii,MOM,201109,-6.620255
iii,MOM,201110,-1.427373
iii,MOM,201111,0.081362
iii,MOM,201112,3.714790
iii,MOM,201201,-14.766553
iii,MOM,201202,1.359668
iii,MOM,201203,5.808577
iii,MOM,201204,3.823607
iii,MOM,201205,8.139190
iii,MOM,201206,-1.960219
iii,MOM,201207,6.562218
iii,MOM,201208,2.868923
iii,MOM,201209,-1.310939
iii,MOM,201210,2.656678
iii,MOM,201211,3.063490
iii,MOM,201212,-6.653937
iii,MOM,201301,-1.139210
iii,MOM,201302,2.227637
iii,MOM,201303,-0.341276
iii,MOM,201304,-0.199487
iii,MOM,201305,2.005588
iii,MOM,201306,4.462440
iii,MOM,201307,-2.991549
iii,MOM,201308,-5.792997
iii,MOM,201309,9.444742
iii,MOM,201310,-3.753771
iii,MOM,201311,-0.893168
iii,MOM,201312,0.579821
iii,MOM,201401,5.577920
iii,MOM,201402,0.902731
iii,MOM,201403,-6.583898
iii,MOM,201404,-2.879479
iii,MOM,201405,4.099922
iii,MOM,201406,-0.835035
iii,MOM,201407,2.428417
iii,MOM,201408,1.532706
iii,MOM,201409,5.914335
iii,MOM,201410,1.437775
iii,MOM,201411,3.925125
iii,MOM,201412,-1.770507
iii,MOM,201501,7.782644
iii,MOM,201502,-8.293389
iii,MOM,201503,3.624784
iii,MOM,201504,-12.837115
iii,MOM,201505,12.173014
iii,MOM,201506,3.822439
iii,MOM,201507,23.072893
iii,MOM,201508,-1.951665
iii,MOM,201509,12.755064
iii,MOM,201510,-3.689366
iii,MOM,201511,7.309693
iii,MOM,201512,2.935207
iii,MOM,201601,7.272202
iii,MOM,201602,-8.308867
iii,MOM,201603,-9.607294
iii,MOM,201604,-18.175731
iii,MOM,201605,7.282596
iii,MOM,201606,0.945058
iii,MOM,201607,-3.651554
iii,MOM,201608,-2.777787
iii,MOM,201609,-1.544047
iii,MOM,201610,4.127718
iii,MOM,201611,-0.109363
iii,MOM,201612,-0.476604
iii,MOM,201701,0.130105
iii,MOM,201702,-3.146495
iii,MOM,201703,3.080729
iii,MOM,201704,-0.888977
iii,MOM,201705,9.481603
iii,MOM,201706,-6.478638
iii,MOM,201707,2.944749
iii,MOM,201708,5.718782
iii,MOM,201709,-4.968680
iii,MOM,201710,9.371676
iii,MOM,201711,-5.988441
iii,MOM,201712,-3.942136
iii,MOM,201801,16.705911
iii,MOM,201802,6.104752
iii,MOM,201803,-1.338006
iii,MOM,201804,-0.035016
iii,MOM,201805,5.315127
iii,MOM,201806,-2.321240
iii,MOM,201807,-1.065251
iii,MOM,201808,10.574961
iii,MOM,201809,0.948630
iii,MOM,201810,-6.706628
iii,MOM,201811,3.682203
iii,MOM,201812,3.155484
iii,MOM,201901,-12.460108
iii,MOM,201902,-5.827168
iii,MOM,201903,-4.010117
iii,MOM,201904,-2.010620
iii,MOM,201905,13.542389
iii,MOM,201906,-3.219536
iii,MOM,201907,6.152450
iii,MOM,201908,8.829791
iii,MOM,201909,-7.963849
iii,MOM,201910,2.835617
iii,MOM,201911,-0.579404
iii,MOM,201912,-8.890848
iii,MOM,202001,16.115145
iii,MOM,202002,5.422473
iii,MOM,202003,20.681303
iii,MOM,202004,-28.972495
iii,MOM,202005,10.533887
iii,MOM,202006,-6.450054
iii,MOM,202007,11.800412
iii,MOM,202008,8.584743
iii,MOM,202009,2.063731
iii,MOM,202010,2.414357
iii,MOM,202011,-36.301564
iii,MOM,202012,-0.339355
iii,MOM,202101,-6.663240
iii,MOM,202102,-22.251658
iii,MOM,202103,-13.320873
iii,MOM,202104,3.606695
iii,MOM,202105,-5.500589
iii,MOM,202106,6.323380
iii,MOM,202107,0.334315
iii,MOM,202108,3.899011
iii,MOM,202109,-0.112573
iii,MOM,202110,-0.344037
iii,MOM,202111,4.446465
iii,MOM,202112,-9.902791
iii,MOM,202201,-6.719861
iii,MOM,202202,4.893112
iii,MOM,202203,8.875244
iii,MOM,202204,8.597060
iii,MOM,202205,10.946878
iii,MOM,202206,0.737410
iii,MOM,202207,-3.760473
iii,MOM,202208,2.365294
iii,MOM,202209,1.182705
iii,MOM,202210,12.098224
iii,MOM,202211,-1.065349
iii,MOM,202212,2.274190
iii,MOM,202301,-23.597455
iii,MOM,202302,-15.348812
iii,MOM,202303,3.600517
iii,MOM,202304,9.281189
iii,MOM,202305,7.956595
iii,MOM,202306,0.135612
iii,MOM,202307,-3.150546
iii,MOM,202308,7.540899
iii,MOM,202309,0.881979
iii,MOM,202310,5.969960
iii,MOM,202311,5.538313
iii,MOM,202312,-13.556004
iii,MOM,202401,11.652786
iii,MOM,202402,8.280011
iii,MOM,202403,4.017709
iii,MOM,202404,1.375473
iii,MOM,202405,9.531060
iii,MOM,202406,11.629033
iii,MOM,202407,-12.674221
iii,MOM,202408,7.594086
iii,MOM,202409,-0.652825
iii,MOM,202410,5.203610
iii,MOM,202411,-4.486474
iii,MOM,202412,4.073224
iii,MOM,202501,-2.855140
iv,BM,196307,-1.882907
iv,BM,196308,1.762998
iv,BM,196309,-0.361820
iv,BM,196310,-2.007869
iv,BM,196311,-2.813561
iv,BM,196312,-1.068245
iv,BM,196401,-2.269074
iv,BM,196402,2.852306
iv,BM,196403,5.034632
iv,BM,196404,1.268860
iv,BM,196405,-0.363861
iv,BM,196406,2.960009
iv,BM,196407,-0.113704
iv,BM,196408,-0.392303
iv,BM,196409,1.561080
iv,BM,196410,3.916097
iv,BM,196411,-3.877966
iv,BM,196412,-4.381956
iv,BM,196501,0.368043
iv,BM,196502,1.815858
iv,BM,196503,1.393000
iv,BM,196504,-0.835638
iv,BM,196505,-1.749200
iv,BM,196506,-3.133643
iv,BM,196507,3.693133
iv,BM,196508,-0.868982
iv,BM,196509,3.047341
iv,BM,196510,3.437106
iv,BM,196511,4.789732
iv,BM,196512,1.946927
iv,BM,196601,9.232316
iv,BM,196602,0.716497
iv,BM,196603,-4.222605
iv,BM,196604,1.421070
iv,BM,196605,-5.142308
iv,BM,196606,0.198135
iv,BM,196607,0.598429
iv,BM,196608,-0.733587
iv,BM,196609,0.037675
iv,BM,196610,0.044369
iv,BM,196611,-9.966987
iv,BM,196612,1.353233
iv,BM,196701,9.210726
iv,BM,196702,-2.657931
iv,BM,196703,2.098019
iv,BM,196704,-3.819873
iv,BM,196705,1.713751
iv,BM,196706,0.308471
iv,BM,196707,4.271285
iv,BM,196708,1.956833
iv,BM,196709,-2.593217
iv,BM,196710,-6.895987
iv,BM,196711,-1.735831
iv,BM,196712,1.675664
iv,BM,196801,7.759060
iv,BM,196802,0.160609
iv,BM,196803,-6.162653
iv,BM,196804,1.008574
iv,BM,196805,-0.812215
iv,BM,196806,-0.584162
iv,BM,196807,4.112889
iv,BM,196808,1.223255
iv,BM,196809,7.794498
iv,BM,196810,6.855751
iv,BM,196811,-6.279378
iv,BM,196812,3.957182
iv,BM,196901,4.200552
iv,BM,196902,-2.914176
iv,BM,196903,-1.343777
iv,BM,196904,-4.115199
iv,BM,196905,0.133587
iv,BM,196906,-8.353660
iv,BM,196907,-3.085215
iv,BM,196908,-4.809842
iv,BM,196909,-3.649335
iv,BM,196910,-0.227348
iv,BM,196911,-4.690768
iv,BM,196912,-6.164324
iv,BM,197001,3.934022
iv,BM,197002,6.344668
iv,BM,197003,4.408553
iv,BM,197004,2.141215
iv,BM,197005,2.305778
iv,BM,197006,0.292549
iv,BM,197007,1.855063
iv,BM,197008,1.401723
iv,BM,197009,-2.899945
iv,BM,197010,-5.209282
iv,BM,197011,-0.457016
iv,BM,197012,5.365431
iv,BM,197101,3.679996
iv,BM,197102,-0.742369
iv,BM,197103,-4.474376
iv,BM,197104,3.374909
iv,BM,197105,-1.764130
iv,BM,197106,-2.207329
iv,BM,197107,-4.626830
iv,BM,197108,7.533007
iv,BM,197109,-5.735663
iv,BM,197110,-3.727117
iv,BM,197111,-2.888945
iv,BM,197112,2.706682
iv,BM,197201,9.720635
iv,BM,197202,-3.981138
iv,BM,197203,-1.395294
iv,BM,197204,-1.744857
iv,BM,197205,-5.768221
iv,BM,197206,-5.296366
iv,BM,197207,-4.811223
iv,BM,197208,5.368345
iv,BM,197209,-4.025948
iv,BM,197210,-3.329532
iv,BM,197211,13.032410
iv,BM,197212,-8.120743
iv,BM,197301,-3.161957
iv,BM,197302,-1.651150
iv,BM,197303,4.647257
iv,BM,197304,2.106772
iv,BM,197305,-6.526720
iv,BM,197306,-2.777299
iv,BM,197307,0.500241
iv,BM,197308,4.328284
iv,BM,197309,12.395728
iv,BM,197310,4.516033
iv,BM,197311,-2.304594
iv,BM,197312,11.146708
iv,BM,197401,11.139205
iv,BM,197402,6.128275
iv,BM,197403,-1.907185
iv,BM,197404,1.802554
iv,BM,197405,-8.798207
iv,BM,197406,3.350615
iv,BM,197407,9.548238
iv,BM,197408,3.457059
iv,BM,197409,9.084937
iv,BM,197410,-17.101164
iv,BM,197411,-0.611330
iv,BM,197412,-5.468953
iv,BM,197501,25.801630
iv,BM,197502,-6.527001
iv,BM,197503,2.886834
iv,BM,197504,1.614358
iv,BM,197505,2.092979
iv,BM,197506,4.458642
iv,BM,197507,5.353841
iv,BM,197508,-5.576246
iv,BM,197509,1.247483
iv,BM,197510,-8.570894
iv,BM,197511,-0.408879
iv,BM,197512,3.348424
iv,BM,197601,16.310854
iv,BM,197602,21.758360
iv,BM,197603,0.449440
iv,BM,197604,2.176001
iv,BM,197605,0.390242
iv,BM,197606,0.399888
iv,BM,197607,3.782220
iv,BM,197608,-3.190652
iv,BM,197609,-1.032000
iv,BM,197610,-0.761202
iv,BM,197611,2.715858
iv,BM,197612,6.061117
iv,BM,197701,11.313073
iv,BM,197702,-0.186885
iv,BM,197703,1.026379
iv,BM,197704,4.356039
iv,BM,197705,1.512428
iv,BM,197706,-1.126869
iv,BM,197707,-2.057938
iv,BM,197708,-6.416682
iv,BM,197709,1.080801
iv,BM,197710,-0.375559
iv,BM,197711,3.270494
iv,BM,197712,-1.336200
iv,BM,197801,6.155514
iv,BM,197802,1.573522
iv,BM,197803,6.389911
iv,BM,197804,-5.953471
iv,BM,197805,3.789607
iv,BM,197806,-1.714109
iv,BM,197807,2.487643
iv,BM,197808,4.067738
iv,BM,197809,2.504207
iv,BM,197810,-11.597999
iv,BM,197811,0.046177
iv,BM,197812,-6.488251
iv,BM,197901,8.127272
iv,BM,197902,0.129738
iv,BM,197903,5.582195
iv,BM,197904,-0.591911
iv,BM,197905,1.574140
iv,BM,197906,3.139301
iv,BM,197907,6.734350
iv,BM,197908,0.526450
iv,BM,197909,0.149577
iv,BM,197910,-4.937766
iv,BM,197911,-4.229741
iv,BM,197912,2.183680
iv,BM,198001,11.021800
iv,BM,198002,3.677003
iv,BM,198003,-7.874093
iv,BM,198004,0.615581
iv,BM,198005,0.818950
iv,BM,198006,-1.024808
iv,BM,198007,1.496236
iv,BM,198008,-4.494552
iv,BM,198009,-6.690333
iv,BM,198010,2.419001
iv,BM,198011,-12.045932
iv,BM,198012,-3.759977
iv,BM,198101,10.780224
iv,BM,198102,2.614158
iv,BM,198103,4.466071
iv,BM,198104,-3.489188
iv,BM,198105,-4.146693
iv,BM,198106,5.112768
iv,BM,198107,-0.849319
iv,BM,198108,1.563234
iv,BM,198109,2.057318
iv,BM,198110,-11.020350
iv,BM,198111,4.103675
iv,BM,198112,2.471218
iv,BM,198201,-0.061736
iv,BM,198202,8.537120
iv,BM,198203,3.473835
iv,BM,198204,-0.336288
iv,BM,198205,1.399076
iv,BM,198206,4.676878
iv,BM,198207,-0.915147
iv,BM,198208,-1.262896
iv,BM,198209,-4.359506
iv,BM,198210,-5.000152
iv,BM,198211,-3.745297
iv,BM,198212,6.219419
iv,BM,198301,-1.613429
iv,BM,198302,0.285420
iv,BM,198303,4.175608
iv,BM,198304,4.127782
iv,BM,198305,-1.217967
iv,BM,198306,3.760630
iv,BM,198307,8.788572
iv,BM,198308,12.865771
iv,BM,198309,-0.864241
iv,BM,198310,10.718158
iv,BM,198311,-5.219403
iv,BM,198312,3.782466
iv,BM,198401,14.621031
iv,BM,198402,12.882187
iv,BM,198403,1.600904
iv,BM,198404,-0.535754
iv,BM,198405,-0.677776
iv,BM,198406,-8.676099
iv,BM,198407,0.119909
iv,BM,198408,0.711527
iv,BM,198409,6.360696
iv,BM,198410,-1.837313
iv,BM,198411,5.470374
iv,BM,198412,0.412469
iv,BM,198501,-9.975031
iv,BM,198502,1.641369
iv,BM,198503,4.289958
iv,BM,198504,2.276332
iv,BM,198505,-3.225077
iv,BM,198506,-0.161528
iv,BM,198507,4.817916
iv,BM,198508,2.238233
iv,BM,198509,4.191915
iv,BM,198510,-0.861147
iv,BM,198511,-8.119879
iv,BM,198512,-4.101275
iv,BM,198601,0.389283
iv,BM,198602,0.615106
iv,BM,198603,-5.381927
iv,BM,198604,-5.408714
iv,BM,198605,-5.044458
iv,BM,198606,-5.913420
iv,BM,198607,-1.058306
iv,BM,198608,8.761140
iv,BM,198609,14.196835
iv,BM,198610,-4.915901
iv,BM,198611,-4.756952
iv,BM,198612,3.514236
iv,BM,198701,-3.710296
iv,BM,198702,-8.965422
iv,BM,198703,13.746392
iv,BM,198704,3.595032
iv,BM,198705,4.273674
iv,BM,198706,-1.671306
iv,BM,198707,3.824500
iv,BM,198708,-3.658491
iv,BM,198709,0.235437
iv,BM,198710,-3.507206
iv,BM,198711,7.761293
iv,BM,198712,6.058000
iv,BM,198801,1.128461
iv,BM,198802,3.955808
iv,BM,198803,7.465195
iv,BM,198804,5.331733
iv,BM,198805,2.480250
iv,BM,198806,-4.470120
iv,BM,198807,1.782034
iv,BM,198808,-1.791841
iv,BM,198809,-0.923790
iv,BM,198810,7.216805
iv,BM,198811,2.927924
iv,BM,198812,-5.150209
iv,BM,198901,1.715989
iv,BM,198902,-1.314671
iv,BM,198903,-1.952445
iv,BM,198904,-4.403388
iv,BM,198905,-3.838551
iv,BM,198906,4.918345
iv,BM,198907,-7.847728
iv,BM,198908,5.837431
iv,BM,198909,-4.969502
iv,BM,198910,-7.661960
iv,BM,198911,-5.484756
iv,BM,198912,-1.365319
iv,BM,199001,-3.552986
iv,BM,199002,1.702703
iv,BM,199003,-1.875603
iv,BM,199004,-7.307466
iv,BM,199005,-9.757470
iv,BM,199006,-1.999164
iv,BM,199007,-3.549797
iv,BM,199008,-2.352418
iv,BM,199009,-6.025508
iv,BM,199010,-0.266361
iv,BM,199011,-11.691102
iv,BM,199012,0.951827
iv,BM,199101,1.613437
iv,BM,199102,-0.061137
iv,BM,199103,-0.081240
iv,BM,199104,-4.103420
iv,BM,199105,-0.913621
iv,BM,199106,-3.168329
iv,BM,199107,-6.941522
iv,BM,199108,-3.425118
iv,BM,199109,-5.744425
iv,BM,199110,-0.196828
iv,BM,199111,-7.782811
iv,BM,199112,-11.020535
iv,BM,199201,25.220153
iv,BM,199202,10.976028
iv,BM,199203,5.435786
iv,BM,199204,3.227993
iv,BM,199205,-5.918858
iv,BM,199206,10.257842
iv,BM,199207,-2.817433
iv,BM,199208,-4.471532
iv,BM,199209,6.993162
iv,BM,199210,2.985772
iv,BM,199211,2.700472
iv,BM,199212,6.856565
iv,BM,199301,16.878310
iv,BM,199302,5.446900
iv,BM,199303,1.066087
iv,BM,199304,7.373849
iv,BM,199305,2.477037
iv,BM,199306,5.372361
iv,BM,199307,7.475763
iv,BM,199308,-1.371268
iv,BM,199309,1.687614
iv,BM,199310,-2.409688
iv,BM,199311,-0.847097
iv,BM,199312,3.860947
iv,BM,199401,2.967157
iv,BM,199402,0.163643
iv,BM,199403,-0.174518
iv,BM,199404,2.317995
iv,BM,199405,-0.428949
iv,BM,199406,0.496819
iv,BM,199407,0.181892
iv,BM,199408,1.592327
iv,BM,199409,0.759977
iv,BM,199410,-3.329094
iv,BM,199411,-4.117100
iv,BM,199412,-2.873140
iv,BM,199501,3.402603
iv,BM,199502,1.099905
iv,BM,199503,-0.670261
iv,BM,199504,-2.906322
iv,BM,199505,-3.257630
iv,BM,199506,0.132644
iv,BM,199507,-0.056166
iv,BM,199508,0.665232
iv,BM,199509,-0.047747
iv,BM,199510,-5.213385
iv,BM,199511,-1.176486
iv,BM,199512,1.725621
iv,BM,199601,2.265455
iv,BM,199602,-1.665881
iv,BM,199603,1.773115
iv,BM,199604,-2.279709
iv,BM,199605,0.231703
iv,BM,199606,-1.789331
iv,BM,199607,-2.498133
iv,BM,199608,-4.241032
iv,BM,199609,-6.498317
iv,BM,199610,-0.956235
iv,BM,199611,-0.763695
iv,BM,199612,3.647310
iv,BM,199701,-6.576461
iv,BM,199702,8.354818
iv,BM,199703,2.852571
iv,BM,199704,-12.359183
iv,BM,199705,-3.235724
iv,BM,199706,-1.353207
iv,BM,199707,-3.341108
iv,BM,199708,11.796132
iv,BM,199709,1.188099
iv,BM,199710,-2.176171
iv,BM,199711,-0.277772
iv,BM,199712,1.343283
iv,BM,199801,-10.206401
iv,BM,199802,0.953560
iv,BM,199803,-4.382422
iv,BM,199804,-0.840185
iv,BM,199805,-0.339518
iv,BM,199806,-10.612565
iv,BM,199807,-4.321695
iv,BM,199808,-2.879079
iv,BM,199809,3.584527
iv,BM,199810,-4.818821
iv,BM,199811,-8.048343
iv,BM,199812,1.009817
iv,BM,199901,-2.989411
iv,BM,199902,3.304178
iv,BM,199903,-4.104028
iv,BM,199904,11.023366
iv,BM,199905,4.866116
iv,BM,199906,-7.164124
iv,BM,199907,3.860961
iv,BM,199908,-6.260166
iv,BM,199909,4.158515
iv,BM,199910,-5.218574
iv,BM,199911,-0.938875
iv,BM,199912,0.401597
iv,BM,200001,8.560716
iv,BM,200002,-0.526598
iv,BM,200003,-3.459696
iv,BM,200004,-2.515630
iv,BM,200005,3.257078
iv,BM,200006,-12.520987
iv,BM,200007,3.572378
iv,BM,200008,-1.549167
iv,BM,200009,-0.733756
iv,BM,200010,7.358112
iv,BM,200011,6.300580
iv,BM,200012,7.367623
iv,BM,200101,6.754117
iv,BM,200102,15.153070
iv,BM,200103,10.411157
iv,BM,200104,-9.486160
iv,BM,200105,8.463041
iv,BM,200106,0.846525
iv,BM,200107,0.489298
iv,BM,200108,3.019714
iv,BM,200109,-10.270359
iv,BM,200110,1.517691
iv,BM,200111,4.731803
iv,BM,200112,5.950513
iv,BM,200201,1.884473
iv,BM,200202,-0.594784
iv,BM,200203,8.182793
iv,BM,200204,12.120368
iv,BM,200205,2.066092
iv,BM,200206,1.350247
iv,BM,200207,-8.911133
iv,BM,200208,-5.833380
iv,BM,200209,-4.755397
iv,BM,200210,-6.695263
iv,BM,200211,3.371396
iv,BM,200212,0.300130
iv,BM,200301,-2.412947
iv,BM,200302,-3.627638
iv,BM,200303,-3.843569
iv,BM,200304,3.139463
iv,BM,200305,6.921809
iv,BM,200306,6.692576
iv,BM,200307,4.496121
iv,BM,200308,7.103768
iv,BM,200309,2.696170
iv,BM,200310,11.339989
iv,BM,200311,8.073518
iv,BM,200312,0.153280
iv,BM,200401,5.634697
iv,BM,200402,-0.632650
iv,BM,200403,2.184178
iv,BM,200404,-7.766767
iv,BM,200405,1.847681
iv,BM,200406,6.400919
iv,BM,200407,6.856874
iv,BM,200408,-0.352242
iv,BM,200409,2.871753
iv,BM,200410,4.530116
iv,BM,200411,2.581160
iv,BM,200412,-0.319244
iv,BM,200501,2.742522
iv,BM,200502,4.415022
iv,BM,200503,4.026306
iv,BM,200504,-3.457015
iv,BM,200505,-2.484871
iv,BM,200506,3.225070
iv,BM,200507,0.568785
iv,BM,200508,-0.125534
iv,BM,200509,0.863717
iv,BM,200510,-2.693426
iv,BM,200511,-2.913535
iv,BM,200512,2.417375
iv,BM,200601,7.169137
iv,BM,200602,-1.781286
iv,BM,200603,1.805322
iv,BM,200604,4.712352
iv,BM,200605,4.602581
iv,BM,200606,1.860694
iv,BM,200607,2.607343
iv,BM,200608,-0.967072
iv,BM,200609,1.129996
iv,BM,200610,-0.405333
iv,BM,200611,-1.643578
iv,BM,200612,3.518260
iv,BM,200701,1.075999
iv,BM,200702,-0.747479
iv,BM,200703,-0.042976
iv,BM,200704,0.558576
iv,BM,200705,-1.151927
iv,BM,200706,4.383267
iv,BM,200707,-4.316978
iv,BM,200708,-3.703419
iv,BM,200709,-1.460088
iv,BM,200710,-7.345691
iv,BM,200711,0.072848
iv,BM,200712,2.076346
iv,BM,200801,2.915750
iv,BM,200802,1.009850
iv,BM,200803,2.709829
iv,BM,200804,1.512422
iv,BM,200805,1.953399
iv,BM,200806,-1.704032
iv,BM,200807,2.978894
iv,BM,200808,3.099807
iv,BM,200809,3.548776
iv,BM,200810,-11.268114
iv,BM,200811,-1.369257
iv,BM,200812,1.969831
iv,BM,200901,-8.531226
iv,BM,200902,-7.531350
iv,BM,200903,-0.326143
iv,BM,200904,18.649079
iv,BM,200905,-8.843522
iv,BM,200906,-2.163463
iv,BM,200907,5.046072
iv,BM,200908,10.008152
iv,BM,200909,6.694234
iv,BM,200910,-10.730698
iv,BM,200911,3.275492
iv,BM,200912,6.844851
iv,BM,201001,-1.886688
iv,BM,201002,5.836866
iv,BM,201003,7.306884
iv,BM,201004,8.470114
iv,BM,201005,1.333693
iv,BM,201006,-9.420397
iv,BM,201007,1.347208
iv,BM,201008,-6.336585
iv,BM,201009,2.151474
iv,BM,201010,0.061262
iv,BM,201011,2.373376
iv,BM,201012,5.758719
iv,BM,201101,1.777433
iv,BM,201102,5.311005
iv,BM,201103,-0.355812
iv,BM,201104,-1.788680
iv,BM,201105,-0.946285
iv,BM,201106,-3.380441
iv,BM,201107,-5.220951
iv,BM,201108,-5.651560
iv,BM,201109,-4.749934
iv,BM,201110,4.618739
iv,BM,201111,-2.522279
iv,BM,201112,1.781234
iv,BM,201201,1.689947
iv,BM,201202,4.419314
iv,BM,201203,-2.917225
iv,BM,201204,-0.977411
iv,BM,201205,0.700580
iv,BM,201206,6.647636
iv,BM,201207,1.738509
iv,BM,201208,4.158469
iv,BM,201209,4.000731
iv,BM,201210,4.593766
iv,BM,201211,-1.523817
iv,BM,201212,2.566573
iv,BM,201301,2.427761
iv,BM,201302,2.607914
iv,BM,201303,0.967770
iv,BM,201304,-1.337500
iv,BM,201305,0.898787
iv,BM,201306,0.235206
iv,BM,201307,3.702455
iv,BM,201308,1.441312
iv,BM,201309,-0.903701
iv,BM,201310,2.737410
iv,BM,201311,-1.996247
iv,BM,201312,0.078430
iv,BM,201401,3.046044
iv,BM,201402,-2.759768
iv,BM,201403,5.105088
iv,BM,201404,2.641860
iv,BM,201405,-2.405051
iv,BM,201406,5.609777
iv,BM,201407,-1.412566
iv,BM,201408,-2.825711
iv,BM,201409,-6.542245
iv,BM,201410,-9.229188
iv,BM,201411,-8.530525
iv,BM,201412,0.903234
iv,BM,201501,-5.131702
iv,BM,201502,-0.828694
iv,BM,201503,-1.217255
iv,BM,201504,3.154789
iv,BM,201505,-6.847791
iv,BM,201506,-3.530168
iv,BM,201507,-23.090681
iv,BM,201508,2.891750
iv,BM,201509,-7.506728
iv,BM,201510,4.301905
iv,BM,201511,-2.149521
iv,BM,201512,-13.057243
iv,BM,201601,0.991710
iv,BM,201602,1.339838
iv,BM,201603,11.094384
iv,BM,201604,13.275187
iv,BM,201605,-4.372140
iv,BM,201606,5.625913
iv,BM,201607,-2.016910
iv,BM,201608,-0.054665
iv,BM,201609,3.494852
iv,BM,201610,-4.956423
iv,BM,201611,17.639206
iv,BM,201612,-1.252335
iv,BM,201701,-2.325710
iv,BM,201702,-8.189821
iv,BM,201703,-3.787010
iv,BM,201704,-7.462478
iv,BM,201705,-9.520556
iv,BM,201706,0.251421
iv,BM,201707,-1.264903
iv,BM,201708,-5.312504
iv,BM,201709,1.047319
iv,BM,201710,-2.079176
iv,BM,201711,-3.152311
iv,BM,201712,4.637489
iv,BM,201801,-6.918000
iv,BM,201802,-4.556481
iv,BM,201803,3.360528
iv,BM,201804,3.097821
iv,BM,201805,-0.675169
iv,BM,201806,0.216870
iv,BM,201807,-2.735608
iv,BM,201808,-4.084733
iv,BM,201809,-0.261299
iv,BM,201810,2.610635
iv,BM,201811,-3.165824
iv,BM,201812,-7.279435
iv,BM,201901,-0.392973
iv,BM,201902,-5.528821
iv,BM,201903,-7.476942
iv,BM,201904,-5.312554
iv,BM,201905,-0.024066
iv,BM,201906,-0.384441
iv,BM,201907,-5.161880
iv,BM,201908,-13.021664
iv,BM,201909,4.569653
iv,BM,201910,-3.202636
iv,BM,201911,-3.385442
iv,BM,201912,8.002041
iv,BM,202001,-17.218400
iv,BM,202002,-7.810293
iv,BM,202003,-28.355345
iv,BM,202004,13.077779
iv,BM,202005,-0.065808
iv,BM,202006,-4.002355
iv,BM,202007,-2.112304
iv,BM,202008,-7.792031
iv,BM,202009,-4.344296
iv,BM,202010,4.958621
iv,BM,202011,11.210509
iv,BM,202012,-2.610547
iv,BM,202101,25.108017
iv,BM,202102,2.377542
iv,BM,202103,10.739972
iv,BM,202104,-6.560631
iv,BM,202105,15.181870
iv,BM,202106,-1.649925
iv,BM,202107,-10.465694
iv,BM,202108,-3.285934
iv,BM,202109,10.194964
iv,BM,202110,-7.065531
iv,BM,202111,-8.072773
iv,BM,202112,4.335489
iv,BM,202201,11.820511
iv,BM,202202,9.567638
iv,BM,202203,3.750103
iv,BM,202204,12.313555
iv,BM,202205,9.645599
iv,BM,202206,-7.267813
iv,BM,202207,-14.494603
iv,BM,202208,2.732934
iv,BM,202209,-3.494414
iv,BM,202210,11.459334
iv,BM,202211,0.131162
iv,BM,202212,3.521956
iv,BM,202301,-1.142403
iv,BM,202302,-5.936930
iv,BM,202303,-10.957293
iv,BM,202304,-3.637448
iv,BM,202305,-14.472172
iv,BM,202306,-3.507439
iv,BM,202307,6.526665
iv,BM,202308,-3.672605
iv,BM,202309,-2.270952
iv,BM,202310,-5.666163
iv,BM,202311,-1.187173
iv,BM,202312,14.890454
iv,BM,202401,-8.621358
iv,BM,202402,-2.596517
iv,BM,202403,2.330991
iv,BM,202404,-6.134542
iv,BM,202405,-3.621320
iv,BM,202406,-12.755224
iv,BM,202407,12.320317
iv,BM,202408,-4.958506
iv,BM,202409,1.686994
iv,BM,202410,2.729739
iv,BM,202411,5.763874
iv,BM,202412,-4.266655
iv,BM,202501,-1.538400
iv,GP,196307,1.103327
iv,GP,196308,-2.043548
iv,GP,196309,-0.630686
iv,GP,196310,-1.635080
iv,GP,196311,-3.723779
iv,GP,196312,-1.382012
iv,GP,196401,-2.658894
iv,GP,196402,-1.360872
iv,GP,196403,-4.731382
iv,GP,196404,3.143351
iv,GP,196405,0.128553
iv,GP,196406,0.153231
iv,GP,196407,0.076282
iv,GP,196408,-1.393830
iv,GP,196409,-5.519295
iv,GP,196410,2.140109
iv,GP,196411,2.560552
iv,GP,196412,4.223976
iv,GP,196501,1.518148
iv,GP,196502,-0.368958
iv,GP,196503,0.043605
iv,GP,196504,-3.630448
iv,GP,196505,1.730546
iv,GP,196506,2.139202
iv,GP,196507,-2.967998
iv,GP,196508,0.291495
iv,GP,196509,-1.279736
iv,GP,196510,-2.182014
iv,GP,196511,-2.350002
iv,GP,196512,-3.339208
iv,GP,196601,-4.593517
iv,GP,196602,0.564562
iv,GP,196603,3.664341
iv,GP,196604,1.042866
iv,GP,196605,3.436998
iv,GP,196606,-0.862072
iv,GP,196607,1.689348
iv,GP,196608,3.087725
iv,GP,196609,-0.392566
iv,GP,196610,-0.861011
iv,GP,196611,0.584374
iv,GP,196612,-2.465211
iv,GP,196701,-2.909989
iv,GP,196702,2.408814
iv,GP,196703,1.570337
iv,GP,196704,1.212961
iv,GP,196705,-0.280401
iv,GP,196706,1.719993
iv,GP,196707,-0.124661
iv,GP,196708,-0.159514
iv,GP,196709,1.606665
iv,GP,196710,3.239291
iv,GP,196711,1.822436
iv,GP,196712,-0.679111
iv,GP,196801,-3.156299
iv,GP,196802,2.363851
iv,GP,196803,2.984529
iv,GP,196804,0.833903
iv,GP,196805,1.032543
iv,GP,196806,-2.210108
iv,GP,196807,0.016227
iv,GP,196808,0.588929
iv,GP,196809,-3.653475
iv,GP,196810,-1.301241
iv,GP,196811,1.635585
iv,GP,196812,-0.074755
iv,GP,196901,-1.956733
iv,GP,196902,3.546433
iv,GP,196903,0.614010
iv,GP,196904,2.642273
iv,GP,196905,3.651103
iv,GP,196906,4.839584
iv,GP,196907,4.998036
iv,GP,196908,3.205630
iv,GP,196909,4.110934
iv,GP,196910,0.959569
iv,GP,196911,4.659437
iv,GP,196912,6.773423
iv,GP,197001,-0.028655
iv,GP,197002,-7.835866
iv,GP,197003,-1.608039
iv,GP,197004,3.674410
iv,GP,197005,-0.478558
iv,GP,197006,3.040714
iv,GP,197007,-4.827603
iv,GP,197008,-0.867251
iv,GP,197009,2.551610
iv,GP,197010,5.364154
iv,GP,197011,-0.230066
iv,GP,197012,-2.295911
iv,GP,197101,-3.023925
iv,GP,197102,1.083355
iv,GP,197103,0.025853
iv,GP,197104,-2.558272
iv,GP,197105,-0.584178
iv,GP,197106,2.102283
iv,GP,197107,3.849364
iv,GP,197108,-1.317589
iv,GP,197109,5.470042
iv,GP,197110,6.001535
iv,GP,197111,2.755911
iv,GP,197112,-3.631936
iv,GP,197201,-4.551828
iv,GP,197202,1.035486
iv,GP,197203,3.866195
iv,GP,197204,1.511041
iv,GP,197205,3.892360
iv,GP,197206,5.347960
iv,GP,197207,5.237333
iv,GP,197208,-4.752191
iv,GP,197209,3.302846
iv,GP,197210,1.198776
iv,GP,197211,-5.551316
iv,GP,197212,3.791679
iv,GP,197301,3.815229
iv,GP,197302,1.073868
iv,GP,197303,-0.672875
iv,GP,197304,-0.511873
iv,GP,197305,4.941326
iv,GP,197306,1.077413
iv,GP,197307,-3.025041
iv,GP,197308,-3.688892
iv,GP,197309,-10.917647
iv,GP,197310,-6.518894
iv,GP,197311,-1.489195
iv,GP,197312,-11.636270
iv,GP,197401,-1.983764
iv,GP,197402,-4.142635
iv,GP,197403,4.261409
iv,GP,197404,2.144322
iv,GP,197405,9.913597
iv,GP,197406,-2.518514
iv,GP,197407,-11.928999
iv,GP,197408,-2.040495
iv,GP,197409,-8.636069
iv,GP,197410,7.499260
iv,GP,197411,-2.637316
iv,GP,197412,-2.563309
iv,GP,197501,-3.557841
iv,GP,197502,5.228951
iv,GP,197503,-0.602186
iv,GP,197504,-5.820464
iv,GP,197505,0.941563
iv,GP,197506,-4.792602
iv,GP,197507,-4.412610
iv,GP,197508,0.973348
iv,GP,197509,-0.891356
iv,GP,197510,5.694059
iv,GP,197511,-0.591316
iv,GP,197512,-4.470369
iv,GP,197601,-4.685475
iv,GP,197602,-3.392319
iv,GP,197603,-2.133052
iv,GP,197604,-4.958735
iv,GP,197605,-1.797384
iv,GP,197606,-0.611115
iv,GP,197607,1.121350
iv,GP,197608,1.645774
iv,GP,197609,-1.139896
iv,GP,197610,-0.209302
iv,GP,197611,-3.820050
iv,GP,197612,-1.544493
iv,GP,197701,-5.567024
iv,GP,197702,1.141488
iv,GP,197703,-1.560051
iv,GP,197704,-5.356841
iv,GP,197705,0.279596
iv,GP,197706,4.343466
iv,GP,197707,4.295192
iv,GP,197708,7.111036
iv,GP,197709,2.255435
iv,GP,197710,0.436703
iv,GP,197711,-0.509983
iv,GP,197712,-0.081086
iv,GP,197801,-1.251404
iv,GP,197802,-0.127154
iv,GP,197803,-0.748347
iv,GP,197804,2.684520
iv,GP,197805,2.704881
iv,GP,197806,1.184673
iv,GP,197807,-0.300323
iv,GP,197808,1.353020
iv,GP,197809,-4.270566
iv,GP,197810,2.895434
iv,GP,197811,-1.639252
iv,GP,197812,0.729302
iv,GP,197901,-4.673079
iv,GP,197902,-2.464449
iv,GP,197903,-2.990408
iv,GP,197904,-0.489039
iv,GP,197905,-0.980526
iv,GP,197906,-2.688383
iv,GP,197907,-2.235852
iv,GP,197908,2.789853
iv,GP,197909,-2.514298
iv,GP,197910,-0.358877
iv,GP,197911,-4.940639
iv,GP,197912,-6.687681
iv,GP,198001,-14.488846
iv,GP,198002,-6.351880
iv,GP,198003,12.084685
iv,GP,198004,-1.129411
iv,GP,198005,2.674218
iv,GP,198006,-3.010995
iv,GP,198007,7.930319
iv,GP,198008,-1.787521
iv,GP,198009,1.962222
iv,GP,198010,-0.122640
iv,GP,198011,-0.167085
iv,GP,198012,3.328824
iv,GP,198101,-3.132325
iv,GP,198102,2.494878
iv,GP,198103,4.122638
iv,GP,198104,2.455306
iv,GP,198105,-0.080715
iv,GP,198106,-1.644726
iv,GP,198107,-2.791576
iv,GP,198108,3.786131
iv,GP,198109,8.974763
iv,GP,198110,3.328348
iv,GP,198111,-1.478548
iv,GP,198112,1.091244
iv,GP,198201,5.006105
iv,GP,198202,1.637442
iv,GP,198203,4.348888
iv,GP,198204,0.258425
iv,GP,198205,2.253424
iv,GP,198206,3.543625
iv,GP,198207,6.937232
iv,GP,198208,-5.221423
iv,GP,198209,5.295423
iv,GP,198210,-9.076727
iv,GP,198211,-2.161181
iv,GP,198212,0.575741
iv,GP,198301,-5.812271
iv,GP,198302,0.874710
iv,GP,198303,-2.207513
iv,GP,198304,-5.124370
iv,GP,198305,-2.293416
iv,GP,198306,-0.150315
iv,GP,198307,-3.414858
iv,GP,198308,1.624153
iv,GP,198309,5.410263
iv,GP,198310,-1.567346
iv,GP,198311,-2.946810
iv,GP,198312,3.238356
iv,GP,198401,-2.394385
iv,GP,198402,0.760041
iv,GP,198403,-0.120784
iv,GP,198404,5.217184
iv,GP,198405,5.690434
iv,GP,198406,4.726346
iv,GP,198407,4.916001
iv,GP,198408,-1.013059
iv,GP,198409,2.798188
iv,GP,198410,6.184022
iv,GP,198411,1.333031
iv,GP,198412,1.839874
iv,GP,198501,-4.737358
iv,GP,198502,1.135237
iv,GP,198503,2.096810
iv,GP,198504,1.470139
iv,GP,198505,0.101294
iv,GP,198506,2.617905
iv,GP,198507,-2.594572
iv,GP,198508,1.893979
iv,GP,198509,6.374512
iv,GP,198510,3.677763
iv,GP,198511,0.731307
iv,GP,198512,0.501306
iv,GP,198601,-1.250510
iv,GP,198602,-2.226271
iv,GP,198603,-0.660019
iv,GP,198604,7.825848
iv,GP,198605,2.353738
iv,GP,198606,5.457802
iv,GP,198607,5.546368
iv,GP,198608,-1.673127
iv,GP,198609,-4.956404
iv,GP,198610,6.693979
iv,GP,198611,4.968387
iv,GP,198612,2.934132
iv,GP,198701,1.718784
iv,GP,198702,-4.444142
iv,GP,198703,-4.914368
iv,GP,198704,-1.268280
iv,GP,198705,-1.559493
iv,GP,198706,6.447071
iv,GP,198707,-2.437173
iv,GP,198708,6.822038
iv,GP,198709,-2.727462
iv,GP,198710,10.739633
iv,GP,198711,-0.566223
iv,GP,198712,3.777876
iv,GP,198801,-0.372273
iv,GP,198802,-3.007347
iv,GP,198803,-4.463551
iv,GP,198804,-2.296269
iv,GP,198805,3.338968
iv,GP,198806,0.406337
iv,GP,198807,-0.002872
iv,GP,198808,0.866747
iv,GP,198809,3.078307
iv,GP,198810,-1.698264
iv,GP,198811,2.109565
iv,GP,198812,-0.978947
iv,GP,198901,0.028605
iv,GP,198902,-2.049392
iv,GP,198903,-1.008370
iv,GP,198904,2.001585
iv,GP,198905,2.078660
iv,GP,198906,2.371776
iv,GP,198907,4.212287
iv,GP,198908,0.467466
iv,GP,198909,4.703988
iv,GP,198910,5.643049
iv,GP,198911,-0.003115
iv,GP,198912,0.608265
iv,GP,199001,-3.218568
iv,GP,199002,-4.047095
iv,GP,199003,5.816440
iv,GP,199004,6.200996
iv,GP,199005,3.855791
iv,GP,199006,3.065576
iv,GP,199007,3.899972
iv,GP,199008,3.258677
iv,GP,199009,5.517155
iv,GP,199010,6.259791
iv,GP,199011,2.863108
iv,GP,199012,3.863167
iv,GP,199101,-0.003094
iv,GP,199102,-3.601837
iv,GP,199103,0.414639
iv,GP,199104,-4.119805
iv,GP,199105,-3.441963
iv,GP,199106,3.268432
iv,GP,199107,0.235600
iv,GP,199108,0.764780
iv,GP,199109,-1.849147
iv,GP,199110,-0.476673
iv,GP,199111,4.772504
iv,GP,199112,1.618729
iv,GP,199201,-7.283175
iv,GP,199202,-1.581041
iv,GP,199203,-0.875228
iv,GP,199204,3.839442
iv,GP,199205,-1.205222
iv,GP,199206,-1.677242
iv,GP,199207,1.593323
iv,GP,199208,6.354936
iv,GP,199209,-0.744054
iv,GP,199210,6.618504
iv,GP,199211,-5.070222
iv,GP,199212,-3.769735
iv,GP,199301,-6.001356
iv,GP,199302,-1.787326
iv,GP,199303,-3.254525
iv,GP,199304,-4.808600
iv,GP,199305,0.719383
iv,GP,199306,-1.830145
iv,GP,199307,-10.025165
iv,GP,199308,-2.219319
iv,GP,199309,1.594607
iv,GP,199310,-2.108285
iv,GP,199311,3.678987
iv,GP,199312,-0.033107
iv,GP,199401,-5.346151
iv,GP,199402,7.062920
iv,GP,199403,5.026328
iv,GP,199404,2.046157
iv,GP,199405,2.821039
iv,GP,199406,0.274942
iv,GP,199407,-0.872649
iv,GP,199408,4.555958
iv,GP,199409,0.160690
iv,GP,199410,4.958009
iv,GP,199411,3.227482
iv,GP,199412,2.561453
iv,GP,199501,-1.010967
iv,GP,199502,-2.587165
iv,GP,199503,-0.102136
iv,GP,199504,1.246213
iv,GP,199505,1.371998
iv,GP,199506,-1.166012
iv,GP,199507,-3.061372
iv,GP,199508,-4.347555
iv,GP,199509,-0.423349
iv,GP,199510,9.999565
iv,GP,199511,-6.906605
iv,GP,199512,-8.243810
iv,GP,199601,-4.087365
iv,GP,199602,4.408460
iv,GP,199603,-1.504236
iv,GP,199604,0.789561
iv,GP,199605,-0.983504
iv,GP,199606,7.414457
iv,GP,199607,10.282032
iv,GP,199608,-2.959400
iv,GP,199609,3.290197
iv,GP,199610,1.395963
iv,GP,199611,6.895506
iv,GP,199612,-5.409814
iv,GP,199701,-1.473692
iv,GP,199702,1.107978
iv,GP,199703,4.140934
iv,GP,199704,14.318062
iv,GP,199705,-2.348533
iv,GP,199706,1.575213
iv,GP,199707,3.207767
iv,GP,199708,-9.235098
iv,GP,199709,-11.740919
iv,GP,199710,4.182526
iv,GP,199711,12.418263
iv,GP,199712,2.526143
iv,GP,199801,3.810749
iv,GP,199802,2.121842
iv,GP,199803,-1.020672
iv,GP,199804,-0.089017
iv,GP,199805,6.397175
iv,GP,199806,11.002056
iv,GP,199807,4.389939
iv,GP,199808,11.014054
iv,GP,199809,-6.595220
iv,GP,199810,0.096880
iv,GP,199811,-0.748166
iv,GP,199812,-1.555189
iv,GP,199901,-12.708897
iv,GP,199902,2.820458
iv,GP,199903,-4.761112
iv,GP,199904,-5.219316
iv,GP,199905,-2.251539
iv,GP,199906,3.989105
iv,GP,199907,-3.954520
iv,GP,199908,-1.276978
iv,GP,199909,-3.240922
iv,GP,199910,-0.419671
iv,GP,199911,-2.884252
iv,GP,199912,-15.624454
iv,GP,200001,-14.306252
iv,GP,200002,-19.624579
iv,GP,200003,18.777825
iv,GP,200004,19.463533
iv,GP,200005,4.646538
iv,GP,200006,-15.917425
iv,GP,200007,9.326993
iv,GP,200008,-0.305693
iv,GP,200009,10.370152
iv,GP,200010,9.907473
iv,GP,200011,23.528595
iv,GP,200012,-0.604859
iv,GP,200101,-10.210358
iv,GP,200102,9.871104
iv,GP,200103,8.168063
iv,GP,200104,-10.523789
iv,GP,200105,-3.143439
iv,GP,200106,-1.767250
iv,GP,200107,19.609043
iv,GP,200108,3.898774
iv,GP,200109,16.485263
iv,GP,200110,-18.062488
iv,GP,200111,-5.334315
iv,GP,200112,0.703759
iv,GP,200201,18.804526
iv,GP,200202,10.303836
iv,GP,200203,-6.304676
iv,GP,200204,10.362880
iv,GP,200205,11.602910
iv,GP,200206,8.274913
iv,GP,200207,7.804282
iv,GP,200208,-0.316611
iv,GP,200209,8.007478
iv,GP,200210,0.459454
iv,GP,200211,-15.124525
iv,GP,200212,10.440868
iv,GP,200301,-1.402681
iv,GP,200302,1.875634
iv,GP,200303,-2.103575
iv,GP,200304,-8.808465
iv,GP,200305,-15.684815
iv,GP,200306,-2.705509
iv,GP,200307,2.511888
iv,GP,200308,1.915096
iv,GP,200309,-2.209609
iv,GP,200310,3.976327
iv,GP,200311,1.685778
iv,GP,200312,-6.119752
iv,GP,200401,-4.832630
iv,GP,200402,6.491677
iv,GP,200403,3.400488
iv,GP,200404,0.766261
iv,GP,200405,4.514052
iv,GP,200406,2.214968
iv,GP,200407,-4.634367
iv,GP,200408,-0.672500
iv,GP,200409,-3.976655
iv,GP,200410,0.444824
iv,GP,200411,-0.505846
iv,GP,200412,-0.052552
iv,GP,200501,2.000889
iv,GP,200502,3.481312
iv,GP,200503,0.252617
iv,GP,200504,-2.293991
iv,GP,200505,4.229730
iv,GP,200506,3.158324
iv,GP,200507,-3.447355
iv,GP,200508,-3.357384
iv,GP,200509,-3.242763
iv,GP,200510,6.564677
iv,GP,200511,0.595572
iv,GP,200512,-2.266498
iv,GP,200601,-6.778558
iv,GP,200602,1.098167
iv,GP,200603,1.797906
iv,GP,200604,3.483017
iv,GP,200605,2.134740
iv,GP,200606,1.767071
iv,GP,200607,3.410909
iv,GP,200608,0.327801
iv,GP,200609,7.573298
iv,GP,200610,-3.634284
iv,GP,200611,-2.140448
iv,GP,200612,4.008582
iv,GP,200701,0.858903
iv,GP,200702,-0.233162
iv,GP,200703,2.307081
iv,GP,200704,-2.099704
iv,GP,200705,-0.230003
iv,GP,200706,1.420015
iv,GP,200707,-0.458452
iv,GP,200708,-1.543136
iv,GP,200709,-1.616914
iv,GP,200710,-0.464376
iv,GP,200711,4.763589
iv,GP,200712,0.573172
iv,GP,200801,5.675218
iv,GP,200802,1.085599
iv,GP,200803,5.723351
iv,GP,200804,-0.619231
iv,GP,200805,-3.228822
iv,GP,200806,-0.497574
iv,GP,200807,-2.841893
iv,GP,200808,8.501261
iv,GP,200809,5.873953
iv,GP,200810,8.690799
iv,GP,200811,7.558440
iv,GP,200812,-3.140904
iv,GP,200901,-6.503467
iv,GP,200902,6.584446
iv,GP,200903,-0.357564
iv,GP,200904,-0.270346
iv,GP,200905,-5.690300
iv,GP,200906,-5.732445
iv,GP,200907,-7.233229
iv,GP,200908,-1.430138
iv,GP,200909,-2.273638
iv,GP,200910,7.512969
iv,GP,200911,-2.720131
iv,GP,200912,-5.510775
iv,GP,201001,3.510430
iv,GP,201002,-0.551350
iv,GP,201003,3.377426
iv,GP,201004,-1.901133
iv,GP,201005,3.234835
iv,GP,201006,1.854655
iv,GP,201007,-0.380459
iv,GP,201008,1.052319
iv,GP,201009,1.331239
iv,GP,201010,1.136848
iv,GP,201011,0.893147
iv,GP,201012,-7.324293
iv,GP,201101,-4.691850
iv,GP,201102,-1.546472
iv,GP,201103,0.536460
iv,GP,201104,3.648566
iv,GP,201105,5.042862
iv,GP,201106,4.559067
iv,GP,201107,2.577870
iv,GP,201108,8.055252
iv,GP,201109,4.496525
iv,GP,201110,-1.855499
iv,GP,201111,1.072938
iv,GP,201112,1.075579
iv,GP,201201,-7.657363
iv,GP,201202,-2.003039
iv,GP,201203,2.630896
iv,GP,201204,-0.047291
iv,GP,201205,-1.350904
iv,GP,201206,-6.123279
iv,GP,201207,-2.464940
iv,GP,201208,-0.121900
iv,GP,201209,-1.911799
iv,GP,201210,2.348680
iv,GP,201211,-1.039409
iv,GP,201212,-0.766165
iv,GP,201301,-1.476025
iv,GP,201302,0.211347
iv,GP,201303,-1.179480
iv,GP,201304,0.164693
iv,GP,201305,-0.775972
iv,GP,201306,1.923318
iv,GP,201307,-8.466103
iv,GP,201308,-3.281067
iv,GP,201309,-1.232282
iv,GP,201310,10.317249
iv,GP,201311,0.832148
iv,GP,201312,-0.901924
iv,GP,201401,-17.226738
iv,GP,201402,-3.742572
iv,GP,201403,8.289798
iv,GP,201404,3.661926
iv,GP,201405,-1.273787
iv,GP,201406,-9.338723
iv,GP,201407,4.130132
iv,GP,201408,-5.499121
iv,GP,201409,7.120756
iv,GP,201410,1.251761
iv,GP,201411,6.367740
iv,GP,201412,0.218899
iv,GP,201501,-5.478421
iv,GP,201502,-2.988210
iv,GP,201503,-0.542213
iv,GP,201504,-0.611646
iv,GP,201505,-12.936928
iv,GP,201506,2.041456
iv,GP,201507,-0.048503
iv,GP,201508,7.492475
iv,GP,201509,13.581015
iv,GP,201510,-2.036167
iv,GP,201511,-6.647431
iv,GP,201512,3.668763
iv,GP,201601,25.900430
iv,GP,201602,9.052411
iv,GP,201603,-0.786074
iv,GP,201604,-7.647719
iv,GP,201605,-7.824939
iv,GP,201606,7.189598
iv,GP,201607,1.105640
iv,GP,201608,-3.518525
iv,GP,201609,-9.441379
iv,GP,201610,7.273541
iv,GP,201611,-8.985340
iv,GP,201612,4.317584
iv,GP,201701,-1.912297
iv,GP,201702,5.906384
iv,GP,201703,0.820008
iv,GP,201704,5.668915
iv,GP,201705,6.181433
iv,GP,201706,-4.373402
iv,GP,201707,-2.738963
iv,GP,201708,-4.235604
iv,GP,201709,-4.884836
iv,GP,201710,2.007748
iv,GP,201711,2.895355
iv,GP,201712,0.504427
iv,GP,201801,-3.225950
iv,GP,201802,1.851372
iv,GP,201803,0.871575
iv,GP,201804,0.973270
iv,GP,201805,-3.992762
iv,GP,201806,6.481111
iv,GP,201807,2.948644
iv,GP,201808,-0.573777
iv,GP,201809,5.148972
iv,GP,201810,11.614677
iv,GP,201811,1.260731
iv,GP,201812,9.652856
iv,GP,201901,-12.060129
iv,GP,201902,-1.652463
iv,GP,201903,-0.890200
iv,GP,201904,7.775378
iv,GP,201905,0.444458
iv,GP,201906,-2.868129
iv,GP,201907,5.139598
iv,GP,201908,5.315199
iv,GP,201909,7.691368
iv,GP,201910,-6.115076
iv,GP,201911,-14.293945
iv,GP,201912,-5.285966
iv,GP,202001,6.462277
iv,GP,202002,-3.250261
iv,GP,202003,8.627500
iv,GP,202004,-4.714602
iv,GP,202005,-8.336436
iv,GP,202006,-1.004568
iv,GP,202007,8.706136
iv,GP,202008,6.042653
iv,GP,202009,-1.199032
iv,GP,202010,-2.879346
iv,GP,202011,-16.657928
iv,GP,202012,2.504936
iv,GP,202101,-16.060562
iv,GP,202102,2.068073
iv,GP,202103,15.080242
iv,GP,202104,1.752470
iv,GP,202105,5.346814
iv,GP,202106,-10.238158
iv,GP,202107,-0.030113
iv,GP,202108,-4.718251
iv,GP,202109,-5.379980
iv,GP,202110,9.640306
iv,GP,202111,4.037818
iv,GP,202112,10.449531
iv,GP,202201,5.684838
iv,GP,202202,-2.797724
iv,GP,202203,-3.345009
iv,GP,202204,3.592802
iv,GP,202205,-11.195330
iv,GP,202206,0.221752
iv,GP,202207,1.122179
iv,GP,202208,-14.447075
iv,GP,202209,-0.182368
iv,GP,202210,1.621122
iv,GP,202211,8.058946
iv,GP,202212,2.552247
iv,GP,202301,-0.901864
iv,GP,202302,3.118141
iv,GP,202303,18.222122
iv,GP,202304,-4.272681
iv,GP,202305,-1.130180
iv,GP,202306,5.421709
iv,GP,202307,4.501965
iv,GP,202308,8.316875
iv,GP,202309,4.099207
iv,GP,202310,7.406295
iv,GP,202311,-4.355225
iv,GP,202312,-16.532964
iv,GP,202401,1.840875
iv,GP,202402,-9.895844
iv,GP,202403,3.475259
iv,GP,202404,5.048955
iv,GP,202405,3.278130
iv,GP,202406,4.011985
iv,GP,202407,-10.113789
iv,GP,202408,5.512835
iv,GP,202409,2.859634
iv,GP,202410,-0.447889
iv,GP,202411,7.582028
iv,GP,202412,7.528789
iv,GP,202501,3.232229
iv,MOM,196307,6.232072
iv,MOM,196308,4.605294
iv,MOM,196309,3.107448
iv,MOM,196310,8.514747
iv,MOM,196311,-1.072346
iv,MOM,196312,4.854790
iv,MOM,196401,-0.596752
iv,MOM,196402,0.267816
iv,MOM,196403,1.801769
iv,MOM,196404,4.669160
iv,MOM,196405,3.346299
iv,MOM,196406,-0.576322
iv,MOM,196407,-2.956049
iv,MOM,196408,0.521222
iv,MOM,196409,2.179003
iv,MOM,196410,-2.167558
iv,MOM,196411,2.702525
iv,MOM,196412,1.563880
iv,MOM,196501,-3.589640
iv,MOM,196502,-0.765180
iv,MOM,196503,-2.336222
iv,MOM,196504,1.138037
iv,MOM,196505,-0.642156
iv,MOM,196506,3.358440
iv,MOM,196507,6.092030
iv,MOM,196508,7.157645
iv,MOM,196509,3.980690
iv,MOM,196510,5.485844
iv,MOM,196511,9.833927
iv,MOM,196512,-1.820633
iv,MOM,196601,2.926117
iv,MOM,196602,5.822417
iv,MOM,196603,5.218609
iv,MOM,196604,3.774433
iv,MOM,196605,-2.746128
iv,MOM,196606,1.597942
iv,MOM,196607,0.175123
iv,MOM,196608,-3.656958
iv,MOM,196609,-5.112592
iv,MOM,196610,-13.192371
iv,MOM,196611,20.650617
iv,MOM,196612,-0.213655
iv,MOM,196701,4.920268
iv,MOM,196702,0.983715
iv,MOM,196703,1.261651
iv,MOM,196704,4.011301
iv,MOM,196705,0.387630
iv,MOM,196706,2.847834
iv,MOM,196707,-5.637410
iv,MOM,196708,-0.563944
iv,MOM,196709,1.154968
iv,MOM,196710,4.147171
iv,MOM,196711,3.593684
iv,MOM,196712,5.638292
iv,MOM,196801,-2.341477
iv,MOM,196802,-8.180155
iv,MOM,196803,2.636465
iv,MOM,196804,5.232799
iv,MOM,196805,5.416498
iv,MOM,196806,-0.744378
iv,MOM,196807,-4.454300
iv,MOM,196808,3.937925
iv,MOM,196809,2.856182
iv,MOM,196810,-3.036102
iv,MOM,196811,2.249024
iv,MOM,196812,6.242222
iv,MOM,196901,-1.398580
iv,MOM,196902,-5.670510
iv,MOM,196903,4.680562
iv,MOM,196904,-1.772022
iv,MOM,196905,0.330496
iv,MOM,196906,-6.425585
iv,MOM,196907,3.973645
iv,MOM,196908,4.059828
iv,MOM,196909,-2.798039
iv,MOM,196910,-9.220209
iv,MOM,196911,6.249094
iv,MOM,196912,0.923325
iv,MOM,197001,0.816860
iv,MOM,197002,3.678922
iv,MOM,197003,-0.946003
iv,MOM,197004,4.436136
iv,MOM,197005,5.076039
iv,MOM,197006,4.070186
iv,MOM,197007,0.791513
iv,MOM,197008,-14.586719
iv,MOM,197009,-17.965733
iv,MOM,197010,12.382665
iv,MOM,197011,6.968042
iv,MOM,197012,-1.599649
iv,MOM,197101,-13.794800
iv,MOM,197102,-0.409228
iv,MOM,197103,-1.627456
iv,MOM,197104,-6.242981
iv,MOM,197105,4.900833
iv,MOM,197106,2.723637
iv,MOM,197107,-0.655928
iv,MOM,197108,6.281847
iv,MOM,197109,3.702992
iv,MOM,197110,5.339370
iv,MOM,197111,5.306151
iv,MOM,197112,-1.363798
iv,MOM,197201,1.252274
iv,MOM,197202,-0.997430
iv,MOM,197203,5.065796
iv,MOM,197204,1.779020
iv,MOM,197205,6.249249
iv,MOM,197206,-1.159741
iv,MOM,197207,4.056084
iv,MOM,197208,-6.400711
iv,MOM,197209,5.872743
iv,MOM,197210,2.406903
iv,MOM,197211,-3.513340
iv,MOM,197212,8.847151
iv,MOM,197301,0.259248
iv,MOM,197302,1.804884
iv,MOM,197303,5.039383
iv,MOM,197304,-2.580687
iv,MOM,197305,8.677741
iv,MOM,197306,-1.248225
iv,MOM,197307,-20.522489
iv,MOM,197308,5.068402
iv,MOM,197309,-0.894881
iv,MOM,197310,7.602526
iv,MOM,197311,18.994882
iv,MOM,197312,11.193997
iv,MOM,197401,-25.245518
iv,MOM,197402,1.213646
iv,MOM,197403,-1.447765
iv,MOM,197404,3.677755
iv,MOM,197405,7.441844
iv,MOM,197406,6.360876
iv,MOM,197407,12.810586
iv,MOM,197408,4.585614
iv,MOM,197409,1.170084
iv,MOM,197410,-0.069606
iv,MOM,197411,-2.369353
iv,MOM,197412,-0.949821
iv,MOM,197501,-7.512312
iv,MOM,197502,-3.443939
iv,MOM,197503,-3.553988
iv,MOM,197504,2.091608
iv,MOM,197505,-3.912003
iv,MOM,197506,0.306490
iv,MOM,197507,6.529881
iv,MOM,197508,3.815884
iv,MOM,197509,4.580028
iv,MOM,197510,-6.239017
iv,MOM,197511,1.656458
iv,MOM,197512,0.580740
iv,MOM,197601,-8.702798
iv,MOM,197602,0.654599
iv,MOM,197603,6.030630
iv,MOM,197604,2.515675
iv,MOM,197605,1.138620
iv,MOM,197606,-2.474083
iv,MOM,197607,1.216068
iv,MOM,197608,-1.051150
iv,MOM,197609,1.022389
iv,MOM,197610,1.609963
iv,MOM,197611,7.845778
iv,MOM,197612,-0.200356
iv,MOM,197701,3.073478
iv,MOM,197702,-0.739015
iv,MOM,197703,1.133097
iv,MOM,197704,3.487916
iv,MOM,197705,-0.255789
iv,MOM,197706,-0.029756
iv,MOM,197707,0.373795
iv,MOM,197708,-4.673788
iv,MOM,197709,3.286699
iv,MOM,197710,0.802425
iv,MOM,197711,4.403382
iv,MOM,197712,1.960534
iv,MOM,197801,0.491436
iv,MOM,197802,7.145083
iv,MOM,197803,0.534389
iv,MOM,197804,-4.804677
iv,MOM,197805,3.217018
iv,MOM,197806,1.951802
iv,MOM,197807,3.767863
iv,MOM,197808,8.547736
iv,MOM,197809,-5.450143
iv,MOM,197810,-12.883368
iv,MOM,197811,11.343653
iv,MOM,197812,2.705004
iv,MOM,197901,-1.788148
iv,MOM,197902,-1.095465
iv,MOM,197903,4.113166
iv,MOM,197904,3.026021
iv,MOM,197905,-4.134091
iv,MOM,197906,-4.255024
iv,MOM,197907,-1.298361
iv,MOM,197908,-2.400355
iv,MOM,197909,4.992331
iv,MOM,197910,3.243443
iv,MOM,197911,7.382091
iv,MOM,197912,2.458451
iv,MOM,198001,0.275918
iv,MOM,198002,4.774535
iv,MOM,198003,0.217727
iv,MOM,198004,3.104953
iv,MOM,198005,-2.579588
iv,MOM,198006,2.204692
iv,MOM,198007,-4.510519
iv,MOM,198008,4.036063
iv,MOM,198009,10.351572
iv,MOM,198010,5.223156
iv,MOM,198011,25.149894
iv,MOM,198012,-1.467489
iv,MOM,198101,-9.303742
iv,MOM,198102,-3.272763
iv,MOM,198103,-7.758228
iv,MOM,198104,-3.759592
iv,MOM,198105,-3.793899
iv,MOM,198106,-3.565117
iv,MOM,198107,-7.667322
iv,MOM,198108,-2.750934
iv,MOM,198109,5.265692
iv,MOM,198110,5.561571
iv,MOM,198111,-7.594137
iv,MOM,198112,3.175286
iv,MOM,198201,3.445742
iv,MOM,198202,-1.671409
iv,MOM,198203,-2.086602
iv,MOM,198204,2.515861
iv,MOM,198205,-10.052230
iv,MOM,198206,3.862028
iv,MOM,198207,7.381267
iv,MOM,198208,-1.444231
iv,MOM,198209,7.005011
iv,MOM,198210,5.352520
iv,MOM,198211,4.141855
iv,MOM,198212,-0.450175
iv,MOM,198301,-17.009868
iv,MOM,198302,5.980252
iv,MOM,198303,4.970189
iv,MOM,198304,-3.313858
iv,MOM,198305,-10.760989
iv,MOM,198306,2.626110
iv,MOM,198307,-5.817069
iv,MOM,198308,-4.308383
iv,MOM,198309,2.773419
iv,MOM,198310,-3.729958
iv,MOM,198311,6.697024
iv,MOM,198312,-4.834322
iv,MOM,198401,-8.536427
iv,MOM,198402,-0.438608
iv,MOM,198403,-5.896071
iv,MOM,198404,0.681210
iv,MOM,198405,-2.604005
iv,MOM,198406,7.899884
iv,MOM,198407,8.090218
iv,MOM,198408,-6.082304
iv,MOM,198409,8.784554
iv,MOM,198410,2.264762
iv,MOM,198411,11.822190
iv,MOM,198412,3.567395
iv,MOM,198501,-17.333714
iv,MOM,198502,1.282505
iv,MOM,198503,7.673539
iv,MOM,198504,6.161601
iv,MOM,198505,1.638871
iv,MOM,198506,-0.655894
iv,MOM,198507,-7.464403
iv,MOM,198508,4.141393
iv,MOM,198509,5.474668
iv,MOM,198510,9.825063
iv,MOM,198511,-3.881432
iv,MOM,198512,3.014319
iv,MOM,198601,0.511919
iv,MOM,198602,8.720761
iv,MOM,198603,7.606409
iv,MOM,198604,-1.321527
iv,MOM,198605,8.303182
iv,MOM,198606,11.748508
iv,MOM,198607,2.841749
iv,MOM,198608,0.207553
iv,MOM,198609,-2.216533
iv,MOM,198610,10.820989
iv,MOM,198611,4.327487
iv,MOM,198612,2.789704
iv,MOM,198701,0.704185
iv,MOM,198702,4.312366
iv,MOM,198703,-10.455232
iv,MOM,198704,-0.051654
iv,MOM,198705,-4.696833
iv,MOM,198706,-0.760827
iv,MOM,198707,4.379792
iv,MOM,198708,5.462587
iv,MOM,198709,4.528053
iv,MOM,198710,8.551510
iv,MOM,198711,3.182545
iv,MOM,198712,12.346045
iv,MOM,198801,-12.501619
iv,MOM,198802,3.373735
iv,MOM,198803,-4.745348
iv,MOM,198804,4.569780
iv,MOM,198805,1.618840
iv,MOM,198806,-1.118821
iv,MOM,198807,3.294900
iv,MOM,198808,-1.799573
iv,MOM,198809,-1.277641
iv,MOM,198810,0.388856
iv,MOM,198811,1.116062
iv,MOM,198812,3.032039
iv,MOM,198901,1.305062
iv,MOM,198902,-1.788401
iv,MOM,198903,1.613056
iv,MOM,198904,2.093439
iv,MOM,198905,2.010976
iv,MOM,198906,-0.810206
iv,MOM,198907,9.455184
iv,MOM,198908,2.067781
iv,MOM,198909,3.158935
iv,MOM,198910,2.447985
iv,MOM,198911,4.028911
iv,MOM,198912,0.372681
iv,MOM,199001,-10.470182
iv,MOM,199002,-4.948685
iv,MOM,199003,1.833106
iv,MOM,199004,2.794855
iv,MOM,199005,0.947028
iv,MOM,199006,5.309901
iv,MOM,199007,4.080899
iv,MOM,199008,3.925966
iv,MOM,199009,6.906963
iv,MOM,199010,10.779480
iv,MOM,199011,6.084615
iv,MOM,199012,14.848828
iv,MOM,199101,-6.098170
iv,MOM,199102,-12.986881
iv,MOM,199103,-8.425788
iv,MOM,199104,0.963001
iv,MOM,199105,4.799418
iv,MOM,199106,-1.473063
iv,MOM,199107,12.568552
iv,MOM,199108,-2.550892
iv,MOM,199109,1.119329
iv,MOM,199110,4.679713
iv,MOM,199111,5.701724
iv,MOM,199112,18.335665
iv,MOM,199201,-34.682946
iv,MOM,199202,-9.750224
iv,MOM,199203,2.867797
iv,MOM,199204,-0.976811
iv,MOM,199205,2.636593
iv,MOM,199206,0.512594
iv,MOM,199207,3.905531
iv,MOM,199208,-1.809887
iv,MOM,199209,4.048321
iv,MOM,199210,7.038120
iv,MOM,199211,2.661476
iv,MOM,199212,0.418180
iv,MOM,199301,2.265602
iv,MOM,199302,-5.053737
iv,MOM,199303,1.489442
iv,MOM,199304,-2.247656
iv,MOM,199305,5.568671
iv,MOM,199306,1.477818
iv,MOM,199307,6.477398
iv,MOM,199308,4.604820
iv,MOM,199309,8.050553
iv,MOM,199310,-5.422540
iv,MOM,199311,-11.616029
iv,MOM,199312,0.033544
iv,MOM,199401,2.325433
iv,MOM,199402,6.072589
iv,MOM,199403,-4.105527
iv,MOM,199404,-4.271518
iv,MOM,199405,-5.857951
iv,MOM,199406,-1.610247
iv,MOM,199407,2.098109
iv,MOM,199408,0.108971
iv,MOM,199409,0.303985
iv,MOM,199410,5.203226
iv,MOM,199411,-3.197303
iv,MOM,199412,6.912852
iv,MOM,199501,-7.448460
iv,MOM,199502,2.350290
iv,MOM,199503,0.809977
iv,MOM,199504,-4.966364
iv,MOM,199505,1.507891
iv,MOM,199506,6.189967
iv,MOM,199507,2.508094
iv,MOM,199508,1.882410
iv,MOM,199509,6.315483
iv,MOM,199510,12.817947
iv,MOM,199511,1.972676
iv,MOM,199512,-2.917703
iv,MOM,199601,-4.765378
iv,MOM,199602,2.268571
iv,MOM,199603,-4.166517
iv,MOM,199604,5.733940
iv,MOM,199605,-4.760440
iv,MOM,199606,-1.859193
iv,MOM,199607,-3.116472
iv,MOM,199608,-0.638479
iv,MOM,199609,6.659254
iv,MOM,199610,1.115060
iv,MOM,199611,-13.624818
iv,MOM,199612,1.655622
iv,MOM,199701,-5.868044
iv,MOM,199702,-6.463917
iv,MOM,199703,-9.507623
iv,MOM,199704,1.964962
iv,MOM,199705,0.564026
iv,MOM,199706,6.561381
iv,MOM,199707,9.716384
iv,MOM,199708,-6.072171
iv,MOM,199709,-2.266178
iv,MOM,199710,-1.265926
iv,MOM,199711,10.751357
iv,MOM,199712,6.926395
iv,MOM,199801,0.755560
iv,MOM,199802,1.050392
iv,MOM,199803,-5.064188
iv,MOM,199804,2.639297
iv,MOM,199805,2.202216
iv,MOM,199806,11.291443
iv,MOM,199807,13.848258
iv,MOM,199808,6.495740
iv,MOM,199809,3.853491
iv,MOM,199810,-4.178187
iv,MOM,199811,-3.693596
iv,MOM,199812,20.441731
iv,MOM,199901,2.653445
iv,MOM,199902,6.439886
iv,MOM,199903,16.807377
iv,MOM,199904,-13.594527
iv,MOM,199905,-17.415782
iv,MOM,199906,-6.831620
iv,MOM,199907,-1.918366
iv,MOM,199908,7.986955
iv,MOM,199909,0.451680
iv,MOM,199910,11.814302
iv,MOM,199911,-8.768059
iv,MOM,199912,0.499413
iv,MOM,200001,-10.439397
iv,MOM,200002,-12.196535
iv,MOM,200003,12.229945
iv,MOM,200004,8.610891
iv,MOM,200005,-2.334413
iv,MOM,200006,-1.513584
iv,MOM,200007,0.546527
iv,MOM,200008,12.743963
iv,MOM,200009,4.048507
iv,MOM,200010,-3.846790
iv,MOM,200011,-18.716074
iv,MOM,200012,-2.875041
iv,MOM,200101,-16.601485
iv,MOM,200102,-30.060316
iv,MOM,200103,-14.132591
iv,MOM,200104,17.870904
iv,MOM,200105,-15.871518
iv,MOM,200106,-8.383076
iv,MOM,200107,12.848703
iv,MOM,200108,13.408736
iv,MOM,200109,17.415601
iv,MOM,200110,-23.301618
iv,MOM,200111,-15.968249
iv,MOM,200112,5.311133
iv,MOM,200201,4.660166
iv,MOM,200202,23.589374
iv,MOM,200203,-3.855767
iv,MOM,200204,15.944845
iv,MOM,200205,10.952729
iv,MOM,200206,16.235158
iv,MOM,200207,0.862346
iv,MOM,200208,-1.666428
iv,MOM,200209,17.954524
iv,MOM,200210,-17.812404
iv,MOM,200211,-41.122974
iv,MOM,200212,14.071664
iv,MOM,200301,-12.192214
iv,MOM,200302,-5.653243
iv,MOM,200303,1.958750
iv,MOM,200304,-8.829709
iv,MOM,200305,-15.005211
iv,MOM,200306,2.149153
iv,MOM,200307,-1.465144
iv,MOM,200308,-5.610863
iv,MOM,200309,4.284256
iv,MOM,200310,-2.265013
iv,MOM,200311,-1.814448
iv,MOM,200312,-4.905982
iv,MOM,200401,1.729464
iv,MOM,200402,0.034947
iv,MOM,200403,0.547136
iv,MOM,200404,4.265750
iv,MOM,200405,2.645823
iv,MOM,200406,-3.139943
iv,MOM,200407,-4.753371
iv,MOM,200408,-2.400876
iv,MOM,200409,5.880474
iv,MOM,200410,-4.178062
iv,MOM,200411,2.299893
iv,MOM,200412,-0.544471
iv,MOM,200501,1.265377
iv,MOM,200502,3.670312
iv,MOM,200503,-4.787203
iv,MOM,200504,-7.598641
iv,MOM,200505,3.980177
iv,MOM,200506,2.303718
iv,MOM,200507,-0.837687
iv,MOM,200508,3.086325
iv,MOM,200509,4.634661
iv,MOM,200510,4.330575
iv,MOM,200511,-3.149596
iv,MOM,200512,2.011218
iv,MOM,200601,-2.817364
iv,MOM,200602,-7.815943
iv,MOM,200603,-3.262842
iv,MOM,200604,5.630646
iv,MOM,200605,0.487255
iv,MOM,200606,3.507812
iv,MOM,200607,2.900049
iv,MOM,200608,-6.380814
iv,MOM,200609,-3.630802
iv,MOM,200610,3.977090
iv,MOM,200611,-4.556645
iv,MOM,200612,1.644630
iv,MOM,200701,3.856693
iv,MOM,200702,2.376622
iv,MOM,200703,1.597961
iv,MOM,200704,-1.833133
iv,MOM,200705,0.585075
iv,MOM,200706,-1.676313
iv,MOM,200707,6.058190
iv,MOM,200708,3.229434
iv,MOM,200709,5.862243
iv,MOM,200710,8.017885
iv,MOM,200711,4.459830
iv,MOM,200712,8.851187
iv,MOM,200801,-8.694082
iv,MOM,200802,6.481311
iv,MOM,200803,5.194489
iv,MOM,200804,12.173771
iv,MOM,200805,0.033219
iv,MOM,200806,3.708709
iv,MOM,200807,-13.822579
iv,MOM,200808,-8.768752
iv,MOM,200809,-7.350997
iv,MOM,200810,-7.152421
iv,MOM,200811,10.263426
iv,MOM,200812,-15.602239
iv,MOM,200901,15.091820
iv,MOM,200902,10.620921
iv,MOM,200903,-0.489157
iv,MOM,200904,-17.376522
iv,MOM,200905,1.328901
iv,MOM,200906,-6.844345
iv,MOM,200907,-10.323380
iv,MOM,200908,-14.361974
iv,MOM,200909,-12.943593
iv,MOM,200910,3.162591
iv,MOM,200911,-1.759437
iv,MOM,200912,-4.495298
iv,MOM,201001,2.986117
iv,MOM,201002,-2.992225
iv,MOM,201003,-2.135831
iv,MOM,201004,0.001836
iv,MOM,201005,7.051284
iv,MOM,201006,4.989588
iv,MOM,201007,2.472918
iv,MOM,201008,0.104686
iv,MOM,201009,6.414891
iv,MOM,201010,1.707146
iv,MOM,201011,9.715684
iv,MOM,201012,-4.994718
iv,MOM,201101,-0.545532
iv,MOM,201102,1.461958
iv,MOM,201103,-1.977609
iv,MOM,201104,7.085823
iv,MOM,201105,-2.510281
iv,MOM,201106,-0.601664
iv,MOM,201107,-0.224541
iv,MOM,201108,-3.606191
iv,MOM,201109,-11.410566
iv,MOM,201110,1.773939
iv,MOM,201111,-2.835298
iv,MOM,201112,-1.580884
iv,MOM,201201,2.629046
iv,MOM,201202,5.304373
iv,MOM,201203,-4.279476
iv,MOM,201204,2.526225
iv,MOM,201205,1.466682
iv,MOM,201206,-3.541763
iv,MOM,201207,10.588918
iv,MOM,201208,-0.507730
iv,MOM,201209,-2.995241
iv,MOM,201210,-3.993428
iv,MOM,201211,2.072556
iv,MOM,201212,-11.009543
iv,MOM,201301,-9.646970
iv,MOM,201302,3.376804
iv,MOM,201303,-0.429505
iv,MOM,201304,-1.585065
iv,MOM,201305,-6.738029
iv,MOM,201306,-2.436908
iv,MOM,201307,-0.359711
iv,MOM,201308,1.362680
iv,MOM,201309,0.167782
iv,MOM,201310,3.027738
iv,MOM,201311,2.478948
iv,MOM,201312,3.348452
iv,MOM,201401,-0.749463
iv,MOM,201402,1.370120
iv,MOM,201403,-3.594411
iv,MOM,201404,4.017880
iv,MOM,201405,7.363697
iv,MOM,201406,-6.140298
iv,MOM,201407,1.883879
iv,MOM,201408,2.037310
iv,MOM,201409,4.192973
iv,MOM,201410,2.678275
iv,MOM,201411,-0.470729
iv,MOM,201412,-5.669494
iv,MOM,201501,4.245472
iv,MOM,201502,-1.421988
iv,MOM,201503,3.512062
iv,MOM,201504,0.901804
iv,MOM,201505,5.019293
iv,MOM,201506,1.378434
iv,MOM,201507,26.951905
iv,MOM,201508,-6.515301
iv,MOM,201509,11.929651
iv,MOM,201510,-3.298588
iv,MOM,201511,5.325194
iv,MOM,201512,15.373741
iv,MOM,201601,4.739372
iv,MOM,201602,2.726669
iv,MOM,201603,-18.300821
iv,MOM,201604,-21.633643
iv,MOM,201605,12.210950
iv,MOM,201606,-1.216965
iv,MOM,201607,-5.171370
iv,MOM,201608,-4.649810
iv,MOM,201609,-5.073544
iv,MOM,201610,15.377464
iv,MOM,201611,-19.033552
iv,MOM,201612,1.443540
iv,MOM,201701,1.214911
iv,MOM,201702,3.833088
iv,MOM,201703,3.729191
iv,MOM,201704,5.946082
iv,MOM,201705,7.805944
iv,MOM,201706,-9.608338
iv,MOM,201707,6.594956
iv,MOM,201708,7.229697
iv,MOM,201709,-2.682548
iv,MOM,201710,12.337986
iv,MOM,201711,-2.280776
iv,MOM,201712,-1.898733
iv,MOM,201801,11.665127
iv,MOM,201802,2.855497
iv,MOM,201803,-1.247615
iv,MOM,201804,-3.907425
iv,MOM,201805,-1.109592
iv,MOM,201806,-4.490095
iv,MOM,201807,-1.796543
iv,MOM,201808,8.575151
iv,MOM,201809,7.524495
iv,MOM,201810,-1.018975
iv,MOM,201811,6.556406
iv,MOM,201812,-1.795440
iv,MOM,201901,-8.182275
iv,MOM,201902,2.631396
iv,MOM,201903,-0.191273
iv,MOM,201904,4.478003
iv,MOM,201905,-2.226586
iv,MOM,201906,-0.515901
iv,MOM,201907,8.419448
iv,MOM,201908,11.146437
iv,MOM,201909,-11.057854
iv,MOM,201910,4.054608
iv,MOM,201911,2.195320
iv,MOM,201912,-3.194455
iv,MOM,202001,15.707657
iv,MOM,202002,-2.072274
iv,MOM,202003,17.210114
iv,MOM,202004,-9.926007
iv,MOM,202005,-7.308769
iv,MOM,202006,-10.497547
iv,MOM,202007,18.697616
iv,MOM,202008,15.872791
iv,MOM,202009,5.321878
iv,MOM,202010,-7.106366
iv,MOM,202011,-28.848118
iv,MOM,202012,-0.966728
iv,MOM,202101,-7.013443
iv,MOM,202102,-26.979846
iv,MOM,202103,-6.191917
iv,MOM,202104,6.343327
iv,MOM,202105,-9.009968
iv,MOM,202106,7.074103
iv,MOM,202107,7.040715
iv,MOM,202108,1.986355
iv,MOM,202109,5.496881
iv,MOM,202110,22.723697
iv,MOM,202111,7.748697
iv,MOM,202112,-10.510738
iv,MOM,202201,-10.045812
iv,MOM,202202,2.259888
iv,MOM,202203,8.557825
iv,MOM,202204,-9.895678
iv,MOM,202205,-2.964640
iv,MOM,202206,-14.640302
iv,MOM,202207,-7.249605
iv,MOM,202208,-4.945939
iv,MOM,202209,11.295375
iv,MOM,202210,14.559334
iv,MOM,202211,5.171460
iv,MOM,202212,6.448973
iv,MOM,202301,-24.563936
iv,MOM,202302,6.482013
iv,MOM,202303,5.746368
iv,MOM,202304,4.963471
iv,MOM,202305,-4.743058
iv,MOM,202306,-3.547319
iv,MOM,202307,-0.550301
iv,MOM,202308,17.441109
iv,MOM,202309,5.015747
iv,MOM,202310,14.254768
iv,MOM,202311,11.096153
iv,MOM,202312,-5.778942
iv,MOM,202401,23.399758
iv,MOM,202402,5.579856
iv,MOM,202403,2.962879
iv,MOM,202404,7.821796
iv,MOM,202405,1.324842
iv,MOM,202406,21.761625
iv,MOM,202407,-19.273320
iv,MOM,202408,14.590789
iv,MOM,202409,0.976776
iv,MOM,202410,4.495579
iv,MOM,202411,4.258996
iv,MOM,202412,-0.142019
iv,MOM,202501,-2.740984
v,BM,196307,-1.060502
v,BM,196308,-1.204750
v,BM,196309,2.388682
v,BM,196310,-0.195794
v,BM,196311,-0.079504
v,BM,196312,-2.408654
v,BM,196401,0.461263
v,BM,196402,2.124202
v,BM,196403,7.012708
v,BM,196404,1.723879
v,BM,196405,1.502641
v,BM,196406,0.177927
v,BM,196407,2.524733
v,BM,196408,1.136072
v,BM,196409,-1.287141
v,BM,196410,3.185051
v,BM,196411,-2.442259
v,BM,196412,-2.394586
v,BM,196501,-0.999987
v,BM,196502,1.643861
v,BM,196503,5.571857
v,BM,196504,0.708420
v,BM,196505,-0.827555
v,BM,196506,-1.666127
v,BM,196507,1.862699
v,BM,196508,-3.634551
v,BM,196509,2.227967
v,BM,196510,5.349785
v,BM,196511,3.460594
v,BM,196512,2.127997
v,BM,196601,1.842239
v,BM,196602,4.324612
v,BM,196603,-0.174856
v,BM,196604,0.829248
v,BM,196605,-4.382729
v,BM,196606,0.858332
v,BM,196607,1.504543
v,BM,196608,-1.097868
v,BM,196609,1.222215
v,BM,196610,0.862842
v,BM,196611,-8.481902
v,BM,196612,-1.036928
v,BM,196701,2.529376
v,BM,196702,0.727133
v,BM,196703,-0.030974
v,BM,196704,-4.293766
v,BM,196705,5.548178
v,BM,196706,2.471720
v,BM,196707,4.494091
v,BM,196708,5.174096
v,BM,196709,2.104106
v,BM,196710,-2.072127
v,BM,196711,-1.730775
v,BM,196712,4.907655
v,BM,196801,9.192090
v,BM,196802,0.373961
v,BM,196803,-0.667505
v,BM,196804,0.628797
v,BM,196805,2.231416
v,BM,196806,2.275820
v,BM,196807,6.344657
v,BM,196808,3.701646
v,BM,196809,2.178779
v,BM,196810,2.680591
v,BM,196811,-4.075397
v,BM,196812,-0.742782
v,BM,196901,0.150463
v,BM,196902,2.250877
v,BM,196903,-0.381742
v,BM,196904,-1.331808
v,BM,196905,0.742514
v,BM,196906,0.847617
v,BM,196907,1.762296
v,BM,196908,-4.261007
v,BM,196909,-1.292314
v,BM,196910,-3.258079
v,BM,196911,-0.754251
v,BM,196912,-1.046073
v,BM,197001,4.277719
v,BM,197002,0.871460
v,BM,197003,5.352501
v,BM,197004,10.450313
v,BM,197005,-1.623362
v,BM,197006,4.443890
v,BM,197007,-0.325075
v,BM,197008,-0.821083
v,BM,197009,-5.292442
v,BM,197010,-0.569750
v,BM,197011,-0.202130
v,BM,197012,5.152089
v,BM,197101,7.219002
v,BM,197102,-0.933095
v,BM,197103,-1.121986
v,BM,197104,-0.012453
v,BM,197105,-3.004178
v,BM,197106,-2.308293
v,BM,197107,-0.261015
v,BM,197108,1.658001
v,BM,197109,-3.683662
v,BM,197110,-1.589398
v,BM,197111,-3.193647
v,BM,197112,-0.335005
v,BM,197201,6.889281
v,BM,197202,0.925826
v,BM,197203,-1.429556
v,BM,197204,-0.300775
v,BM,197205,-3.251336
v,BM,197206,-2.169213
v,BM,197207,0.390983
v,BM,197208,2.362670
v,BM,197209,-0.533720
v,BM,197210,0.146242
v,BM,197211,3.283592
v,BM,197212,-3.105226
v,BM,197301,3.610183
v,BM,197302,2.256561
v,BM,197303,4.777114
v,BM,197304,5.095700
v,BM,197305,-2.569387
v,BM,197306,0.843546
v,BM,197307,-5.812449
v,BM,197308,-0.630980
v,BM,197309,-0.555121
v,BM,197310,5.605318
v,BM,197311,0.943464
v,BM,197312,-1.967317
v,BM,197401,18.578233
v,BM,197402,4.308670
v,BM,197403,5.154390
v,BM,197404,2.139925
v,BM,197405,-1.793269
v,BM,197406,4.032680
v,BM,197407,8.676574
v,BM,197408,2.709690
v,BM,197409,6.824295
v,BM,197410,-14.301760
v,BM,197411,-2.418166
v,BM,197412,-6.038984
v,BM,197501,19.819558
v,BM,197502,-3.813227
v,BM,197503,4.910457
v,BM,197504,-5.707487
v,BM,197505,-1.663056
v,BM,197506,3.542498
v,BM,197507,7.105137
v,BM,197508,-1.367476
v,BM,197509,0.520653
v,BM,197510,-3.427239
v,BM,197511,1.707679
v,BM,197512,2.958593
v,BM,197601,16.999935
v,BM,197602,17.236184
v,BM,197603,0.268180
v,BM,197604,0.048009
v,BM,197605,-2.871568
v,BM,197606,0.753223
v,BM,197607,1.799675
v,BM,197608,1.788260
v,BM,197609,0.269629
v,BM,197610,-0.328737
v,BM,197611,-1.573863
v,BM,197612,3.726491
v,BM,197701,11.975147
v,BM,197702,2.556951
v,BM,197703,3.367348
v,BM,197704,1.588483
v,BM,197705,2.615994
v,BM,197706,-0.698234
v,BM,197707,1.517940
v,BM,197708,-3.392980
v,BM,197709,0.927084
v,BM,197710,2.766015
v,BM,197711,-0.294134
v,BM,197712,-0.279876
v,BM,197801,3.907271
v,BM,197802,2.542989
v,BM,197803,3.395100
v,BM,197804,1.061984
v,BM,197805,0.494773
v,BM,197806,1.827271
v,BM,197807,-0.197621
v,BM,197808,3.569176
v,BM,197809,3.331358
v,BM,197810,0.392972
v,BM,197811,-3.248931
v,BM,197812,-5.133785
v,BM,197901,5.217206
v,BM,197902,1.784272
v,BM,197903,-3.010162
v,BM,197904,2.009656
v,BM,197905,2.603055
v,BM,197906,-1.043040
v,BM,197907,-0.481837
v,BM,197908,-3.902679
v,BM,197909,-0.449725
v,BM,197910,-0.140903
v,BM,197911,-5.588563
v,BM,197912,-4.242126
v,BM,198001,1.028747
v,BM,198002,-0.531662
v,BM,198003,2.230595
v,BM,198004,-4.548202
v,BM,198005,-0.041384
v,BM,198006,-1.164795
v,BM,198007,-3.023889
v,BM,198008,-4.652445
v,BM,198009,-2.776500
v,BM,198010,-3.281566
v,BM,198011,-13.671823
v,BM,198012,1.414808
v,BM,198101,9.153615
v,BM,198102,3.998129
v,BM,198103,0.664946
v,BM,198104,2.895075
v,BM,198105,1.022197
v,BM,198106,8.721497
v,BM,198107,0.143060
v,BM,198108,7.669747
v,BM,198109,6.299390
v,BM,198110,-7.668150
v,BM,198111,3.271904
v,BM,198112,3.990416
v,BM,198201,3.362098
v,BM,198202,7.664186
v,BM,198203,4.720319
v,BM,198204,-0.760200
v,BM,198205,3.105756
v,BM,198206,7.680284
v,BM,198207,4.066594
v,BM,198208,-2.931385
v,BM,198209,4.412577
v,BM,198210,-5.851046
v,BM,198211,5.344227
v,BM,198212,1.496009
v,BM,198301,-12.756718
v,BM,198302,8.867452
v,BM,198303,5.502932
v,BM,198304,1.406656
v,BM,198305,-1.860872
v,BM,198306,2.777789
v,BM,198307,7.309714
v,BM,198308,4.100537
v,BM,198309,4.916238
v,BM,198310,7.077452
v,BM,198311,-0.681294
v,BM,198312,5.287252
v,BM,198401,6.319187
v,BM,198402,1.537526
v,BM,198403,3.823456
v,BM,198404,3.376610
v,BM,198405,6.005872
v,BM,198406,-1.191162
v,BM,198407,5.277121
v,BM,198408,-2.967514
v,BM,198409,4.660040
v,BM,198410,2.675417
v,BM,198411,4.400879
v,BM,198412,2.890970
v,BM,198501,-6.226083
v,BM,198502,-1.390805
v,BM,198503,2.601350
v,BM,198504,1.626757
v,BM,198505,1.024659
v,BM,198506,1.204962
v,BM,198507,2.243219
v,BM,198508,1.793154
v,BM,198509,3.179056
v,BM,198510,-1.111678
v,BM,198511,3.120031
v,BM,198512,-4.666831
v,BM,198601,-0.514359
v,BM,198602,-1.832105
v,BM,198603,1.081190
v,BM,198604,1.005888
v,BM,198605,-0.558813
v,BM,198606,1.088751
v,BM,198607,2.185209
v,BM,198608,3.354538
v,BM,198609,5.220320
v,BM,198610,-1.457658
v,BM,198611,0.888235
v,BM,198612,4.376022
v,BM,198701,-2.511947
v,BM,198702,-4.591148
v,BM,198703,3.604433
v,BM,198704,3.949640
v,BM,198705,2.943399
v,BM,198706,1.772915
v,BM,198707,8.850484
v,BM,198708,0.567991
v,BM,198709,1.338190
v,BM,198710,6.134214
v,BM,198711,2.242800
v,BM,198712,0.557574
v,BM,198801,-2.637429
v,BM,198802,-2.267915
v,BM,198803,2.076575
v,BM,198804,1.965980
v,BM,198805,3.307845
v,BM,198806,-0.505362
v,BM,198807,1.199655
v,BM,198808,2.679266
v,BM,198809,-0.248863
v,BM,198810,2.820560
v,BM,198811,4.367609
v,BM,198812,-0.135605
v,BM,198901,-0.314985
v,BM,198902,0.393958
v,BM,198903,2.834290
v,BM,198904,1.025220
v,BM,198905,3.232504
v,BM,198906,4.037678
v,BM,198907,-1.081601
v,BM,198908,1.471977
v,BM,198909,-1.050139
v,BM,198910,-1.033555
v,BM,198911,-1.583974
v,BM,198912,-0.387575
v,BM,199001,2.628410
v,BM,199002,-0.271895
v,BM,199003,-1.409162
v,BM,199004,-0.623216
v,BM,199005,-4.343645
v,BM,199006,-0.749136
v,BM,199007,4.005635
v,BM,199008,6.323602
v,BM,199009,4.936624
v,BM,199010,-0.509649
v,BM,199011,-4.723398
v,BM,199012,-3.723926
v,BM,199101,5.530351
v,BM,199102,-6.729195
v,BM,199103,0.669587
v,BM,199104,-3.240947
v,BM,199105,1.068652
v,BM,199106,1.014473
v,BM,199107,1.744910
v,BM,199108,-1.059822
v,BM,199109,-2.843938
v,BM,199110,-3.251515
v,BM,199111,-1.386318
v,BM,199112,-3.249736
v,BM,199201,9.004929
v,BM,199202,7.409476
v,BM,199203,5.330795
v,BM,199204,5.167948
v,BM,199205,1.778586
v,BM,199206,5.000494
v,BM,199207,-0.889217
v,BM,199208,3.195069
v,BM,199209,2.036107
v,BM,199210,0.082131
v,BM,199211,-3.583209
v,BM,199212,1.011992
v,BM,199301,9.938372
v,BM,199302,7.159657
v,BM,199303,5.666280
v,BM,199304,2.765912
v,BM,199305,-1.039194
v,BM,199306,-0.929645
v,BM,199307,4.260788
v,BM,199308,-1.089412
v,BM,199309,0.123556
v,BM,199310,-0.188731
v,BM,199311,2.913588
v,BM,199312,2.384029
v,BM,199401,4.599512
v,BM,199402,5.047228
v,BM,199403,5.674102
v,BM,199404,4.373626
v,BM,199405,1.534860
v,BM,199406,4.061295
v,BM,199407,-1.469173
v,BM,199408,0.194653
v,BM,199409,2.549966
v,BM,199410,4.957634
v,BM,199411,1.527349
v,BM,199412,2.766224
v,BM,199501,-0.702081
v,BM,199502,1.526010
v,BM,199503,-1.715309
v,BM,199504,4.452236
v,BM,199505,-1.128375
v,BM,199506,-6.960666
v,BM,199507,-0.712721
v,BM,199508,-1.991233
v,BM,199509,-1.143303
v,BM,199510,2.301279
v,BM,199511,-2.563964
v,BM,199512,0.726048
v,BM,199601,2.374336
v,BM,199602,1.057534
v,BM,199603,2.056375
v,BM,199604,-0.124513
v,BM,199605,1.643401
v,BM,199606,3.209145
v,BM,199607,6.673391
v,BM,199608,-0.708437
v,BM,199609,-2.799504
v,BM,199610,5.359228
v,BM,199611,1.335095
v,BM,199612,1.887590
v,BM,199701,-4.574528
v,BM,199702,8.862945
v,BM,199703,8.660034
v,BM,199704,1.232344
v,BM,199705,-6.080280
v,BM,199706,3.634826
v,BM,199707,-0.697108
v,BM,199708,-0.171215
v,BM,199709,3.567909
v,BM,199710,4.962158
v,BM,199711,3.694243
v,BM,199712,1.450467
v,BM,199801,1.990106
v,BM,199802,-0.229353
v,BM,199803,2.315761
v,BM,199804,2.531553
v,BM,199805,5.491257
v,BM,199806,0.643295
v,BM,199807,2.085116
v,BM,199808,7.851860
v,BM,199809,-10.320902
v,BM,199810,-5.072510
v,BM,199811,-8.859438
v,BM,199812,-3.881004
v,BM,199901,-5.617258
v,BM,199902,3.881337
v,BM,199903,-2.655569
v,BM,199904,4.796020
v,BM,199905,3.424859
v,BM,199906,-1.406256
v,BM,199907,2.784324
v,BM,199908,0.725004
v,BM,199909,-3.923229
v,BM,199910,-5.585307
v,BM,199911,-9.719053
v,BM,199912,-14.824309
v,BM,200001,6.493547
v,BM,200002,-7.953797
v,BM,200003,2.965938
v,BM,200004,8.109037
v,BM,200005,1.147970
v,BM,200006,-9.737196
v,BM,200007,8.430225
v,BM,200008,-9.141131
v,BM,200009,5.998628
v,BM,200010,3.737711
v,BM,200011,15.444586
v,BM,200012,4.016563
v,BM,200101,-13.549977
v,BM,200102,19.133598
v,BM,200103,11.634480
v,BM,200104,-10.319942
v,BM,200105,5.363204
v,BM,200106,0.034894
v,BM,200107,6.451352
v,BM,200108,5.292542
v,BM,200109,3.481531
v,BM,200110,-10.353325
v,BM,200111,-2.809254
v,BM,200112,0.715535
v,BM,200201,12.846769
v,BM,200202,8.722788
v,BM,200203,4.670161
v,BM,200204,15.757881
v,BM,200205,7.982422
v,BM,200206,6.885595
v,BM,200207,1.824061
v,BM,200208,-0.878190
v,BM,200209,-0.734528
v,BM,200210,-8.298078
v,BM,200211,-2.232659
v,BM,200212,4.023110
v,BM,200301,3.103694
v,BM,200302,2.220396
v,BM,200303,-3.887577
v,BM,200304,-3.347393
v,BM,200305,-4.751035
v,BM,200306,5.695123
v,BM,200307,1.847838
v,BM,200308,1.840856
v,BM,200309,4.617583
v,BM,200310,7.520135
v,BM,200311,4.216504
v,BM,200312,6.024932
v,BM,200401,7.060456
v,BM,200402,2.341673
v,BM,200403,3.050770
v,BM,200404,0.063309
v,BM,200405,2.177173
v,BM,200406,2.761333
v,BM,200407,9.361749
v,BM,200408,2.146753
v,BM,200409,-1.808693
v,BM,200410,0.484907
v,BM,200411,4.521783
v,BM,200412,-0.091769
v,BM,200501,4.891351
v,BM,200502,2.255228
v,BM,200503,5.340170
v,BM,200504,1.696448
v,BM,200505,-2.160848
v,BM,200506,2.242705
v,BM,200507,1.168280
v,BM,200508,1.971390
v,BM,200509,-0.516946
v,BM,200510,0.154792
v,BM,200511,-2.495449
v,BM,200512,2.866566
v,BM,200601,-2.023865
v,BM,200602,0.658617
v,BM,200603,1.533904
v,BM,200604,6.333599
v,BM,200605,4.861111
v,BM,200606,1.093434
v,BM,200607,2.688573
v,BM,200608,-1.402272
v,BM,200609,2.468673
v,BM,200610,-1.569946
v,BM,200611,0.627078
v,BM,200612,5.447897
v,BM,200701,0.617502
v,BM,200702,1.190848
v,BM,200703,-1.617988
v,BM,200704,-1.555701
v,BM,200705,0.063679
v,BM,200706,2.063423
v,BM,200707,-0.585890
v,BM,200708,-6.898170
v,BM,200709,-3.372920
v,BM,200710,-0.870554
v,BM,200711,-1.093511
v,BM,200712,-0.357426
v,BM,200801,1.871350
v,BM,200802,-0.827811
v,BM,200803,0.661872
v,BM,200804,-0.246200
v,BM,200805,-1.061264
v,BM,200806,1.245229
v,BM,200807,-4.620098
v,BM,200808,1.826849
v,BM,200809,-2.469549
v,BM,200810,-4.346362
v,BM,200811,-5.468101
v,BM,200812,-10.039744
v,BM,200901,-0.003529
v,BM,200902,-5.930409
v,BM,200903,1.664363
v,BM,200904,12.455058
v,BM,200905,6.092660
v,BM,200906,-1.342980
v,BM,200907,8.735786
v,BM,200908,19.800725
v,BM,200909,6.279902
v,BM,200910,2.333916
v,BM,200911,2.253007
v,BM,200912,3.253135
v,BM,201001,3.651492
v,BM,201002,3.524653
v,BM,201003,4.740154
v,BM,201004,10.012533
v,BM,201005,-1.621637
v,BM,201006,-4.531734
v,BM,201007,-0.579482
v,BM,201008,-1.803897
v,BM,201009,-3.057930
v,BM,201010,0.772937
v,BM,201011,1.582258
v,BM,201012,1.102139
v,BM,201101,2.866777
v,BM,201102,4.078940
v,BM,201103,-2.249239
v,BM,201104,-3.359528
v,BM,201105,-2.245941
v,BM,201106,1.551680
v,BM,201107,2.803394
v,BM,201108,-1.900429
v,BM,201109,-0.223214
v,BM,201110,-4.244829
v,BM,201111,-0.817309
v,BM,201112,3.260801
v,BM,201201,-4.066964
v,BM,201202,1.095140
v,BM,201203,1.399579
v,BM,201204,2.454474
v,BM,201205,1.377285
v,BM,201206,-0.172280
v,BM,201207,-1.781663
v,BM,201208,-0.582166
v,BM,201209,-1.928801
v,BM,201210,5.575052
v,BM,201211,0.375345
v,BM,201212,2.249889
v,BM,201301,1.467869
v,BM,201302,2.641305
v,BM,201303,-1.390601
v,BM,201304,-5.558396
v,BM,201305,4.363768
v,BM,201306,0.627230
v,BM,201307,-0.802131
v,BM,201308,1.945762
v,BM,201309,1.999257
v,BM,201310,5.695376
v,BM,201311,-3.869351
v,BM,201312,2.047564
v,BM,201401,2.478281
v,BM,201402,-0.618280
v,BM,201403,5.196267
v,BM,201404,0.316175
v,BM,201405,-2.673917
v,BM,201406,-1.254364
v,BM,201407,1.694529
v,BM,201408,-2.767124
v,BM,201409,-1.651938
v,BM,201410,-8.327796
v,BM,201411,-3.002896
v,BM,201412,-1.912029
v,BM,201501,-3.486878
v,BM,201502,0.473009
v,BM,201503,-2.517541
v,BM,201504,6.641256
v,BM,201505,-3.390198
v,BM,201506,-3.629286
v,BM,201507,-13.975021
v,BM,201508,10.473664
v,BM,201509,-1.861987
v,BM,201510,-1.321979
v,BM,201511,-4.743883
v,BM,201512,-6.529103
v,BM,201601,1.710970
v,BM,201602,0.691535
v,BM,201603,8.654143
v,BM,201604,6.633428
v,BM,201605,-2.584776
v,BM,201606,7.513336
v,BM,201607,3.248417
v,BM,201608,2.332484
v,BM,201609,-0.328903
v,BM,201610,0.221155
v,BM,201611,8.992498
v,BM,201612,4.682203
v,BM,201701,-0.515774
v,BM,201702,-6.285822
v,BM,201703,-1.664244
v,BM,201704,-4.020873
v,BM,201705,-4.441071
v,BM,201706,-1.350234
v,BM,201707,-0.767781
v,BM,201708,-1.517673
v,BM,201709,1.224830
v,BM,201710,0.756022
v,BM,201711,0.962750
v,BM,201712,0.303626
v,BM,201801,-0.182029
v,BM,201802,-1.902876
v,BM,201803,-0.662622
v,BM,201804,1.424632
v,BM,201805,-3.594833
v,BM,201806,-0.191044
v,BM,201807,0.260777
v,BM,201808,-4.072254
v,BM,201809,-1.386697
v,BM,201810,1.790341
v,BM,201811,-3.142805
v,BM,201812,-5.287931
v,BM,201901,-4.184666
v,BM,201902,-4.115622
v,BM,201903,-6.462246
v,BM,201904,0.382778
v,BM,201905,-3.000881
v,BM,201906,-7.773042
v,BM,201907,-4.326520
v,BM,201908,-8.108126
v,BM,201909,8.917800
v,BM,201910,-9.923732
v,BM,201911,-9.039383
v,BM,201912,6.185170
v,BM,202001,-8.351297
v,BM,202002,-2.939440
v,BM,202003,-14.112137
v,BM,202004,11.715072
v,BM,202005,-5.344961
v,BM,202006,8.081596
v,BM,202007,4.300569
v,BM,202008,-1.558286
v,BM,202009,-1.962318
v,BM,202010,2.258513
v,BM,202011,13.245330
v,BM,202012,-0.378910
v,BM,202101,31.041807
v,BM,202102,9.372792
v,BM,202103,4.653959
v,BM,202104,-4.766204
v,BM,202105,9.811740
v,BM,202106,1.597303
v,BM,202107,-2.356401
v,BM,202108,0.612035
v,BM,202109,8.358210
v,BM,202110,-0.282172
v,BM,202111,0.880481
v,BM,202112,4.846323
v,BM,202201,12.498811
v,BM,202202,6.540962
v,BM,202203,4.236349
v,BM,202204,10.307019
v,BM,202205,6.983789
v,BM,202206,-6.773624
v,BM,202207,-5.128963
v,BM,202208,0.318769
v,BM,202209,-6.873314
v,BM,202210,4.428881
v,BM,202211,-3.371196
v,BM,202212,-0.394862
v,BM,202301,9.705269
v,BM,202302,-4.244894
v,BM,202303,-6.394688
v,BM,202304,1.028834
v,BM,202305,-5.101969
v,BM,202306,0.469532
v,BM,202307,2.116528
v,BM,202308,-4.677195
v,BM,202309,-1.360874
v,BM,202310,-4.565007
v,BM,202311,-2.979781
v,BM,202312,2.638688
v,BM,202401,5.685646
v,BM,202402,4.741906
v,BM,202403,3.030294
v,BM,202404,-2.020498
v,BM,202405,-0.596882
v,BM,202406,-7.437813
v,BM,202407,-0.346785
v,BM,202408,-4.215798
v,BM,202409,1.259404
v,BM,202410,-0.362053
v,BM,202411,-3.078259
v,BM,202412,2.110267
v,BM,202501,-3.624331
v,GP,196307,0.013958
v,GP,196308,-1.057860
v,GP,196309,0.672360
v,GP,196310,-0.834588
v,GP,196311,-2.416225
v,GP,196312,0.573173
v,GP,196401,1.566305
v,GP,196402,-0.434113
v,GP,196403,-4.649640
v,GP,196404,0.547094
v,GP,196405,1.237817
v,GP,196406,1.091437
v,GP,196407,-1.388806
v,GP,196408,-1.820682
v,GP,196409,-1.665869
v,GP,196410,0.630432
v,GP,196411,2.502765
v,GP,196412,1.332055
v,GP,196501,1.745865
v,GP,196502,-0.632076
v,GP,196503,-1.387033
v,GP,196504,0.000247
v,GP,196505,-1.470227
v,GP,196506,0.208265
v,GP,196507,-2.810553
v,GP,196508,-0.480769
v,GP,196509,-2.421022
v,GP,196510,-0.877941
v,GP,196511,-3.839468
v,GP,196512,-0.509418
v,GP,196601,-4.365442
v,GP,196602,-2.571523
v,GP,196603,2.329088
v,GP,196604,-4.049596
v,GP,196605,3.151554
v,GP,196606,-0.984565
v,GP,196607,1.689254
v,GP,196608,2.707625
v,GP,196609,1.217780
v,GP,196610,0.373992
v,GP,196611,0.121764
v,GP,196612,-1.049473
v,GP,196701,-3.247068
v,GP,196702,-0.024994
v,GP,196703,-1.626654
v,GP,196704,0.732000
v,GP,196705,-0.484341
v,GP,196706,-1.563902
v,GP,196707,0.179336
v,GP,196708,-0.173210
v,GP,196709,1.184071
v,GP,196710,0.635983
v,GP,196711,0.828744
v,GP,196712,-2.884330
v,GP,196801,-0.800427
v,GP,196802,1.709792
v,GP,196803,1.973250
v,GP,196804,-1.749636
v,GP,196805,1.154513
v,GP,196806,-0.263390
v,GP,196807,-1.955426
v,GP,196808,-0.273433
v,GP,196809,-1.104182
v,GP,196810,2.210485
v,GP,196811,-0.174319
v,GP,196812,-3.450550
v,GP,196901,-1.937118
v,GP,196902,2.761690
v,GP,196903,-0.565797
v,GP,196904,2.047132
v,GP,196905,-1.283184
v,GP,196906,3.336590
v,GP,196907,3.213126
v,GP,196908,3.019499
v,GP,196909,1.716590
v,GP,196910,2.654883
v,GP,196911,3.720139
v,GP,196912,5.329733
v,GP,197001,-0.517651
v,GP,197002,-1.570639
v,GP,197003,-2.532194
v,GP,197004,3.954078
v,GP,197005,-0.314846
v,GP,197006,3.360572
v,GP,197007,1.645232
v,GP,197008,-2.960987
v,GP,197009,-2.826693
v,GP,197010,4.531758
v,GP,197011,2.610786
v,GP,197012,4.264095
v,GP,197101,-4.980809
v,GP,197102,1.637986
v,GP,197103,2.877969
v,GP,197104,-2.536350
v,GP,197105,2.644911
v,GP,197106,4.149074
v,GP,197107,2.276625
v,GP,197108,0.163050
v,GP,197109,3.783445
v,GP,197110,3.871959
v,GP,197111,1.190980
v,GP,197112,-0.381869
v,GP,197201,-8.866198
v,GP,197202,-0.464408
v,GP,197203,3.208626
v,GP,197204,-0.443964
v,GP,197205,1.096644
v,GP,197206,-0.911706
v,GP,197207,-1.672420
v,GP,197208,-2.359237
v,GP,197209,0.382753
v,GP,197210,0.527847
v,GP,197211,0.989237
v,GP,197212,0.142731
v,GP,197301,-4.540646
v,GP,197302,-2.111459
v,GP,197303,-2.905968
v,GP,197304,-4.053467
v,GP,197305,0.988616
v,GP,197306,-1.496715
v,GP,197307,-0.013343
v,GP,197308,-1.478690
v,GP,197309,-2.932352
v,GP,197310,-5.679611
v,GP,197311,-3.803859
v,GP,197312,-4.276689
v,GP,197401,-3.768340
v,GP,197402,-0.122688
v,GP,197403,3.148351
v,GP,197404,2.585986
v,GP,197405,3.297697
v,GP,197406,-2.676805
v,GP,197407,-1.733364
v,GP,197408,-2.041127
v,GP,197409,0.128718
v,GP,197410,-3.486864
v,GP,197411,-0.405576
v,GP,197412,0.741707
v,GP,197501,-0.951029
v,GP,197502,-1.616964
v,GP,197503,3.048476
v,GP,197504,0.510027
v,GP,197505,-0.664819
v,GP,197506,-2.827048
v,GP,197507,1.355361
v,GP,197508,2.220566
v,GP,197509,1.356687
v,GP,197510,4.268002
v,GP,197511,5.360007
v,GP,197512,-2.200211
v,GP,197601,-6.148160
v,GP,197602,-2.101948
v,GP,197603,1.127715
v,GP,197604,-1.418430
v,GP,197605,-0.955340
v,GP,197606,-2.126076
v,GP,197607,-0.340909
v,GP,197608,2.519167
v,GP,197609,0.096765
v,GP,197610,0.033583
v,GP,197611,1.015050
v,GP,197612,-0.412109
v,GP,197701,-3.155108
v,GP,197702,-1.112537
v,GP,197703,-1.644896
v,GP,197704,-2.109850
v,GP,197705,0.675885
v,GP,197706,0.079906
v,GP,197707,1.376789
v,GP,197708,3.913389
v,GP,197709,1.183213
v,GP,197710,1.440411
v,GP,197711,0.740751
v,GP,197712,0.923183
v,GP,197801,-2.406507
v,GP,197802,1.182984
v,GP,197803,-0.943860
v,GP,197804,0.465677
v,GP,197805,1.810524
v,GP,197806,-1.476689
v,GP,197807,-0.015638
v,GP,197808,4.447290
v,GP,197809,-2.901489
v,GP,197810,0.560092
v,GP,197811,1.967913
v,GP,197812,0.965081
v,GP,197901,-3.833282
v,GP,197902,-0.962711
v,GP,197903,-3.672258
v,GP,197904,-1.565145
v,GP,197905,-0.546972
v,GP,197906,-6.919153
v,GP,197907,0.287932
v,GP,197908,1.346623
v,GP,197909,-3.288271
v,GP,197910,-0.219024
v,GP,197911,-2.202719
v,GP,197912,-3.625139
v,GP,198001,-9.944789
v,GP,198002,-1.848914
v,GP,198003,6.087000
v,GP,198004,0.048138
v,GP,198005,1.291016
v,GP,198006,-0.810621
v,GP,198007,3.000526
v,GP,198008,1.747783
v,GP,198009,-2.033440
v,GP,198010,-2.080583
v,GP,198011,-3.446799
v,GP,198012,5.376999
v,GP,198101,0.922545
v,GP,198102,2.683636
v,GP,198103,3.487885
v,GP,198104,4.720418
v,GP,198105,0.697097
v,GP,198106,4.858169
v,GP,198107,-1.464394
v,GP,198108,2.495515
v,GP,198109,7.666957
v,GP,198110,1.279381
v,GP,198111,5.351023
v,GP,198112,3.298570
v,GP,198201,0.524437
v,GP,198202,5.619507
v,GP,198203,7.147862
v,GP,198204,1.840687
v,GP,198205,2.705502
v,GP,198206,6.037633
v,GP,198207,6.359960
v,GP,198208,-0.465222
v,GP,198209,6.584327
v,GP,198210,0.828174
v,GP,198211,8.918142
v,GP,198212,2.111750
v,GP,198301,-15.148715
v,GP,198302,11.158771
v,GP,198303,0.042522
v,GP,198304,0.597824
v,GP,198305,-8.406490
v,GP,198306,1.177075
v,GP,198307,-1.320546
v,GP,198308,2.183302
v,GP,198309,2.593738
v,GP,198310,1.967067
v,GP,198311,4.291109
v,GP,198312,2.229290
v,GP,198401,-4.446126
v,GP,198402,-1.281257
v,GP,198403,0.159194
v,GP,198404,3.633618
v,GP,198405,4.936125
v,GP,198406,5.158806
v,GP,198407,5.434461
v,GP,198408,3.285142
v,GP,198409,1.159148
v,GP,198410,3.856631
v,GP,198411,5.451047
v,GP,198412,4.020454
v,GP,198501,-0.682005
v,GP,198502,0.002316
v,GP,198503,0.531345
v,GP,198504,2.355489
v,GP,198505,3.882167
v,GP,198506,5.328200
v,GP,198507,-0.575769
v,GP,198508,-0.187567
v,GP,198509,4.478211
v,GP,198510,4.878023
v,GP,198511,3.985076
v,GP,198512,2.806320
v,GP,198601,-5.458467
v,GP,198602,-0.895983
v,GP,198603,2.337912
v,GP,198604,0.930119
v,GP,198605,0.511652
v,GP,198606,3.652783
v,GP,198607,0.379981
v,GP,198608,-0.486608
v,GP,198609,0.680508
v,GP,198610,3.651994
v,GP,198611,5.483231
v,GP,198612,2.856264
v,GP,198701,-3.718912
v,GP,198702,-2.846856
v,GP,198703,-7.562607
v,GP,198704,-2.938470
v,GP,198705,-2.913094
v,GP,198706,3.226952
v,GP,198707,-1.609997
v,GP,198708,4.793626
v,GP,198709,2.928722
v,GP,198710,4.274539
v,GP,198711,1.690778
v,GP,198712,7.007412
v,GP,198801,-5.376524
v,GP,198802,2.485714
v,GP,198803,-1.328537
v,GP,198804,1.336516
v,GP,198805,3.881018
v,GP,198806,2.422543
v,GP,198807,0.589585
v,GP,198808,1.445160
v,GP,198809,4.894919
v,GP,198810,3.824064
v,GP,198811,1.167564
v,GP,198812,2.999224
v,GP,198901,-0.543688
v,GP,198902,0.325311
v,GP,198903,3.610142
v,GP,198904,4.399952
v,GP,198905,3.771512
v,GP,198906,1.379969
v,GP,198907,3.909118
v,GP,198908,1.135974
v,GP,198909,0.763589
v,GP,198910,-0.720079
v,GP,198911,-2.459866
v,GP,198912,2.620113
v,GP,199001,-5.976433
v,GP,199002,-1.958375
v,GP,199003,1.022359
v,GP,199004,-2.729937
v,GP,199005,2.634038
v,GP,199006,0.794444
v,GP,199007,-3.733688
v,GP,199008,-2.850893
v,GP,199009,1.128386
v,GP,199010,0.663811
v,GP,199011,2.541590
v,GP,199012,6.836855
v,GP,199101,-1.714429
v,GP,199102,-2.487862
v,GP,199103,1.531814
v,GP,199104,0.837608
v,GP,199105,4.076796
v,GP,199106,0.587038
v,GP,199107,-3.199238
v,GP,199108,3.621221
v,GP,199109,-3.176365
v,GP,199110,-2.868187
v,GP,199111,-1.925637
v,GP,199112,1.553432
v,GP,199201,-7.906016
v,GP,199202,4.040933
v,GP,199203,0.140612
v,GP,199204,2.587160
v,GP,199205,-0.567144
v,GP,199206,0.171638
v,GP,199207,-0.745718
v,GP,199208,5.570231
v,GP,199209,-0.270088
v,GP,199210,1.732306
v,GP,199211,3.947074
v,GP,199212,3.944100
v,GP,199301,-2.940833
v,GP,199302,0.415708
v,GP,199303,-1.199153
v,GP,199304,-4.914264
v,GP,199305,-2.912022
v,GP,199306,-0.612176
v,GP,199307,-0.472870
v,GP,199308,-3.821234
v,GP,199309,-2.180723
v,GP,199310,-3.598841
v,GP,199311,5.322102
v,GP,199312,4.526564
v,GP,199401,-3.621006
v,GP,199402,4.239761
v,GP,199403,2.046455
v,GP,199404,4.946948
v,GP,199405,-1.902574
v,GP,199406,3.139549
v,GP,199407,0.898977
v,GP,199408,2.787693
v,GP,199409,3.159409
v,GP,199410,5.199764
v,GP,199411,4.299810
v,GP,199412,5.597822
v,GP,199501,-3.656623
v,GP,199502,1.411906
v,GP,199503,-0.301102
v,GP,199504,1.147817
v,GP,199505,-0.818182
v,GP,199506,-2.790089
v,GP,199507,0.750611
v,GP,199508,-4.629362
v,GP,199509,-2.059875
v,GP,199510,3.319360
v,GP,199511,2.468584
v,GP,199512,-3.424840
v,GP,199601,-8.964982
v,GP,199602,0.642647
v,GP,199603,2.055861
v,GP,199604,2.040355
v,GP,199605,-1.095540
v,GP,199606,2.998974
v,GP,199607,8.199195
v,GP,199608,-0.877456
v,GP,199609,0.994025
v,GP,199610,4.691989
v,GP,199611,4.114321
v,GP,199612,3.075084
v,GP,199701,-7.321850
v,GP,199702,0.644220
v,GP,199703,4.365030
v,GP,199704,5.549844
v,GP,199705,3.791106
v,GP,199706,4.143301
v,GP,199707,2.807625
v,GP,199708,0.890081
v,GP,199709,-4.700909
v,GP,199710,0.110013
v,GP,199711,7.782565
v,GP,199712,8.148850
v,GP,199801,-3.465895
v,GP,199802,3.982872
v,GP,199803,2.270740
v,GP,199804,1.611821
v,GP,199805,1.296804
v,GP,199806,7.869668
v,GP,199807,1.253133
v,GP,199808,6.913782
v,GP,199809,-5.014235
v,GP,199810,1.974285
v,GP,199811,-1.648179
v,GP,199812,6.462651
v,GP,199901,-7.751502
v,GP,199902,2.773961
v,GP,199903,-1.423790
v,GP,199904,-0.170170
v,GP,199905,2.040324
v,GP,199906,2.333276
v,GP,199907,-4.453549
v,GP,199908,-0.019173
v,GP,199909,-0.033767
v,GP,199910,1.000339
v,GP,199911,-3.247227
v,GP,199912,-9.305336
v,GP,200001,-20.396133
v,GP,200002,-38.936818
v,GP,200003,14.412095
v,GP,200004,10.151550
v,GP,200005,2.386408
v,GP,200006,-15.635160
v,GP,200007,5.630302
v,GP,200008,-1.388278
v,GP,200009,4.592070
v,GP,200010,10.321293
v,GP,200011,14.429453
v,GP,200012,7.307890
v,GP,200101,-9.600447
v,GP,200102,13.882560
v,GP,200103,7.665029
v,GP,200104,0.039236
v,GP,200105,-4.700228
v,GP,200106,3.853733
v,GP,200107,8.968463
v,GP,200108,6.029730
v,GP,200109,3.969264
v,GP,200110,-7.369079
v,GP,200111,2.278208
v,GP,200112,-1.363680
v,GP,200201,11.617888
v,GP,200202,8.696054
v,GP,200203,0.957671
v,GP,200204,14.354844
v,GP,200205,7.503384
v,GP,200206,8.320556
v,GP,200207,-1.926914
v,GP,200208,5.231013
v,GP,200209,4.957414
v,GP,200210,2.289660
v,GP,200211,-7.565878
v,GP,200212,6.024350
v,GP,200301,-2.837340
v,GP,200302,2.970822
v,GP,200303,2.086107
v,GP,200304,-7.453516
v,GP,200305,-21.263298
v,GP,200306,0.056587
v,GP,200307,5.431910
v,GP,200308,0.709338
v,GP,200309,-7.426497
v,GP,200310,4.976171
v,GP,200311,4.054482
v,GP,200312,-4.797957
v,GP,200401,-9.356124
v,GP,200402,1.899778
v,GP,200403,2.795081
v,GP,200404,1.337060
v,GP,200405,5.154974
v,GP,200406,3.558769
v,GP,200407,4.772459
v,GP,200408,-2.585540
v,GP,200409,0.889670
v,GP,200410,2.074341
v,GP,200411,-0.725697
v,GP,200412,-3.551265
v,GP,200501,4.171957
v,GP,200502,1.941632
v,GP,200503,10.188013
v,GP,200504,-0.681801
v,GP,200505,1.139029
v,GP,200506,1.966624
v,GP,200507,-3.514610
v,GP,200508,0.263944
v,GP,200509,-1.611796
v,GP,200510,4.798567
v,GP,200511,3.767080
v,GP,200512,2.348531
v,GP,200601,-9.636500
v,GP,200602,-1.082989
v,GP,200603,0.496401
v,GP,200604,5.462605
v,GP,200605,5.617536
v,GP,200606,4.158065
v,GP,200607,4.429431
v,GP,200608,-2.686754
v,GP,200609,7.659852
v,GP,200610,-2.294596
v,GP,200611,-0.805452
v,GP,200612,2.051107
v,GP,200701,1.815833
v,GP,200702,-0.731046
v,GP,200703,2.331496
v,GP,200704,-2.127720
v,GP,200705,2.855069
v,GP,200706,1.503585
v,GP,200707,0.757589
v,GP,200708,-1.071143
v,GP,200709,-2.130668
v,GP,200710,-0.869691
v,GP,200711,4.165328
v,GP,200712,1.483789
v,GP,200801,1.936431
v,GP,200802,-3.026650
v,GP,200803,5.725447
v,GP,200804,0.989753
v,GP,200805,-1.467769
v,GP,200806,-0.246586
v,GP,200807,-2.798500
v,GP,200808,7.457622
v,GP,200809,8.301253
v,GP,200810,1.016397
v,GP,200811,-0.441252
v,GP,200812,-0.548543
v,GP,200901,-14.591553
v,GP,200902,6.599693
v,GP,200903,-15.918708
v,GP,200904,5.749059
v,GP,200905,-20.527189
v,GP,200906,-2.235920
v,GP,200907,-0.830083
v,GP,200908,-0.673880
v,GP,200909,-7.457693
v,GP,200910,10.963563
v,GP,200911,0.478741
v,GP,200912,-1.671302
v,GP,201001,-1.025878
v,GP,201002,2.161813
v,GP,201003,2.433844
v,GP,201004,-3.143889
v,GP,201005,6.260055
v,GP,201006,4.900760
v,GP,201007,-2.961014
v,GP,201008,2.209754
v,GP,201009,1.216646
v,GP,201010,1.310570
v,GP,201011,2.193342
v,GP,201012,-4.730011
v,GP,201101,-0.488545
v,GP,201102,3.663319
v,GP,201103,2.624347
v,GP,201104,1.908792
v,GP,201105,3.901791
v,GP,201106,6.393953
v,GP,201107,1.862495
v,GP,201108,5.225708
v,GP,201109,5.649724
v,GP,201110,-1.822397
v,GP,201111,4.077245
v,GP,201112,6.555447
v,GP,201201,-9.825137
v,GP,201202,-0.730648
v,GP,201203,3.446657
v,GP,201204,3.393492
v,GP,201205,1.218181
v,GP,201206,-2.595556
v,GP,201207,-3.052727
v,GP,201208,-0.590941
v,GP,201209,-0.478149
v,GP,201210,3.813465
v,GP,201211,1.789768
v,GP,201212,3.956776
v,GP,201301,-1.572625
v,GP,201302,0.909362
v,GP,201303,1.760403
v,GP,201304,2.391387
v,GP,201305,-0.978214
v,GP,201306,3.688232
v,GP,201307,-3.261455
v,GP,201308,1.069470
v,GP,201309,-2.207813
v,GP,201310,8.715527
v,GP,201311,-2.702232
v,GP,201312,-3.090854
v,GP,201401,-15.101401
v,GP,201402,-3.753105
v,GP,201403,2.716992
v,GP,201404,6.584000
v,GP,201405,-0.326931
v,GP,201406,-6.647680
v,GP,201407,4.719721
v,GP,201408,-0.096315
v,GP,201409,6.510529
v,GP,201410,3.189472
v,GP,201411,2.289068
v,GP,201412,2.275377
v,GP,201501,-4.401160
v,GP,201502,-8.310714
v,GP,201503,1.235354
v,GP,201504,1.972249
v,GP,201505,-7.256916
v,GP,201506,0.768410
v,GP,201507,2.231856
v,GP,201508,2.981066
v,GP,201509,7.443605
v,GP,201510,0.335522
v,GP,201511,-11.907608
v,GP,201512,8.603674
v,GP,201601,15.033528
v,GP,201602,6.565482
v,GP,201603,-6.810779
v,GP,201604,-6.822197
v,GP,201605,-4.718502
v,GP,201606,6.615573
v,GP,201607,2.864117
v,GP,201608,-2.769316
v,GP,201609,-8.959709
v,GP,201610,12.172483
v,GP,201611,-1.171734
v,GP,201612,5.600140
v,GP,201701,-8.856024
v,GP,201702,-1.959783
v,GP,201703,-1.669760
v,GP,201704,7.303271
v,GP,201705,7.010565
v,GP,201706,-5.897482
v,GP,201707,0.529769
v,GP,201708,-0.211714
v,GP,201709,-6.104274
v,GP,201710,2.105163
v,GP,201711,2.855953
v,GP,201712,1.442369
v,GP,201801,-4.725114
v,GP,201802,2.488543
v,GP,201803,4.221404
v,GP,201804,2.574453
v,GP,201805,-0.510227
v,GP,201806,7.526353
v,GP,201807,6.528328
v,GP,201808,3.533156
v,GP,201809,1.847961
v,GP,201810,7.606631
v,GP,201811,1.069916
v,GP,201812,10.521959
v,GP,201901,-15.765579
v,GP,201902,0.558402
v,GP,201903,-8.567077
v,GP,201904,2.918992
v,GP,201905,-1.299187
v,GP,201906,1.306564
v,GP,201907,7.346229
v,GP,201908,0.353567
v,GP,201909,8.536068
v,GP,201910,0.473328
v,GP,201911,-3.839856
v,GP,201912,-13.399500
v,GP,202001,-10.797885
v,GP,202002,-8.521103
v,GP,202003,-2.357882
v,GP,202004,-2.812138
v,GP,202005,-9.153610
v,GP,202006,-0.495317
v,GP,202007,3.619520
v,GP,202008,4.403342
v,GP,202009,-1.194882
v,GP,202010,6.956306
v,GP,202011,-4.307312
v,GP,202012,-0.813806
v,GP,202101,-2.566498
v,GP,202102,0.310310
v,GP,202103,7.293930
v,GP,202104,11.263501
v,GP,202105,4.013586
v,GP,202106,-0.194378
v,GP,202107,10.646002
v,GP,202108,-6.738766
v,GP,202109,-4.870949
v,GP,202110,6.340567
v,GP,202111,6.205825
v,GP,202112,6.429468
v,GP,202201,3.729964
v,GP,202202,1.566335
v,GP,202203,-4.910813
v,GP,202204,10.781835
v,GP,202205,2.851659
v,GP,202206,-8.173580
v,GP,202207,0.279956
v,GP,202208,-6.739947
v,GP,202209,1.517055
v,GP,202210,6.677216
v,GP,202211,7.830552
v,GP,202212,-2.127261
v,GP,202301,-10.127623
v,GP,202302,7.192834
v,GP,202303,9.033528
v,GP,202304,-1.111127
v,GP,202305,-8.780275
v,GP,202306,7.491015
v,GP,202307,6.378608
v,GP,202308,5.672629
v,GP,202309,5.848554
v,GP,202310,4.383466
v,GP,202311,2.794511
v,GP,202312,-9.456221
v,GP,202401,-4.123233
v,GP,202402,-10.455600
v,GP,202403,1.345806
v,GP,202404,4.965565
v,GP,202405,5.445348
v,GP,202406,8.380394
v,GP,202407,-1.044963
v,GP,202408,2.657223
v,GP,202409,4.644190
v,GP,202410,-2.789103
v,GP,202411,12.127297
v,GP,202412,8.784780
v,GP,202501,5.550260
v,MOM,196307,1.392508
v,MOM,196308,7.138757
v,MOM,196309,0.741617
v,MOM,196310,2.324232
v,MOM,196311,2.162113
v,MOM,196312,5.605081
v,MOM,196401,-2.966859
v,MOM,196402,1.033670
v,MOM,196403,3.704414
v,MOM,196404,-0.157359
v,MOM,196405,5.603816
v,MOM,196406,0.389504
v,MOM,196407,-1.492991
v,MOM,196408,-0.211883
v,MOM,196409,0.940342
v,MOM,196410,2.250201
v,MOM,196411,2.547703
v,MOM,196412,3.257439
v,MOM,196501,-7.083860
v,MOM,196502,0.903071
v,MOM,196503,0.452998
v,MOM,196504,0.549844
v,MOM,196505,2.537156
v,MOM,196506,-2.007106
v,MOM,196507,4.485736
v,MOM,196508,1.124474
v,MOM,196509,4.806820
v,MOM,196510,2.889904
v,MOM,196511,4.792752
v,MOM,196512,-2.523999
v,MOM,196601,0.255772
v,MOM,196602,6.040871
v,MOM,196603,3.151066
v,MOM,196604,8.806170
v,MOM,196605,-6.916566
v,MOM,196606,3.178580
v,MOM,196607,-0.294972
v,MOM,196608,-1.897281
v,MOM,196609,-0.984128
v,MOM,196610,-5.649510
v,MOM,196611,8.119452
v,MOM,196612,5.012466
v,MOM,196701,-19.395793
v,MOM,196702,-1.494898
v,MOM,196703,5.946546
v,MOM,196704,3.362148
v,MOM,196705,-0.082386
v,MOM,196706,8.284432
v,MOM,196707,-2.615097
v,MOM,196708,-3.796130
v,MOM,196709,3.910604
v,MOM,196710,4.903577
v,MOM,196711,2.293214
v,MOM,196712,10.593414
v,MOM,196801,1.663917
v,MOM,196802,-4.739535
v,MOM,196803,0.687145
v,MOM,196804,7.708589
v,MOM,196805,8.904619
v,MOM,196806,-2.826483
v,MOM,196807,2.655627
v,MOM,196808,6.597444
v,MOM,196809,3.092684
v,MOM,196810,-1.882489
v,MOM,196811,1.930550
v,MOM,196812,4.417521
v,MOM,196901,0.047155
v,MOM,196902,0.183230
v,MOM,196903,6.457232
v,MOM,196904,1.939124
v,MOM,196905,4.181262
v,MOM,196906,0.309902
v,MOM,196907,2.007036
v,MOM,196908,3.477161
v,MOM,196909,4.075759
v,MOM,196910,-11.654183
v,MOM,196911,8.184875
v,MOM,196912,12.882288
v,MOM,197001,-5.571140
v,MOM,197002,1.443272
v,MOM,197003,-1.826601
v,MOM,197004,3.710967
v,MOM,197005,-2.085283
v,MOM,197006,9.742944
v,MOM,197007,2.571302
v,MOM,197008,-8.878546
v,MOM,197009,-18.662499
v,MOM,197010,14.593268
v,MOM,197011,9.763458
v,MOM,197012,0.992891
v,MOM,197101,-14.903115
v,MOM,197102,-4.731524
v,MOM,197103,1.015851
v,MOM,197104,1.433248
v,MOM,197105,4.220695
v,MOM,197106,7.097936
v,MOM,197107,-0.840884
v,MOM,197108,7.360921
v,MOM,197109,7.300479
v,MOM,197110,2.520898
v,MOM,197111,4.766998
v,MOM,197112,-1.083569
v,MOM,197201,-8.127184
v,MOM,197202,2.192830
v,MOM,197203,5.153870
v,MOM,197204,5.528729
v,MOM,197205,6.024157
v,MOM,197206,2.767212
v,MOM,197207,2.604176
v,MOM,197208,-2.717601
v,MOM,197209,3.452629
v,MOM,197210,1.838675
v,MOM,197211,-1.328224
v,MOM,197212,9.156529
v,MOM,197301,1.544324
v,MOM,197302,-0.051434
v,MOM,197303,7.355283
v,MOM,197304,7.035237
v,MOM,197305,9.127704
v,MOM,197306,4.647843
v,MOM,197307,-11.949459
v,MOM,197308,9.708876
v,MOM,197309,-0.209822
v,MOM,197310,9.268105
v,MOM,197311,10.306307
v,MOM,197312,14.338500
v,MOM,197401,-20.794252
v,MOM,197402,2.074133
v,MOM,197403,-7.215643
v,MOM,197404,2.233804
v,MOM,197405,0.836053
v,MOM,197406,1.556177
v,MOM,197407,3.064064
v,MOM,197408,3.267309
v,MOM,197409,3.340269
v,MOM,197410,4.607372
v,MOM,197411,4.182151
v,MOM,197412,5.521778
v,MOM,197501,-28.941144
v,MOM,197502,-0.774186
v,MOM,197503,-11.578252
v,MOM,197504,3.862601
v,MOM,197505,-3.809249
v,MOM,197506,-3.785751
v,MOM,197507,-3.452092
v,MOM,197508,0.796984
v,MOM,197509,0.626361
v,MOM,197510,3.868361
v,MOM,197511,1.043939
v,MOM,197512,-2.669579
v,MOM,197601,3.653653
v,MOM,197602,-5.275408
v,MOM,197603,1.253914
v,MOM,197604,-3.256136
v,MOM,197605,-3.866195
v,MOM,197606,0.650284
v,MOM,197607,-1.611624
v,MOM,197608,0.725495
v,MOM,197609,3.713308
v,MOM,197610,0.307227
v,MOM,197611,1.660927
v,MOM,197612,-4.168389
v,MOM,197701,0.885103
v,MOM,197702,0.172500
v,MOM,197703,-0.256905
v,MOM,197704,1.633591
v,MOM,197705,1.654384
v,MOM,197706,4.789033
v,MOM,197707,-1.009214
v,MOM,197708,1.283435
v,MOM,197709,1.223106
v,MOM,197710,-1.364796
v,MOM,197711,1.673358
v,MOM,197712,1.903995
v,MOM,197801,-2.836720
v,MOM,197802,0.982815
v,MOM,197803,-0.641725
v,MOM,197804,0.287830
v,MOM,197805,1.609211
v,MOM,197806,3.075531
v,MOM,197807,3.461337
v,MOM,197808,6.548226
v,MOM,197809,-2.239429
v,MOM,197810,-11.657108
v,MOM,197811,10.530192
v,MOM,197812,2.587045
v,MOM,197901,-1.105217
v,MOM,197902,-2.543278
v,MOM,197903,0.210713
v,MOM,197904,0.498764
v,MOM,197905,0.408735
v,MOM,197906,0.210262
v,MOM,197907,-0.057191
v,MOM,197908,0.118314
v,MOM,197909,4.742138
v,MOM,197910,2.746971
v,MOM,197911,12.788105
v,MOM,197912,6.501187
v,MOM,198001,0.893477
v,MOM,198002,4.649002
v,MOM,198003,-5.639107
v,MOM,198004,4.373583
v,MOM,198005,-1.520330
v,MOM,198006,0.677649
v,MOM,198007,2.933584
v,MOM,198008,3.121743
v,MOM,198009,1.464489
v,MOM,198010,7.538742
v,MOM,198011,14.524408
v,MOM,198012,-2.165546
v,MOM,198101,-10.128698
v,MOM,198102,0.014604
v,MOM,198103,1.303770
v,MOM,198104,-0.462575
v,MOM,198105,2.992605
v,MOM,198106,-0.982976
v,MOM,198107,-0.702466
v,MOM,198108,-0.562996
v,MOM,198109,2.339968
v,MOM,198110,3.295497
v,MOM,198111,9.795049
v,MOM,198112,2.931086
v,MOM,198201,-2.028070
v,MOM,198202,7.274392
v,MOM,198203,3.685792
v,MOM,198204,1.006184
v,MOM,198205,4.296929
v,MOM,198206,9.287486
v,MOM,198207,2.985585
v,MOM,198208,0.527498
v,MOM,198209,11.536723
v,MOM,198210,4.884826
v,MOM,198211,14.806145
v,MOM,198212,-0.739202
v,MOM,198301,-16.025796
v,MOM,198302,10.898221
v,MOM,198303,1.671330
v,MOM,198304,2.730092
v,MOM,198305,-8.563943
v,MOM,198306,0.569791
v,MOM,198307,-5.748611
v,MOM,198308,-2.176538
v,MOM,198309,1.565744
v,MOM,198310,-1.718069
v,MOM,198311,6.230638
v,MOM,198312,1.495164
v,MOM,198401,-4.745802
v,MOM,198402,-0.522483
v,MOM,198403,1.984894
v,MOM,198404,3.575475
v,MOM,198405,2.238454
v,MOM,198406,3.999471
v,MOM,198407,4.485322
v,MOM,198408,0.830675
v,MOM,198409,4.091673
v,MOM,198410,6.619772
v,MOM,198411,5.926272
v,MOM,198412,2.343630
v,MOM,198501,-11.630622
v,MOM,198502,-6.134079
v,MOM,198503,1.455480
v,MOM,198504,3.740075
v,MOM,198505,3.346549
v,MOM,198506,4.883280
v,MOM,198507,1.938659
v,MOM,198508,0.533138
v,MOM,198509,1.267874
v,MOM,198510,8.765723
v,MOM,198511,3.398236
v,MOM,198512,3.354096
v,MOM,198601,-3.109297
v,MOM,198602,0.909724
v,MOM,198603,3.443254
v,MOM,198604,3.373935
v,MOM,198605,3.613986
v,MOM,198606,2.766257
v,MOM,198607,-0.863992
v,MOM,198608,0.155080
v,MOM,198609,-6.217320
v,MOM,198610,4.315067
v,MOM,198611,1.109917
v,MOM,198612,0.500703
v,MOM,198701,-4.350685
v,MOM,198702,-3.392874
v,MOM,198703,-0.680712
v,MOM,198704,3.471206
v,MOM,198705,0.363085
v,MOM,198706,-0.271569
v,MOM,198707,2.847281
v,MOM,198708,2.605202
v,MOM,198709,1.938014
v,MOM,198710,-3.640343
v,MOM,198711,7.548499
v,MOM,198712,14.484070
v,MOM,198801,-11.465890
v,MOM,198802,-1.290258
v,MOM,198803,-0.252445
v,MOM,198804,1.462371
v,MOM,198805,0.936703
v,MOM,198806,2.961615
v,MOM,198807,-1.711689
v,MOM,198808,-0.739607
v,MOM,198809,0.106912
v,MOM,198810,4.337625
v,MOM,198811,4.294655
v,MOM,198812,3.139958
v,MOM,198901,-5.609288
v,MOM,198902,1.692091
v,MOM,198903,4.574469
v,MOM,198904,2.091610
v,MOM,198905,3.155377
v,MOM,198906,-1.219501
v,MOM,198907,7.834666
v,MOM,198908,4.521924
v,MOM,198909,-0.096022
v,MOM,198910,0.082484
v,MOM,198911,4.938853
v,MOM,198912,6.064548
v,MOM,199001,-10.657532
v,MOM,199002,-2.279428
v,MOM,199003,1.418777
v,MOM,199004,-3.449584
v,MOM,199005,2.363817
v,MOM,199006,1.990683
v,MOM,199007,-2.222708
v,MOM,199008,-0.880793
v,MOM,199009,1.032724
v,MOM,199010,2.484495
v,MOM,199011,-1.990435
v,MOM,199012,10.934877
v,MOM,199101,-14.993073
v,MOM,199102,-17.808845
v,MOM,199103,-9.362125
v,MOM,199104,-7.153504
v,MOM,199105,5.136170
v,MOM,199106,-1.867297
v,MOM,199107,0.135787
v,MOM,199108,1.450807
v,MOM,199109,1.281401
v,MOM,199110,1.322107
v,MOM,199111,-2.374129
v,MOM,199112,13.718662
v,MOM,199201,-25.918582
v,MOM,199202,-3.116180
v,MOM,199203,-3.645968
v,MOM,199204,-3.877253
v,MOM,199205,-1.013066
v,MOM,199206,-1.148439
v,MOM,199207,3.993801
v,MOM,199208,-1.719986
v,MOM,199209,2.167634
v,MOM,199210,2.170451
v,MOM,199211,1.739629
v,MOM,199212,4.294265
v,MOM,199301,-5.924856
v,MOM,199302,2.468487
v,MOM,199303,5.461860
v,MOM,199304,-0.304616
v,MOM,199305,-0.557936
v,MOM,199306,1.744237
v,MOM,199307,-0.497420
v,MOM,199308,1.837234
v,MOM,199309,4.246610
v,MOM,199310,-1.462650
v,MOM,199311,-0.051571
v,MOM,199312,5.361072
v,MOM,199401,-7.074383
v,MOM,199402,-1.680631
v,MOM,199403,-4.681512
v,MOM,199404,7.643909
v,MOM,199405,-4.048131
v,MOM,199406,1.295213
v,MOM,199407,3.368735
v,MOM,199408,2.140687
v,MOM,199409,1.361154
v,MOM,199410,6.036052
v,MOM,199411,5.559365
v,MOM,199412,12.255769
v,MOM,199501,-12.794394
v,MOM,199502,1.474693
v,MOM,199503,1.354924
v,MOM,199504,0.676463
v,MOM,199505,0.535756
v,MOM,199506,0.709470
v,MOM,199507,1.319304
v,MOM,199508,-0.252998
v,MOM,199509,1.466170
v,MOM,199510,6.142288
v,MOM,199511,8.729913
v,MOM,199512,6.294846
v,MOM,199601,-7.996717
v,MOM,199602,-0.563729
v,MOM,199603,-3.120295
v,MOM,199604,3.676475
v,MOM,199605,0.024773
v,MOM,199606,-1.056271
v,MOM,199607,-2.885158
v,MOM,199608,4.113915
v,MOM,199609,5.733418
v,MOM,199610,5.851814
v,MOM,199611,-1.633161
v,MOM,199612,13.247961
v,MOM,199701,-16.101832
v,MOM,199702,-3.574200
v,MOM,199703,6.481404
v,MOM,199704,6.014223
v,MOM,199705,0.821419
v,MOM,199706,3.594572
v,MOM,199707,6.379442
v,MOM,199708,-4.087443
v,MOM,199709,0.773770
v,MOM,199710,-5.781443
v,MOM,199711,9.284634
v,MOM,199712,16.008651
v,MOM,199801,-12.950346
v,MOM,199802,1.749871
v,MOM,199803,2.873761
v,MOM,199804,-4.305557
v,MOM,199805,1.797583
v,MOM,199806,13.241030
v,MOM,199807,-1.860924
v,MOM,199808,2.285026
v,MOM,199809,9.001410
v,MOM,199810,-3.058251
v,MOM,199811,-4.586412
v,MOM,199812,15.911513
v,MOM,199901,-17.623603
v,MOM,199902,-0.003235
v,MOM,199903,3.629758
v,MOM,199904,-2.737376
v,MOM,199905,-6.404799
v,MOM,199906,6.560170
v,MOM,199907,-2.701752
v,MOM,199908,7.083211
v,MOM,199909,7.057899
v,MOM,199910,13.300662
v,MOM,199911,3.819877
v,MOM,199912,14.123814
v,MOM,200001,-12.812623
v,MOM,200002,20.833340
v,MOM,200003,-8.888355
v,MOM,200004,-11.997055
v,MOM,200005,-7.610989
v,MOM,200006,28.575232
v,MOM,200007,-8.361035
v,MOM,200008,14.105813
v,MOM,200009,8.424733
v,MOM,200010,2.500784
v,MOM,200011,3.435311
v,MOM,200012,22.386394
v,MOM,200101,-88.230179
v,MOM,200102,18.339220
v,MOM,200103,22.804664
v,MOM,200104,-1.137776
v,MOM,200105,1.969991
v,MOM,200106,11.982166
v,MOM,200107,14.938715
v,MOM,200108,7.507313
v,MOM,200109,12.510929
v,MOM,200110,-18.370692
v,MOM,200111,-15.582491
v,MOM,200112,-8.471736
v,MOM,200201,2.384601
v,MOM,200202,14.717348
v,MOM,200203,-1.775794
v,MOM,200204,9.090305
v,MOM,200205,11.698548
v,MOM,200206,15.561450
v,MOM,200207,1.260339
v,MOM,200208,-2.927396
v,MOM,200209,13.094500
v,MOM,200210,-7.212717
v,MOM,200211,-44.416727
v,MOM,200212,17.448946
v,MOM,200301,-5.052128
v,MOM,200302,3.337342
v,MOM,200303,0.968284
v,MOM,200304,-11.000525
v,MOM,200305,-28.803617
v,MOM,200306,-8.039368
v,MOM,200307,6.474311
v,MOM,200308,0.283793
v,MOM,200309,-5.940727
v,MOM,200310,7.225523
v,MOM,200311,3.191622
v,MOM,200312,-4.295869
v,MOM,200401,1.861112
v,MOM,200402,-2.206890
v,MOM,200403,-2.878082
v,MOM,200404,-7.319905
v,MOM,200405,6.070697
v,MOM,200406,2.173970
v,MOM,200407,-0.126180
v,MOM,200408,-0.002954
v,MOM,200409,3.495469
v,MOM,200410,-3.523166
v,MOM,200411,-6.652864
v,MOM,200412,-8.822237
v,MOM,200501,7.825087
v,MOM,200502,8.716256
v,MOM,200503,6.121694
v,MOM,200504,2.783329
v,MOM,200505,4.785972
v,MOM,200506,2.983761
v,MOM,200507,0.624815
v,MOM,200508,3.560900
v,MOM,200509,3.464440
v,MOM,200510,2.119377
v,MOM,200511,1.864446
v,MOM,200512,-1.060023
v,MOM,200601,2.516030
v,MOM,200602,-3.333959
v,MOM,200603,1.485973
v,MOM,200604,-1.102453
v,MOM,200605,-1.386165
v,MOM,200606,0.123258
v,MOM,200607,0.378132
v,MOM,200608,-4.350988
v,MOM,200609,2.141236
v,MOM,200610,-0.778675
v,MOM,200611,-0.436151
v,MOM,200612,2.296596
v,MOM,200701,0.829187
v,MOM,200702,-1.679690
v,MOM,200703,4.711983
v,MOM,200704,-1.475678
v,MOM,200705,2.913490
v,MOM,200706,-0.017357
v,MOM,200707,0.670680
v,MOM,200708,5.793498
v,MOM,200709,6.107733
v,MOM,200710,4.673306
v,MOM,200711,7.540785
v,MOM,200712,4.444837
v,MOM,200801,-12.961147
v,MOM,200802,-0.495494
v,MOM,200803,5.263883
v,MOM,200804,7.593541
v,MOM,200805,1.214095
v,MOM,200806,10.540113
v,MOM,200807,-2.036193
v,MOM,200808,-2.088072
v,MOM,200809,2.475819
v,MOM,200810,3.086245
v,MOM,200811,4.656713
v,MOM,200812,-0.433182
v,MOM,200901,-22.054347
v,MOM,200902,5.566501
v,MOM,200903,-28.888464
v,MOM,200904,-41.451238
v,MOM,200905,-25.145496
v,MOM,200906,-2.987298
v,MOM,200907,-4.498490
v,MOM,200908,-29.617666
v,MOM,200909,-15.081129
v,MOM,200910,-1.416221
v,MOM,200911,6.356100
v,MOM,200912,-4.295423
v,MOM,201001,-0.915926
v,MOM,201002,6.253980
v,MOM,201003,0.321700
v,MOM,201004,1.670428
v,MOM,201005,2.077037
v,MOM,201006,-1.500914
v,MOM,201007,2.914273
v,MOM,201008,-1.012236
v,MOM,201009,2.928024
v,MOM,201010,2.196159
v,MOM,201011,5.884902
v,MOM,201012,-3.403154
v,MOM,201101,-2.182540
v,MOM,201102,1.726833
v,MOM,201103,8.184049
v,MOM,201104,1.160013
v,MOM,201105,0.286294
v,MOM,201106,5.509193
v,MOM,201107,-2.318454
v,MOM,201108,3.310934
v,MOM,201109,-1.399432
v,MOM,201110,4.882393
v,MOM,201111,6.501799
v,MOM,201112,5.152515
v,MOM,201201,-12.043300
v,MOM,201202,1.085272
v,MOM,201203,5.821634
v,MOM,201204,2.750094
v,MOM,201205,6.546638
v,MOM,201206,3.901323
v,MOM,201207,2.586830
v,MOM,201208,1.184650
v,MOM,201209,-5.415268
v,MOM,201210,2.642757
v,MOM,201211,0.899747
v,MOM,201212,-1.714601
v,MOM,201301,-1.315398
v,MOM,201302,2.288926
v,MOM,201303,7.101049
v,MOM,201304,4.650444
v,MOM,201305,-4.568251
v,MOM,201306,5.717705
v,MOM,201307,-3.408493
v,MOM,201308,-1.572682
v,MOM,201309,-0.756761
v,MOM,201310,1.241711
v,MOM,201311,-0.419506
v,MOM,201312,1.132970
v,MOM,201401,-3.158445
v,MOM,201402,2.040698
v,MOM,201403,-0.913527
v,MOM,201404,-4.056720
v,MOM,201405,1.328929
v,MOM,201406,0.183138
v,MOM,201407,-0.472043
v,MOM,201408,3.925921
v,MOM,201409,4.694267
v,MOM,201410,5.064162
v,MOM,201411,3.908860
v,MOM,201412,5.377209
v,MOM,201501,4.262124
v,MOM,201502,-9.855367
v,MOM,201503,9.841167
v,MOM,201504,-15.840462
v,MOM,201505,9.881700
v,MOM,201506,7.020764
v,MOM,201507,17.606805
v,MOM,201508,-8.545208
v,MOM,201509,8.003206
v,MOM,201510,-0.483237
v,MOM,201511,-2.224337
v,MOM,201512,4.976844
v,MOM,201601,0.539532
v,MOM,201602,0.708992
v,MOM,201603,-11.349690
v,MOM,201604,-10.741206
v,MOM,201605,6.488319
v,MOM,201606,3.339475
v,MOM,201607,-3.037805
v,MOM,201608,-4.276847
v,MOM,201609,-4.531501
v,MOM,201610,8.397502
v,MOM,201611,6.544102
v,MOM,201612,1.768840
v,MOM,201701,-5.944349
v,MOM,201702,-3.696907
v,MOM,201703,-0.285311
v,MOM,201704,7.474708
v,MOM,201705,9.764985
v,MOM,201706,-9.083847
v,MOM,201707,5.077230
v,MOM,201708,5.687571
v,MOM,201709,-9.547209
v,MOM,201710,4.085833
v,MOM,201711,-0.369152
v,MOM,201712,-0.280711
v,MOM,201801,0.147933
v,MOM,201802,4.525872
v,MOM,201803,-2.357672
v,MOM,201804,2.671862
v,MOM,201805,4.366575
v,MOM,201806,3.032917
v,MOM,201807,6.041602
v,MOM,201808,10.187742
v,MOM,201809,-2.025878
v,MOM,201810,1.547776
v,MOM,201811,3.946153
v,MOM,201812,13.314405
v,MOM,201901,-20.778320
v,MOM,201902,-0.411135
v,MOM,201903,-3.857910
v,MOM,201904,2.588484
v,MOM,201905,10.139631
v,MOM,201906,6.565994
v,MOM,201907,8.001616
v,MOM,201908,5.248534
v,MOM,201909,-8.009926
v,MOM,201910,9.024010
v,MOM,201911,5.982321
v,MOM,201912,-8.356935
v,MOM,202001,-1.940844
v,MOM,202002,-2.965411
v,MOM,202003,1.547116
v,MOM,202004,-18.265726
v,MOM,202005,-4.379963
v,MOM,202006,-2.346609
v,MOM,202007,1.975159
v,MOM,202008,-1.918011
v,MOM,202009,10.322415
v,MOM,202010,-0.185991
v,MOM,202011,-17.289190
v,MOM,202012,-9.254162
v,MOM,202101,-1.821559
v,MOM,202102,-11.304991
v,MOM,202103,-4.351004
v,MOM,202104,2.401906
v,MOM,202105,3.328768
v,MOM,202106,4.400602
v,MOM,202107,1.652686
v,MOM,202108,-0.452881
v,MOM,202109,2.448330
v,MOM,202110,5.136059
v,MOM,202111,5.275265
v,MOM,202112,6.078628
v,MOM,202201,6.335344
v,MOM,202202,13.498153
v,MOM,202203,-3.474741
v,MOM,202204,17.759138
v,MOM,202205,9.660061
v,MOM,202206,-12.549604
v,MOM,202207,3.180614
v,MOM,202208,-2.662347
v,MOM,202209,10.244546
v,MOM,202210,12.988279
v,MOM,202211,7.657463
v,MOM,202212,6.548073
v,MOM,202301,-29.515307
v,MOM,202302,8.961647
v,MOM,202303,13.563613
v,MOM,202304,5.071077
v,MOM,202305,1.907329
v,MOM,202306,7.136447
v,MOM,202307,-3.942167
v,MOM,202308,8.414229
v,MOM,202309,7.264708
v,MOM,202310,3.335030
v,MOM,202311,1.747972
v,MOM,202312,1.498512
v,MOM,202401,11.075890
v,MOM,202402,6.483899
v,MOM,202403,5.733086
v,MOM,202404,2.631010
v,MOM,202405,-1.155093
v,MOM,202406,9.047051
v,MOM,202407,6.316035
v,MOM,202408,17.597836
v,MOM,202409,5.977030
v,MOM,202410,5.143551
v,MOM,202411,7.515615
v,MOM,202412,-19.289071
v,MOM,202501,7.695325
