spec,method,yyyymm,a,b_BM,b_GP,b_Dur,N
i,OLS,196306,-0.498501,-1.373589,,,477
i,OLS,196307,6.185870,-1.405779,,,480
i,OLS,196308,-2.860522,1.200595,,,484
i,OLS,196309,2.613537,-0.484765,,,489
i,OLS,196310,-1.628846,1.323189,,,492
i,OLS,196311,1.730871,-2.262457,,,494
i,OLS,196312,1.537160,1.390512,,,505
i,OLS,196401,1.644212,1.430359,,,485
i,OLS,196402,0.818156,6.595557,,,488
i,OLS,196403,-0.013111,-0.693876,,,491
i,OLS,196404,0.051875,1.853572,,,490
i,OLS,196405,1.834395,-0.621539,,,502
i,OLS,196406,1.551055,2.000390,,,724
i,OLS,196407,-1.199473,0.793642,,,733
i,OLS,196408,3.999316,-1.347080,,,737
i,OLS,196409,0.646146,2.570429,,,746
i,OLS,196410,0.796214,-2.068903,,,751
i,OLS,196411,0.869969,-3.535165,,,756
i,OLS,196412,5.247339,1.246405,,,787
i,OLS,196501,2.549368,1.206915,,,735
i,OLS,196502,-1.476288,3.358988,,,745
i,OLS,196503,2.921744,2.149316,,,750
i,OLS,196504,-0.325981,-0.213543,,,755
i,OLS,196505,-7.935744,-0.921454,,,787
i,OLS,196506,1.879112,1.523077,,,845
i,OLS,196507,5.716148,-2.948646,,,853
i,OLS,196508,2.572574,1.972112,,,855
i,OLS,196509,3.101905,4.410854,,,856
i,OLS,196510,2.826478,2.193060,,,858
i,OLS,196511,1.583850,4.058218,,,861
i,OLS,196512,3.350231,3.271956,,,865
i,OLS,196601,-0.074433,4.049662,,,851
i,OLS,196602,-1.566122,-0.934373,,,848
i,OLS,196603,3.398228,1.252426,,,852
i,OLS,196604,-6.127144,-4.605583,,,855
i,OLS,196605,-1.223572,1.421531,,,863
i,OLS,196606,-2.247988,1.307422,,,912
i,OLS,196607,-9.638697,-0.530986,,,920
i,OLS,196608,-3.296418,1.860531,,,922
i,OLS,196609,-1.795308,1.626058,,,926
i,OLS,196610,8.461371,-9.496308,,,932
i,OLS,196611,2.627570,-2.758712,,,937
i,OLS,196612,13.679961,4.309353,,,947
i,OLS,196701,2.816121,0.016678,,,919
i,OLS,196702,5.757284,-0.269784,,,924
i,OLS,196703,5.130016,-1.804204,,,929
i,OLS,196704,-3.328818,3.885455,,,933
i,OLS,196705,5.883100,2.234791,,,944
i,OLS,196706,6.008192,4.197880,,,1026
i,OLS,196707,-1.946113,3.577597,,,1037
i,OLS,196708,4.813697,1.259466,,,1042
i,OLS,196709,-2.381785,-0.550514,,,1048
i,OLS,196710,1.126486,-2.472401,,,1054
i,OLS,196711,3.782119,5.817339,,,1057
i,OLS,196712,-4.690242,9.650991,,,1065
i,OLS,196801,-6.146903,1.142837,,,1033
i,OLS,196802,-0.054229,-1.511279,,,1038
i,OLS,196803,13.633221,0.248604,,,1043
i,OLS,196804,5.957292,3.541947,,,1047
i,OLS,196805,-1.282185,3.092656,,,1059
i,OLS,196806,-7.864068,7.832374,,,1227
i,OLS,196807,2.048233,2.940533,,,1235
i,OLS,196808,5.640225,2.149208,,,1233
i,OLS,196809,-0.858300,2.522324,,,1242
i,OLS,196810,7.853064,-2.330746,,,1248
i,OLS,196811,-0.416804,0.448413,,,1251
i,OLS,196812,-1.938137,0.967116,,,1260
i,OLS,196901,-10.047241,2.344507,,,1233
i,OLS,196902,1.666524,0.270403,,,1241
i,OLS,196903,0.271520,-1.055156,,,1247
i,OLS,196904,-0.403609,0.766090,,,1248
i,OLS,196905,-11.733546,-0.068661,,,1257
i,OLS,196906,-11.571614,2.619543,,,1311
i,OLS,196907,6.695741,-4.156674,,,1324
i,OLS,196908,-2.297197,-1.162111,,,1325
i,OLS,196909,11.378107,-5.146086,,,1334
i,OLS,196910,-5.952200,-0.266962,,,1340
i,OLS,196911,-6.800404,-0.894453,,,1345
i,OLS,196912,-6.493424,3.393901,,,1359
i,OLS,197001,3.128271,1.354978,,,1321
i,OLS,197002,-6.270593,7.298234,,,1331
i,OLS,197003,-22.078021,11.289319,,,1337
i,OLS,197004,-9.605830,0.178233,,,1341
i,OLS,197005,-10.546420,4.279787,,,1354
i,OLS,197006,5.105647,0.407165,,,1448
i,OLS,197007,6.371085,-0.409966,,,1453
i,OLS,197008,16.164263,-6.916603,,,1461
i,OLS,197009,-7.686645,1.287792,,,1471
i,OLS,197010,-0.371456,-0.103093,,,1479
i,OLS,197011,5.932910,4.681554,,,1481
i,OLS,197012,10.216391,6.848195,,,1499
i,OLS,197101,4.909690,-1.515650,,,1465
i,OLS,197102,6.840702,-2.194467,,,1472
i,OLS,197103,3.197492,-0.330614,,,1477
i,OLS,197104,-4.861854,-1.288667,,,1479
i,OLS,197105,-1.101470,-2.623499,,,1488
i,OLS,197106,-6.100297,-0.504185,,,1618
i,OLS,197107,3.189330,2.029364,,,1626
i,OLS,197108,0.205499,-2.815176,,,1629
i,OLS,197109,-6.432232,-0.907006,,,1636
i,OLS,197110,-1.983148,-3.280956,,,1644
i,OLS,197111,12.181332,0.015176,,,1640
i,OLS,197112,6.237324,8.558884,,,1641
i,OLS,197201,4.634400,-0.176776,,,1614
i,OLS,197202,0.362829,-1.833283,,,1620
i,OLS,197203,-0.678308,1.520474,,,1623
i,OLS,197204,-0.632414,-3.107762,,,1620
i,OLS,197205,-3.062494,-1.376188,,,1626
i,OLS,197206,-4.337108,1.752562,,,1687
i,OLS,197207,-0.701522,3.202886,,,1690
i,OLS,197208,-3.326810,-0.914138,,,1690
i,OLS,197209,-2.162156,-0.219673,,,1697
i,OLS,197210,3.372433,3.180106,,,1703
i,OLS,197211,-1.012325,-2.774164,,,1707
i,OLS,197212,-7.305280,5.616383,,,1715
i,OLS,197301,-9.575529,3.292227,,,1678
i,OLS,197302,-5.237152,4.484985,,,1683
i,OLS,197303,-11.170932,6.764567,,,1688
i,OLS,197304,-9.042214,-0.226457,,,1688
i,OLS,197305,-5.015115,2.491265,,,1691
i,OLS,197306,16.430982,-7.138258,,,1765
i,OLS,197307,-5.529218,-0.104388,,,1775
i,OLS,197308,10.999275,-4.577989,,,1778
i,OLS,197309,-2.396629,4.321215,,,1781
i,OLS,197310,-21.578565,3.344059,,,1781
i,OLS,197311,-3.001636,-2.365139,,,1790
i,OLS,197312,6.450660,16.151751,,,1800
i,OLS,197401,-2.306766,4.671975,,,1758
i,OLS,197402,-2.112201,3.870944,,,1758
i,OLS,197403,-7.431916,3.925661,,,1757
i,OLS,197404,-7.565253,-0.623381,,,1763
i,OLS,197405,-4.019546,2.582746,,,1767
i,OLS,197406,-9.027678,6.700970,,,2284
i,OLS,197407,-10.459035,3.896181,,,2339
i,OLS,197408,-12.703174,5.478737,,,2357
i,OLS,197409,16.847494,-13.561584,,,2422
i,OLS,197410,-4.518819,-2.995111,,,2456
i,OLS,197411,-5.965919,-5.236344,,,2491
i,OLS,197412,21.666588,16.869305,,,2598
i,OLS,197501,7.324639,-3.912907,,,2319
i,OLS,197502,8.200113,3.237895,,,2388
i,OLS,197503,7.074925,-5.978255,,,2425
i,OLS,197504,8.446310,-2.460465,,,2459
i,OLS,197505,6.535211,2.162776,,,2572
i,OLS,197506,-4.821914,6.197073,,,2828
i,OLS,197507,-4.560521,-2.261975,,,2841
i,OLS,197508,-4.556878,0.944726,,,2844
i,OLS,197509,3.317079,-3.026111,,,2863
i,OLS,197510,1.038356,2.134400,,,2865
i,OLS,197511,-1.794688,1.152881,,,2860
i,OLS,197512,12.763046,17.308738,,,2864
i,OLS,197601,2.475603,17.407914,,,2803
i,OLS,197602,1.271958,0.212902,,,2818
i,OLS,197603,-1.548402,-0.104344,,,2811
i,OLS,197604,-0.656381,-4.241543,,,2804
i,OLS,197605,3.339743,-0.661701,,,2817
i,OLS,197606,-2.045520,2.505656,,,2921
i,OLS,197607,-3.237960,1.096353,,,2914
i,OLS,197608,1.969005,-0.899539,,,2906
i,OLS,197609,-3.053038,-0.204877,,,2902
i,OLS,197610,2.624378,-0.726660,,,2898
i,OLS,197611,7.793083,3.520180,,,2888
i,OLS,197612,-1.868091,9.690226,,,2889
i,OLS,197701,-2.068382,2.768964,,,2853
i,OLS,197702,-0.500691,2.022104,,,2847
i,OLS,197703,0.153241,2.033153,,,2841
i,OLS,197704,-1.729905,3.004108,,,2834
i,OLS,197705,5.654574,-0.232247,,,2833
i,OLS,197706,-1.289260,2.264193,,,2873
i,OLS,197707,-0.049133,-2.768155,,,2862
i,OLS,197708,0.539010,0.194671,,,2856
i,OLS,197709,-4.633777,2.776549,,,2856
i,OLS,197710,7.186056,0.561549,,,2849
i,OLS,197711,1.365534,0.222599,,,2838
i,OLS,197712,-5.505619,6.221787,,,2838
i,OLS,197801,0.647948,2.970873,,,2782
i,OLS,197802,5.477605,2.545034,,,2782
i,OLS,197803,8.595960,-0.200944,,,2772
i,OLS,197804,5.981888,2.000117,,,2762
i,OLS,197805,-1.367923,2.173408,,,2750
i,OLS,197806,6.462809,-2.533343,,,2808
i,OLS,197807,8.052503,1.788057,,,2811
i,OLS,197808,-2.700423,3.982788,,,2797
i,OLS,197809,-21.676171,1.074805,,,2791
i,OLS,197810,7.066731,-4.000449,,,2787
i,OLS,197811,2.564561,-4.116469,,,2772
i,OLS,197812,6.685350,5.493018,,,2772
i,OLS,197901,-4.591068,2.622417,,,2715
i,OLS,197902,9.512307,-2.651129,,,2710
i,OLS,197903,0.860659,2.327671,,,2704
i,OLS,197904,-3.406209,2.477957,,,2694
i,OLS,197905,4.891846,-1.393158,,,2693
i,OLS,197906,1.407984,0.122056,,,2715
i,OLS,197907,9.154763,-3.168376,,,2713
i,OLS,197908,-0.631311,-0.846387,,,2701
i,OLS,197909,-10.659347,-0.361388,,,2690
i,OLS,197910,9.369023,-6.613467,,,2686
i,OLS,197911,7.063388,-2.785659,,,2677
i,OLS,197912,8.979760,0.974314,,,2671
i,OLS,198001,-2.120678,-0.571361,,,2618
i,OLS,198002,-18.622276,1.367406,,,2614
i,OLS,198003,4.778013,-2.952975,,,2603
i,OLS,198004,7.267522,-1.205132,,,2594
i,OLS,198005,3.694617,-0.982062,,,2595
i,OLS,198006,13.015718,-5.488501,,,2716
i,OLS,198007,9.002600,-4.238663,,,2726
i,OLS,198008,4.800820,-2.821096,,,2725
i,OLS,198009,4.257450,-3.228985,,,2720
i,OLS,198010,12.904101,-14.452759,,,2717
i,OLS,198011,-5.649332,0.964656,,,2711
i,OLS,198012,-5.271285,9.474098,,,2746
i,OLS,198101,-1.886762,4.115452,,,2649
i,OLS,198102,6.699910,1.313342,,,2647
i,OLS,198103,0.511081,3.404114,,,2639
i,OLS,198104,2.233077,-0.123431,,,2633
i,OLS,198105,-6.334986,8.547388,,,2675
i,OLS,198106,-3.597237,0.473009,,,2853
i,OLS,198107,-13.020241,7.677075,,,2863
i,OLS,198108,-12.753143,6.408503,,,2858
i,OLS,198109,10.358604,-8.486732,,,2872
i,OLS,198110,-1.119462,3.334296,,,2879
i,OLS,198111,-4.833352,3.871853,,,2880
i,OLS,198112,-4.422011,3.919372,,,2877
i,OLS,198201,-9.241762,8.664809,,,2780
i,OLS,198202,-4.361243,5.114082,,,2793
i,OLS,198203,5.972526,-2.507741,,,2793
i,OLS,198204,-5.066657,3.177156,,,2791
i,OLS,198205,-7.063797,7.102484,,,2796
i,OLS,198206,-3.991725,3.188169,,,2924
i,OLS,198207,7.720283,-3.280660,,,2918
i,OLS,198208,-0.122200,4.925398,,,2917
i,OLS,198209,15.189511,-4.941779,,,2934
i,OLS,198210,5.733777,6.251624,,,2928
i,OLS,198211,0.679860,2.024129,,,2931
i,OLS,198212,15.308417,-9.590076,,,2962
i,OLS,198301,1.130714,8.479749,,,2815
i,OLS,198302,1.797568,5.889075,,,2839
i,OLS,198303,5.692736,1.927824,,,2834
i,OLS,198304,9.669607,-1.955855,,,2837
i,OLS,198305,4.306235,0.713828,,,2877
i,OLS,198306,-6.944685,8.292026,,,3135
i,OLS,198307,-6.066135,3.775371,,,3148
i,OLS,198308,-2.396774,3.419520,,,3136
i,OLS,198309,-10.558394,7.498019,,,3172
i,OLS,198310,2.830048,0.089722,,,3177
i,OLS,198311,-5.839543,6.062317,,,3178
i,OLS,198312,-4.127418,7.176180,,,3205
i,OLS,198401,-7.960664,2.864569,,,3051
i,OLS,198402,-1.943844,4.473921,,,3076
i,OLS,198403,-4.195299,3.263931,,,3073
i,OLS,198404,-7.318397,3.487939,,,3071
i,OLS,198405,2.160953,-1.735127,,,3103
i,OLS,198406,-8.173786,4.428049,,,3216
i,OLS,198407,11.480653,-4.582225,,,3200
i,OLS,198408,-4.188186,4.956544,,,3181
i,OLS,198409,-4.851512,1.788033,,,3168
i,OLS,198410,-6.937542,4.588641,,,3149
i,OLS,198411,0.106284,0.041820,,,3123
i,OLS,198412,14.599899,-6.152823,,,3136
i,OLS,198501,4.454430,-1.316687,,,3027
i,OLS,198502,-3.885317,2.955483,,,3025
i,OLS,198503,-3.931724,2.716564,,,3013
i,OLS,198504,1.734750,0.296158,,,3008
i,OLS,198505,-1.107162,0.789733,,,3021
i,OLS,198506,0.668359,1.355180,,,3296
i,OLS,198507,-2.065083,1.093809,,,3308
i,OLS,198508,-8.281892,3.843406,,,3293
i,OLS,198509,1.393816,-0.709986,,,3322
i,OLS,198510,4.825154,0.251967,,,3314
i,OLS,198511,3.640127,-2.799053,,,3314
i,OLS,198512,3.994147,-2.163149,,,3347
i,OLS,198601,6.083565,-1.472943,,,3156
i,OLS,198602,3.718606,1.733652,,,3189
i,OLS,198603,0.631767,0.051391,,,3177
i,OLS,198604,3.094740,0.251407,,,3211
i,OLS,198605,-0.637957,0.846569,,,3250
i,OLS,198606,-10.293535,3.439981,,,3417
i,OLS,198607,0.139799,2.994841,,,3408
i,OLS,198608,-9.589118,6.658909,,,3394
i,OLS,198609,4.234388,-3.240930,,,3384
i,OLS,198610,-1.277298,1.693276,,,3358
i,OLS,198611,-5.485572,3.268332,,,3327
i,OLS,198612,12.307520,-1.421984,,,3302
i,OLS,198701,10.747271,-5.461475,,,3193
i,OLS,198702,1.490352,3.059812,,,3201
i,OLS,198703,-3.607200,3.235403,,,3182
i,OLS,198704,-0.571669,2.452967,,,3180
i,OLS,198705,1.177946,2.364647,,,3202
i,OLS,198706,0.381968,7.444910,,,3377
i,OLS,198707,1.273971,-0.160986,,,3371
i,OLS,198708,-2.339301,2.069587,,,3360
i,OLS,198709,-32.468238,5.090492,,,3371
i,OLS,198710,-7.568564,3.478723,,,3344
i,OLS,198711,4.924069,-1.689963,,,3324
i,OLS,198712,8.375113,-2.125895,,,3351
i,OLS,198801,7.391162,-0.204103,,,3215
i,OLS,198802,2.415732,3.309857,,,3216
i,OLS,198803,0.276921,2.288352,,,3186
i,OLS,198804,-4.204250,4.027997,,,3169
i,OLS,198805,5.010969,-0.137477,,,3178
i,OLS,198806,-1.919481,1.831919,,,3445
i,OLS,198807,-4.992083,3.657273,,,3449
i,OLS,198808,2.107058,-1.070012,,,3416
i,OLS,198809,-3.426295,2.571227,,,3428
i,OLS,198810,-6.241343,3.149176,,,3423
i,OLS,198811,2.153697,0.636287,,,3404
i,OLS,198812,5.996723,0.117774,,,3422
i,OLS,198901,-0.380191,0.802151,,,3250
i,OLS,198902,0.264370,2.668608,,,3261
i,OLS,198903,2.777561,0.112466,,,3262
i,OLS,198904,2.055441,0.928625,,,3255
i,OLS,198905,-4.467293,4.313472,,,3285
i,OLS,198906,3.527430,-2.349576,,,3510
i,OLS,198907,0.997378,0.315610,,,3503
i,OLS,198908,-0.063498,-0.896462,,,3487
i,OLS,198909,-5.263492,-1.394332,,,3519
i,OLS,198910,-0.237330,-2.625080,,,3503
i,OLS,198911,-1.268962,-0.177945,,,3479
i,OLS,198912,-7.999734,3.766226,,,3487
i,OLS,199001,1.373778,0.970183,,,3343
i,OLS,199002,3.427623,-0.480138,,,3388
i,OLS,199003,-2.366943,-0.866654,,,3366
i,OLS,199004,8.098135,-5.932852,,,3355
i,OLS,199005,1.518265,-2.422936,,,3356
i,OLS,199006,-4.713808,2.473854,,,3469
i,OLS,199007,-15.232153,5.485253,,,3451
i,OLS,199008,-10.192835,3.258760,,,3432
i,OLS,199009,-5.679173,-1.271652,,,3431
i,OLS,199010,6.304142,-5.261258,,,3412
i,OLS,199011,1.626466,-3.278013,,,3409
i,OLS,199012,8.314237,3.064387,,,3426
i,OLS,199101,14.806274,-4.945248,,,3336
i,OLS,199102,8.156581,0.362021,,,3334
i,OLS,199103,3.293444,-1.928351,,,3314
i,OLS,199104,3.149381,-0.449647,,,3298
i,OLS,199105,-4.329169,0.638161,,,3317
i,OLS,199106,3.314667,-0.463251,,,3452
i,OLS,199107,3.283999,-1.035791,,,3431
i,OLS,199108,1.530159,-2.395358,,,3422
i,OLS,199109,3.111917,-1.785651,,,3432
i,OLS,199110,-2.499541,-0.664696,,,3417
i,OLS,199111,6.308381,-5.148696,,,3393
i,OLS,199112,13.511996,4.294184,,,3390
i,OLS,199201,2.329261,5.821822,,,3303
i,OLS,199202,-4.788589,6.581282,,,3306
i,OLS,199203,-6.711001,4.359197,,,3293
i,OLS,199204,-0.852869,1.214903,,,3279
i,OLS,199205,-7.142935,3.515154,,,3264
i,OLS,199206,1.948164,-0.254906,,,3402
i,OLS,199207,-4.007487,1.900339,,,3367
i,OLS,199208,1.192058,0.337393,,,3336
i,OLS,199209,2.149320,-0.231069,,,3344
i,OLS,199210,7.929997,-1.058016,,,3322
i,OLS,199211,1.508782,3.348859,,,3317
i,OLS,199212,2.210085,7.757888,,,3345
i,OLS,199301,-5.884598,8.623938,,,3260
i,OLS,199302,0.119837,4.324866,,,3269
i,OLS,199303,-4.772101,4.831732,,,3252
i,OLS,199304,5.394621,-0.375268,,,3244
i,OLS,199305,0.218283,1.924395,,,3266
i,OLS,199306,-2.187249,4.999943,,,3486
i,OLS,199307,5.673154,-3.492199,,,3485
i,OLS,199308,1.572145,1.627065,,,3484
i,OLS,199309,3.909331,1.042057,,,3500
i,OLS,199310,-3.424016,3.183887,,,3497
i,OLS,199311,0.624021,0.819649,,,3498
i,OLS,199312,2.821371,5.249323,,,3521
i,OLS,199401,-2.405457,4.535201,,,3407
i,OLS,199402,-7.493025,5.355144,,,3405
i,OLS,199403,-3.622879,3.997159,,,3391
i,OLS,199404,-1.638300,2.133967,,,3389
i,OLS,199405,-6.110997,4.335528,,,3425
i,OLS,199406,1.395498,-0.271343,,,3748
i,OLS,199407,4.524540,-0.820530,,,3760
i,OLS,199408,-0.722355,2.836803,,,3751
i,OLS,199409,-1.745553,3.891148,,,3768
i,OLS,199410,-4.869391,1.948569,,,3760
i,OLS,199411,-3.124941,2.334184,,,3739
i,OLS,199412,3.040254,-0.785901,,,3744
i,OLS,199501,3.025170,-0.436894,,,3639
i,OLS,199502,2.274177,-1.131219,,,3652
i,OLS,199503,0.123897,4.208452,,,3634
i,OLS,199504,1.483972,-0.115403,,,3612
i,OLS,199505,8.631188,-6.528727,,,3623
i,OLS,199506,6.522297,-2.046400,,,4038
i,OLS,199507,3.303790,-0.637052,,,4041
i,OLS,199508,2.785720,-0.758570,,,4019
i,OLS,199509,-6.599277,0.851479,,,4034
i,OLS,199510,1.925806,-2.307683,,,4018
i,OLS,199511,-0.149363,0.558498,,,3998
i,OLS,199512,2.387139,1.238226,,,4014
i,OLS,199601,3.831859,0.163638,,,3879
i,OLS,199602,1.782533,2.114518,,,3893
i,OLS,199603,6.687053,0.489318,,,3866
i,OLS,199604,7.891448,0.534355,,,3856
i,OLS,199605,-6.499488,4.032457,,,3876
i,OLS,199606,-13.341340,6.746697,,,4243
i,OLS,199607,4.873405,-1.707908,,,4234
i,OLS,199608,3.818347,-2.528418,,,4202
i,OLS,199609,-6.439787,6.576736,,,4219
i,OLS,199610,1.377558,1.511293,,,4209
i,OLS,199611,-2.227306,2.006166,,,4201
i,OLS,199612,8.022189,-3.120681,,,4187
i,OLS,199701,-5.881616,6.644187,,,4046
i,OLS,199702,-10.246903,9.341220,,,4063
i,OLS,199703,-4.022237,2.145852,,,4033
i,OLS,199704,12.507664,-5.996942,,,4019
i,OLS,199705,1.801608,3.225649,,,4037
i,OLS,199706,4.526695,0.815856,,,4396
i,OLS,199707,3.416246,0.241086,,,4377
i,OLS,199708,7.128796,1.565264,,,4338
i,OLS,199709,-5.049575,4.426559,,,4346
i,OLS,199710,-4.480741,2.869539,,,4311
i,OLS,199711,-6.189060,1.902531,,,4294
i,OLS,199712,1.164785,1.078337,,,4277
i,OLS,199801,6.405641,-0.072050,,,4129
i,OLS,199802,2.690813,2.776299,,,4123
i,OLS,199803,1.342357,1.935548,,,4075
i,OLS,199804,-7.962060,5.778124,,,4059
i,OLS,199805,-3.294570,-0.359321,,,4079
i,OLS,199806,-7.673903,1.945285,,,4559
i,OLS,199807,-24.881085,7.579235,,,4542
i,OLS,199808,9.137910,-9.829781,,,4504
i,OLS,199809,6.788625,-5.893004,,,4483
i,OLS,199810,11.658032,-6.148952,,,4419
i,OLS,199811,4.535525,-4.664672,,,4382
i,OLS,199812,8.604642,-1.565588,,,4341
i,OLS,199901,-7.269951,2.562070,,,4195
i,OLS,199902,0.427382,-4.280129,,,4189
i,OLS,199903,6.605149,4.070989,,,4119
i,OLS,199904,2.993376,2.477693,,,4066
i,OLS,199905,5.353295,-2.004186,,,4063
i,OLS,199906,-1.010916,3.652275,,,4342
i,OLS,199907,-3.796323,0.607613,,,4321
i,OLS,199908,0.774793,-5.055530,,,4277
i,OLS,199909,1.525120,-5.896080,,,4248
i,OLS,199910,16.150328,-10.005455,,,4211
i,OLS,199911,16.841535,-13.326000,,,4151
i,OLS,199912,3.702227,6.616369,,,4123
i,OLS,200001,18.919504,-5.324655,,,4027
i,OLS,200002,-0.888936,2.915323,,,4006
i,OLS,200003,-12.573897,6.141897,,,3962
i,OLS,200004,-8.634541,3.170784,,,3935
i,OLS,200005,12.319832,-8.304924,,,3918
i,OLS,200006,-8.502188,10.810305,,,4122
i,OLS,200007,11.184310,-8.672214,,,4108
i,OLS,200008,-8.445767,6.824179,,,4057
i,OLS,200009,-7.839633,1.992325,,,4017
i,OLS,200010,-21.139593,15.917876,,,3951
i,OLS,200011,-4.840107,4.340275,,,3899
i,OLS,200012,34.409735,-15.970113,,,3859
i,OLS,200101,-17.169005,19.019563,,,3771
i,OLS,200102,-13.343361,11.865536,,,3742
i,OLS,200103,13.638748,-12.086328,,,3700
i,OLS,200104,3.772063,6.218630,,,3645
i,OLS,200105,0.781359,-0.184949,,,3614
i,OLS,200106,-7.063805,7.220392,,,3892
i,OLS,200107,-7.376231,5.368357,,,3856
i,OLS,200108,-17.241725,4.136522,,,3794
i,OLS,200109,14.271344,-9.302965,,,3785
i,OLS,200110,10.659541,-4.521835,,,3762
i,OLS,200111,6.199764,0.516595,,,3716
i,OLS,200112,-4.351398,13.633590,,,3700
i,OLS,200201,-8.006703,7.497837,,,3611
i,OLS,200202,7.372125,3.332032,,,3591
i,OLS,200203,-8.628454,15.440658,,,3560
i,OLS,200204,-6.879200,8.380547,,,3530
i,OLS,200205,-12.698634,8.864476,,,3521
i,OLS,200206,-14.202006,1.806431,,,3781
i,OLS,200207,-0.330895,-0.323243,,,3761
i,OLS,200208,-10.536826,1.101173,,,3725
i,OLS,200209,10.580233,-9.862953,,,3715
i,OLS,200210,16.716874,-3.676470,,,3679
i,OLS,200211,-10.204643,6.622063,,,3657
i,OLS,200212,-1.338727,1.615831,,,3624
i,OLS,200301,-4.032133,1.852257,,,3556
i,OLS,200302,2.296415,-2.671630,,,3538
i,OLS,200303,12.156474,-3.226752,,,3487
i,OLS,200304,19.289954,-7.742610,,,3455
i,OLS,200305,3.675629,3.607000,,,3437
i,OLS,200306,6.145965,3.854306,,,3493
i,OLS,200307,4.619343,2.247998,,,3469
i,OLS,200308,-1.030627,6.333658,,,3439
i,OLS,200309,6.068284,6.367191,,,3420
i,OLS,200310,2.045926,4.230104,,,3394
i,OLS,200311,0.964380,5.552520,,,3373
i,OLS,200312,3.766863,7.694889,,,3345
i,OLS,200401,0.295416,1.256716,,,3315
i,OLS,200402,-0.987161,2.401785,,,3295
i,OLS,200403,-2.775137,-0.478300,,,3280
i,OLS,200404,-0.012277,0.154045,,,3256
i,OLS,200405,1.509367,2.518421,,,3245
i,OLS,200406,-12.154563,8.541505,,,3296
i,OLS,200407,-3.171327,1.545912,,,3286
i,OLS,200408,4.659315,-0.596444,,,3268
i,OLS,200409,2.278477,-1.202969,,,3266
i,OLS,200410,7.793147,3.288139,,,3248
i,OLS,200411,7.210700,-1.067642,,,3230
i,OLS,200412,-5.923968,3.709745,,,3206
i,OLS,200501,-0.745669,3.514177,,,3179
i,OLS,200502,-5.762167,5.304440,,,3170
i,OLS,200503,-6.566666,0.013716,,,3153
i,OLS,200504,6.499160,-2.699880,,,3133
i,OLS,200505,1.442089,3.092884,,,3110
i,OLS,200506,6.540699,1.360743,,,3181
i,OLS,200507,-3.008538,2.944819,,,3161
i,OLS,200508,0.414479,0.191857,,,3128
i,OLS,200509,-4.239337,0.525078,,,3124
i,OLS,200510,4.465244,-1.308041,,,3099
i,OLS,200511,-0.077346,1.108121,,,3084
i,OLS,200512,8.721504,-0.074807,,,3060
i,OLS,200601,0.526845,-0.753299,,,3009
i,OLS,200602,2.940013,2.781887,,,3006
i,OLS,200603,-1.941838,4.835035,,,2982
i,OLS,200604,-8.443918,4.434606,,,2965
i,OLS,200605,-2.359438,1.552880,,,2945
i,OLS,200606,-5.829754,2.529395,,,3100
i,OLS,200607,3.657750,-2.853633,,,3086
i,OLS,200608,-0.684108,2.463076,,,3071
i,OLS,200609,5.871073,-1.545937,,,3061
i,OLS,200610,2.087909,0.646846,,,3044
i,OLS,200611,-1.579700,4.772651,,,3026
i,OLS,200612,2.236058,0.605024,,,3001
i,OLS,200701,-0.298852,1.176949,,,2950
i,OLS,200702,0.912108,-1.336306,,,2940
i,OLS,200703,3.057171,-1.369089,,,2916
i,OLS,200704,2.585098,-0.213716,,,2894
i,OLS,200705,-1.583424,1.684594,,,2878
i,OLS,200706,-4.487297,-0.485266,,,3019
i,OLS,200707,0.901771,-5.596056,,,3006
i,OLS,200708,3.188593,-3.954268,,,2974
i,OLS,200709,3.333397,-3.296136,,,2965
i,OLS,200710,-7.726825,-2.611169,,,2935
i,OLS,200711,-1.147275,-0.633427,,,2905
i,OLS,200712,-7.639789,2.251784,,,2889
i,OLS,200801,-2.151326,0.357915,,,2850
i,OLS,200802,-2.731005,0.923240,,,2850
i,OLS,200803,3.275735,-0.879905,,,2830
i,OLS,200804,4.584071,-0.450998,,,2805
i,OLS,200805,-9.037677,0.931120,,,2789
i,OLS,200806,2.165802,-3.790854,,,2955
i,OLS,200807,1.563302,1.668644,,,2940
i,OLS,200808,-13.064708,-0.137047,,,2913
i,OLS,200809,-21.014926,-4.268707,,,2904
i,OLS,200810,-10.734702,-8.522875,,,2877
i,OLS,200811,5.802659,-3.886271,,,2860
i,OLS,200812,-1.389161,-2.871022,,,2845
i,OLS,200901,-8.611055,-5.599128,,,2806
i,OLS,200902,11.336954,2.902382,,,2795
i,OLS,200903,16.237610,15.476085,,,2768
i,OLS,200904,7.166589,5.659297,,,2747
i,OLS,200905,4.902658,-1.554304,,,2738
i,OLS,200906,6.255246,7.706535,,,2842
i,OLS,200907,-1.458314,16.755184,,,2831
i,OLS,200908,6.389734,5.204041,,,2818
i,OLS,200909,-6.204892,0.146343,,,2817
i,OLS,200910,2.013022,1.085127,,,2801
i,OLS,200911,6.286482,2.672026,,,2774
i,OLS,200912,-4.371513,4.533637,,,2759
i,OLS,201001,3.082688,2.931262,,,2723
i,OLS,201002,5.904940,5.253812,,,2716
i,OLS,201003,3.120647,8.476367,,,2699
i,OLS,201004,-6.412997,-3.141383,,,2681
i,OLS,201005,-5.082539,-5.094411,,,2679
i,OLS,201006,6.306860,0.386568,,,2733
i,OLS,201007,-5.812105,-1.845218,,,2710
i,OLS,201008,13.623695,-2.200398,,,2693
i,OLS,201009,4.773328,0.368914,,,2674
i,OLS,201010,2.198352,1.643198,,,2658
i,OLS,201011,8.161938,0.522041,,,2634
i,OLS,201012,0.187262,3.273719,,,2617
i,OLS,201101,3.074352,3.268324,,,2594
i,OLS,201102,3.129997,-1.967151,,,2579
i,OLS,201103,3.617161,-3.492812,,,2567
i,OLS,201104,-0.487006,-2.675827,,,2551
i,OLS,201105,-3.176066,1.629794,,,2537
i,OLS,201106,-4.652392,4.166381,,,2586
i,OLS,201107,-8.077867,-3.048518,,,2577
i,OLS,201108,-10.889054,-0.513414,,,2566
i,OLS,201109,15.542570,-4.225702,,,2558
i,OLS,201110,-2.113948,0.904614,,,2548
i,OLS,201111,-1.455417,2.504924,,,2529
i,OLS,201112,11.042313,-2.716839,,,2528
i,OLS,201201,3.467538,0.661376,,,2493
i,OLS,201202,2.456904,0.276180,,,2478
i,OLS,201203,-2.509146,1.741204,,,2465
i,OLS,201204,-7.567390,-0.296514,,,2451
i,OLS,201205,4.200571,-0.330313,,,2456
i,OLS,201206,-0.083026,-2.165839,,,2552
i,OLS,201207,3.642432,-1.202256,,,2537
i,OLS,201208,3.815781,-0.008027,,,2525
i,OLS,201209,-4.450635,4.020529,,,2512
i,OLS,201210,0.585705,0.718778,,,2494
i,OLS,201211,1.394777,2.678284,,,2479
i,OLS,201212,5.982223,2.340924,,,2467
i,OLS,201301,0.045217,1.271417,,,2439
i,OLS,201302,5.188379,-1.695370,,,2435
i,OLS,201303,1.146202,-3.007085,,,2419
i,OLS,201304,4.036300,2.734277,,,2403
i,OLS,201305,-1.286393,1.150225,,,2401
i,OLS,201306,7.557453,-0.300420,,,2457
i,OLS,201307,-2.636488,1.573664,,,2445
i,OLS,201308,5.541471,1.679148,,,2432
i,OLS,201309,0.048833,5.645708,,,2421
i,OLS,201310,5.430897,-2.159672,,,2403
i,OLS,201311,2.828853,0.457618,,,2386
i,OLS,201312,-0.311603,0.028221,,,2378
i,OLS,201401,4.921327,0.342793,,,2358
i,OLS,201402,-2.626560,5.052809,,,2345
i,OLS,201403,-4.387187,1.177379,,,2336
i,OLS,201404,0.283423,-0.796996,,,2326
i,OLS,201405,5.105290,-1.522125,,,2321
i,OLS,201406,-5.374031,0.969688,,,2397
i,OLS,201407,5.309329,-1.486521,,,2395
i,OLS,201408,-4.249168,-2.509630,,,2386
i,OLS,201409,6.192168,-7.352106,,,2380
i,OLS,201410,2.149347,-4.366388,,,2372
i,OLS,201411,1.244277,0.090538,,,2362
i,OLS,201412,-1.569233,-3.245422,,,2349
i,OLS,201501,7.789211,-0.881182,,,2325
i,OLS,201502,0.502049,-2.074032,,,2314
i,OLS,201503,-2.046823,4.824343,,,2299
i,OLS,201504,2.037910,-3.085727,,,2294
i,OLS,201505,0.909296,-3.594451,,,2290
i,OLS,201506,2.129366,-12.395987,,,2403
i,OLS,201507,-8.781564,7.922610,,,2391
i,OLS,201508,-5.827227,-1.822865,,,2380
i,OLS,201509,6.936623,-1.657673,,,2372
i,OLS,201510,4.359425,-3.976289,,,2352
i,OLS,201511,-2.447532,-5.368469,,,2345
i,OLS,201512,-9.947234,1.026993,,,2331
i,OLS,201601,0.404619,1.315637,,,2298
i,OLS,201602,5.374991,6.883501,,,2289
i,OLS,201603,0.333609,6.198678,,,2276
i,OLS,201604,2.150035,-4.541494,,,2261
i,OLS,201605,-3.213647,6.761129,,,2251
i,OLS,201606,5.319415,1.872459,,,2401
i,OLS,201607,-0.075724,3.727279,,,2383
i,OLS,201608,2.997336,-1.403450,,,2370
i,OLS,201609,-7.253327,1.578721,,,2353
i,OLS,201610,3.665691,9.732688,,,2341
i,OLS,201611,-0.900744,3.768636,,,2322
i,OLS,201612,2.682290,-1.239367,,,2309
i,OLS,201701,5.105175,-7.153312,,,2288
i,OLS,201702,1.864022,-1.447033,,,2276
i,OLS,201703,1.839719,-2.847292,,,2264
i,OLS,201704,0.174925,-4.078657,,,2246
i,OLS,201705,3.622799,-0.463425,,,2239
i,OLS,201706,-0.186837,-0.395559,,,2326
i,OLS,201707,-0.611378,-2.104471,,,2329
i,OLS,201708,5.307106,4.485915,,,2319
i,OLS,201709,-0.022826,0.291595,,,2306
i,OLS,201710,2.529594,2.279429,,,2297
i,OLS,201711,0.396320,1.825745,,,2287
i,OLS,201712,3.867545,-1.120931,,,2273
i,OLS,201801,-3.215430,-2.404423,,,2252
i,OLS,201802,0.399851,-0.390569,,,2246
i,OLS,201803,-0.276078,1.084055,,,2237
i,OLS,201804,6.463321,-2.570012,,,2230
i,OLS,201805,0.461191,-0.007211,,,2228
i,OLS,201806,1.278014,-1.459078,,,2303
i,OLS,201807,6.886183,-6.350062,,,2296
i,OLS,201808,-0.586948,-2.725150,,,2288
i,OLS,201809,-12.668330,3.060414,,,2286
i,OLS,201810,1.589766,-4.550600,,,2277
i,OLS,201811,-11.469119,-4.613149,,,2263
i,OLS,201812,14.560471,1.811827,,,2254
i,OLS,201901,6.879368,-3.819922,,,2236
i,OLS,201902,1.539426,-5.159954,,,2228
i,OLS,201903,2.349055,-0.427105,,,2218
i,OLS,201904,-6.843055,-5.074946,,,2211
i,OLS,201905,9.355890,-7.309611,,,2207
i,OLS,201906,0.512406,-3.765607,,,2324
i,OLS,201907,-2.600307,-6.223083,,,2318
i,OLS,201908,-2.724947,9.284150,,,2314
i,OLS,201909,3.265930,-6.717810,,,2305
i,OLS,201910,7.417465,-7.918777,,,2289
i,OLS,201911,1.749491,6.219960,,,2278
i,OLS,201912,1.184006,-6.424557,,,2261
i,OLS,202001,-4.989503,-5.603650,,,2248
i,OLS,202002,-14.439665,-16.310611,,,2250
i,OLS,202003,16.814529,9.588639,,,2239
i,OLS,202004,10.486830,-3.202222,,,2229
i,OLS,202005,3.633892,7.008834,,,2218
i,OLS,202006,2.403915,6.313103,,,2322
i,OLS,202007,4.971188,-0.556012,,,2318
i,OLS,202008,-1.462301,-2.909715,,,2312
i,OLS,202009,-0.419991,1.610217,,,2299
i,OLS,202010,15.921784,12.011866,,,2289
i,OLS,202011,9.093546,0.032909,,,2282
i,OLS,202012,1.213103,24.901189,,,2272
i,OLS,202101,4.277390,9.880661,,,2256
i,OLS,202102,-2.033813,7.621329,,,2252
i,OLS,202103,2.095317,-1.262663,,,2248
i,OLS,202104,-2.932035,9.797476,,,2234
i,OLS,202105,3.688457,0.046442,,,2232
i,OLS,202106,-3.574991,-0.712157,,,2335
i,OLS,202107,2.228457,0.077272,,,2335
i,OLS,202108,-6.811664,6.674017,,,2327
i,OLS,202109,2.386373,-0.622887,,,2327
i,OLS,202110,-6.637798,1.881358,,,2321
i,OLS,202111,-2.188066,4.884336,,,2309
i,OLS,202112,-15.358799,12.870122,,,2300
i,OLS,202201,-3.027101,5.762862,,,2286
i,OLS,202202,1.591627,2.617060,,,2288
i,OLS,202203,-16.432286,9.817272,,,2282
i,OLS,202204,-5.999431,7.765249,,,2275
i,OLS,202205,-3.142011,-7.897104,,,2272
i,OLS,202206,12.497733,-7.531163,,,2443
i,OLS,202207,-0.421267,0.504555,,,2436
i,OLS,202208,-8.699898,-7.038650,,,2430
i,OLS,202209,5.048189,5.211845,,,2422
i,OLS,202210,2.837899,-2.913253,,,2414
i,OLS,202211,-4.732626,-2.913998,,,2404
i,OLS,202212,11.903343,7.492098,,,2404
i,OLS,202301,-3.459960,-2.812598,,,2378
i,OLS,202302,-1.675927,-6.916597,,,2365
i,OLS,202303,-2.496068,0.087005,,,2351
i,OLS,202304,2.311375,-5.487924,,,2345
i,OLS,202305,4.979226,2.877780,,,2344
i,OLS,202306,1.083832,4.995985,,,2603
i,OLS,202307,-5.080229,-2.390400,,,2606
i,OLS,202308,-7.690661,0.961048,,,2593
i,OLS,202309,-7.706615,-1.944624,,,2586
i,OLS,202310,10.406626,-3.771251,,,2570
i,OLS,202311,10.958398,2.452537,,,2554
i,OLS,202312,-3.879270,1.584518,,,2543
i,OLS,202401,6.331260,0.380022,,,2521
i,OLS,202402,0.921793,3.210820,,,2511
i,OLS,202403,-7.827429,-0.439162,,,2496
i,OLS,202404,0.832781,5.711263,,,2484
i,OLS,202405,-1.325700,-6.416471,,,2474
i,OLS,202406,5.117723,2.830121,,,2538
i,OLS,202407,-0.966905,-4.845847,,,2520
i,OLS,202408,0.570919,-0.633944,,,2510
i,OLS,202409,-0.026742,-1.646202,,,2500
i,OLS,202410,8.908041,-1.802201,,,2486
i,OLS,202411,-6.299487,4.889689,,,2472
i,OLS,202412,4.371578,-4.892472,,,2461
i,WLS,196306,-0.318428,-0.275042,,,477
i,WLS,196307,4.818688,1.843121,,,480
i,WLS,196308,-0.953085,-0.583296,,,484
i,WLS,196309,5.281936,-6.258338,,,489
i,WLS,196310,-0.754045,-0.175123,,,492
i,WLS,196311,2.371014,-1.367289,,,494
i,WLS,196312,3.569859,-2.533621,,,505
i,WLS,196401,0.820036,3.051691,,,485
i,WLS,196402,0.526957,4.516784,,,488
i,WLS,196403,-0.146391,1.792761,,,491
i,WLS,196404,1.059279,0.778064,,,490
i,WLS,196405,1.124263,0.946188,,,502
i,WLS,196406,1.124681,1.030072,,,724
i,WLS,196407,-1.942765,1.686390,,,733
i,WLS,196408,2.070278,2.732612,,,737
i,WLS,196409,-0.065395,2.234741,,,746
i,WLS,196410,0.689880,-2.437452,,,751
i,WLS,196411,1.511102,-4.763286,,,756
i,WLS,196412,3.749913,-1.708502,,,787
i,WLS,196501,0.152439,0.461189,,,735
i,WLS,196502,-2.056969,1.526353,,,745
i,WLS,196503,4.183584,-1.915731,,,750
i,WLS,196504,-0.372961,-0.097840,,,755
i,WLS,196505,-4.788685,-1.931340,,,787
i,WLS,196506,0.824526,2.099918,,,845
i,WLS,196507,3.108342,-1.347513,,,853
i,WLS,196508,3.671333,-1.232365,,,855
i,WLS,196509,2.211266,2.147668,,,856
i,WLS,196510,-0.463216,0.810507,,,858
i,WLS,196511,0.054512,3.369183,,,861
i,WLS,196512,-0.848837,5.977442,,,865
i,WLS,196601,-1.448912,1.117367,,,851
i,WLS,196602,-2.036057,-2.150678,,,848
i,WLS,196603,2.220381,-0.429139,,,852
i,WLS,196604,-4.585977,-4.235445,,,855
i,WLS,196605,-2.300453,3.513945,,,863
i,WLS,196606,-2.174958,1.632792,,,912
i,WLS,196607,-7.947048,1.272363,,,920
i,WLS,196608,-2.395953,2.760973,,,922
i,WLS,196609,1.622651,5.727985,,,926
i,WLS,196610,5.203813,-11.394362,,,932
i,WLS,196611,-1.241518,2.756993,,,937
i,WLS,196612,7.402808,2.500698,,,947
i,WLS,196701,2.535552,-5.281895,,,919
i,WLS,196702,4.223991,0.151696,,,924
i,WLS,196703,6.638233,-7.382355,,,929
i,WLS,196704,-5.869138,3.610545,,,933
i,WLS,196705,1.461752,2.611243,,,944
i,WLS,196706,3.835355,2.465874,,,1026
i,WLS,196707,-1.228988,0.688309,,,1037
i,WLS,196708,4.528996,-3.417560,,,1042
i,WLS,196709,-0.372290,-7.473655,,,1048
i,WLS,196710,0.985348,-2.757655,,,1054
i,WLS,196711,1.097909,4.818351,,,1057
i,WLS,196712,-8.022727,10.638626,,,1065
i,WLS,196801,-3.444076,-0.555220,,,1033
i,WLS,196802,2.427804,-5.783806,,,1038
i,WLS,196803,10.223403,-3.475160,,,1043
i,WLS,196804,1.899211,-0.562715,,,1047
i,WLS,196805,-0.934670,3.062981,,,1059
i,WLS,196806,-6.994814,10.190448,,,1227
i,WLS,196807,0.586143,2.010798,,,1235
i,WLS,196808,1.730821,5.508070,,,1233
i,WLS,196809,-2.310056,6.426096,,,1242
i,WLS,196810,5.762667,-1.708183,,,1248
i,WLS,196811,-5.457551,2.984889,,,1251
i,WLS,196812,-3.023913,2.980226,,,1260
i,WLS,196901,-4.058914,-2.944721,,,1233
i,WLS,196902,3.439626,-0.465182,,,1241
i,WLS,196903,2.657112,-2.385079,,,1247
i,WLS,196904,-1.244782,2.741330,,,1248
i,WLS,196905,-2.696050,-9.527985,,,1257
i,WLS,196906,-5.111142,-4.025666,,,1311
i,WLS,196907,6.864719,-4.379680,,,1324
i,WLS,196908,0.149113,-6.657195,,,1325
i,WLS,196909,6.199282,-3.976298,,,1334
i,WLS,196910,-2.302061,-2.590843,,,1340
i,WLS,196911,0.736010,-7.132277,,,1345
i,WLS,196912,-8.652630,0.654451,,,1359
i,WLS,197001,2.471166,5.626282,,,1321
i,WLS,197002,-3.338279,5.367576,,,1331
i,WLS,197003,-11.771413,3.034095,,,1337
i,WLS,197004,-9.159187,6.010808,,,1341
i,WLS,197005,-6.323827,1.276788,,,1354
i,WLS,197006,3.763845,7.970054,,,1448
i,WLS,197007,3.839775,1.965437,,,1453
i,WLS,197008,6.767049,-6.972972,,,1461
i,WLS,197009,-0.850130,-2.803392,,,1471
i,WLS,197010,4.386557,-0.119450,,,1479
i,WLS,197011,4.423333,2.989232,,,1481
i,WLS,197012,3.794425,2.431260,,,1499
i,WLS,197101,2.170274,-1.342253,,,1465
i,WLS,197102,6.141709,-5.603601,,,1472
i,WLS,197103,3.433791,1.486286,,,1477
i,WLS,197104,-2.844760,-2.899457,,,1479
i,WLS,197105,0.707852,-2.912737,,,1488
i,WLS,197106,-4.265166,-1.713069,,,1618
i,WLS,197107,4.251728,-0.241310,,,1626
i,WLS,197108,0.601582,-4.604399,,,1629
i,WLS,197109,-3.990092,-3.271307,,,1636
i,WLS,197110,0.985445,-4.346683,,,1644
i,WLS,197111,8.705356,0.812456,,,1640
i,WLS,197112,1.985912,2.173950,,,1641
i,WLS,197201,5.039465,-5.306671,,,1614
i,WLS,197202,2.207484,-6.429512,,,1620
i,WLS,197203,0.774886,-0.933418,,,1623
i,WLS,197204,3.369970,-5.917992,,,1620
i,WLS,197205,-0.712380,-6.112796,,,1626
i,WLS,197206,0.929641,-5.228965,,,1687
i,WLS,197207,-0.113886,11.040674,,,1690
i,WLS,197208,-0.686980,-1.602976,,,1690
i,WLS,197209,0.021121,0.476213,,,1697
i,WLS,197210,1.145700,11.379059,,,1703
i,WLS,197211,3.028100,-6.675234,,,1707
i,WLS,197212,-2.555978,0.081526,,,1715
i,WLS,197301,-2.931866,-5.393361,,,1678
i,WLS,197302,-1.789571,3.199401,,,1683
i,WLS,197303,-6.833472,5.853123,,,1688
i,WLS,197304,-0.827591,-5.921418,,,1688
i,WLS,197305,-1.101574,-1.283013,,,1691
i,WLS,197306,5.309274,-2.188975,,,1765
i,WLS,197307,-4.509365,1.859163,,,1775
i,WLS,197308,-0.239585,17.301024,,,1778
i,WLS,197309,-0.559559,0.556821,,,1781
i,WLS,197310,-12.345383,-0.564365,,,1781
i,WLS,197311,-3.223574,14.423360,,,1790
i,WLS,197312,-2.640569,6.460411,,,1800
i,WLS,197401,-2.292433,6.608215,,,1758
i,WLS,197402,-1.734763,-2.898522,,,1758
i,WLS,197403,-3.865423,-0.849862,,,1757
i,WLS,197404,-1.170141,-8.523474,,,1763
i,WLS,197405,-2.075029,1.469520,,,1767
i,WLS,197406,-11.832629,14.662269,,,2284
i,WLS,197407,-10.390133,6.407988,,,2339
i,WLS,197408,-16.644717,16.651950,,,2357
i,WLS,197409,21.429939,-23.333742,,,2422
i,WLS,197410,-5.311468,1.040765,,,2456
i,WLS,197411,-4.216479,3.795701,,,2491
i,WLS,197412,7.800757,21.711235,,,2598
i,WLS,197501,10.353120,-15.293409,,,2319
i,WLS,197502,2.089582,4.918200,,,2388
i,WLS,197503,5.403817,-1.575110,,,2425
i,WLS,197504,5.129154,-1.363178,,,2459
i,WLS,197505,2.864364,6.494583,,,2572
i,WLS,197506,-8.719999,9.234264,,,2828
i,WLS,197507,-2.365071,-0.504014,,,2841
i,WLS,197508,-4.528480,2.033655,,,2844
i,WLS,197509,6.984214,-6.418580,,,2863
i,WLS,197510,2.366557,0.636240,,,2865
i,WLS,197511,-3.119307,5.666178,,,2860
i,WLS,197512,9.402936,15.040439,,,2864
i,WLS,197601,-3.373001,16.552615,,,2803
i,WLS,197602,2.892642,-1.838742,,,2818
i,WLS,197603,-2.485457,4.172119,,,2811
i,WLS,197604,-1.212032,-0.098308,,,2804
i,WLS,197605,3.416996,2.477281,,,2817
i,WLS,197606,-2.242631,2.767467,,,2921
i,WLS,197607,-0.439571,-1.336757,,,2914
i,WLS,197608,1.610416,2.260722,,,2906
i,WLS,197609,-2.806841,0.025976,,,2902
i,WLS,197610,-1.837399,7.194939,,,2898
i,WLS,197611,3.216018,7.547768,,,2888
i,WLS,197612,-8.311702,14.615565,,,2889
i,WLS,197701,-1.805914,0.133669,,,2853
i,WLS,197702,-2.352432,3.041328,,,2847
i,WLS,197703,-2.589070,8.893627,,,2841
i,WLS,197704,-2.663451,3.088314,,,2834
i,WLS,197705,5.387898,-3.108076,,,2833
i,WLS,197706,-1.675987,-1.778237,,,2873
i,WLS,197707,1.142379,-9.511138,,,2862
i,WLS,197708,-1.188020,2.384523,,,2856
i,WLS,197709,-4.920142,1.736713,,,2856
i,WLS,197710,3.171850,2.355141,,,2849
i,WLS,197711,0.000314,1.377870,,,2838
i,WLS,197712,-7.139265,3.540326,,,2838
i,WLS,197801,-3.340857,6.152522,,,2782
i,WLS,197802,0.736179,6.971081,,,2782
i,WLS,197803,11.160545,-8.328373,,,2772
i,WLS,197804,1.349085,2.046087,,,2762
i,WLS,197805,-1.784936,-1.065566,,,2750
i,WLS,197806,6.726170,-3.365645,,,2808
i,WLS,197807,3.422437,1.556296,,,2811
i,WLS,197808,-3.958872,6.879773,,,2797
i,WLS,197809,-10.373683,-4.993685,,,2791
i,WLS,197810,2.418928,1.378298,,,2787
i,WLS,197811,3.212955,-5.824201,,,2772
i,WLS,197812,1.804758,6.445479,,,2772
i,WLS,197901,-4.603315,2.445072,,,2715
i,WLS,197902,4.706913,3.366701,,,2710
i,WLS,197903,-0.596373,2.100883,,,2704
i,WLS,197904,-2.803785,0.009648,,,2694
i,WLS,197905,1.678405,4.573273,,,2693
i,WLS,197906,-1.129406,4.512075,,,2715
i,WLS,197907,6.230274,-0.149977,,,2713
i,WLS,197908,-1.893247,3.475893,,,2701
i,WLS,197909,-6.970821,-1.983230,,,2690
i,WLS,197910,6.297646,-3.648794,,,2686
i,WLS,197911,1.660470,1.074105,,,2677
i,WLS,197912,2.964014,8.803178,,,2671
i,WLS,198001,-3.939595,8.613062,,,2618
i,WLS,198002,-9.838315,-8.611306,,,2614
i,WLS,198003,2.244137,2.022717,,,2603
i,WLS,198004,5.006802,0.184069,,,2594
i,WLS,198005,2.995631,-1.459156,,,2595
i,WLS,198006,10.731276,-7.233574,,,2716
i,WLS,198007,2.589404,-1.541328,,,2726
i,WLS,198008,5.208278,-6.563946,,,2725
i,WLS,198009,2.256609,-2.117896,,,2720
i,WLS,198010,13.729278,-7.695946,,,2717
i,WLS,198011,-4.018109,-3.055157,,,2711
i,WLS,198012,-9.832885,11.130504,,,2746
i,WLS,198101,1.136517,-0.035307,,,2649
i,WLS,198102,2.816373,1.294898,,,2647
i,WLS,198103,-4.282033,4.723298,,,2639
i,WLS,198104,-0.414673,-0.089218,,,2633
i,WLS,198105,-5.295109,6.362846,,,2675
i,WLS,198106,0.562992,-4.228896,,,2853
i,WLS,198107,-9.292693,3.959328,,,2863
i,WLS,198108,-10.359297,7.115005,,,2858
i,WLS,198109,10.042081,-11.988506,,,2872
i,WLS,198110,2.632573,1.019502,,,2879
i,WLS,198111,-4.779859,3.079957,,,2880
i,WLS,198112,-3.811508,1.271047,,,2877
i,WLS,198201,-9.843492,7.951325,,,2780
i,WLS,198202,-5.260985,7.929652,,,2793
i,WLS,198203,6.436171,-6.678563,,,2793
i,WLS,198204,-4.911877,2.618648,,,2791
i,WLS,198205,-3.872955,2.730427,,,2796
i,WLS,198206,-1.815911,-2.641334,,,2924
i,WLS,198207,9.328992,4.185639,,,2918
i,WLS,198208,2.048118,-2.840184,,,2917
i,WLS,198209,12.873418,-3.331979,,,2934
i,WLS,198210,6.968009,-4.611989,,,2928
i,WLS,198211,0.537618,0.492386,,,2931
i,WLS,198212,2.001980,3.870403,,,2962
i,WLS,198301,2.922837,-0.656135,,,2815
i,WLS,198302,1.264364,3.178045,,,2839
i,WLS,198303,4.075110,5.106338,,,2834
i,WLS,198304,0.412972,-0.840423,,,2837
i,WLS,198305,5.985086,-4.082379,,,2877
i,WLS,198306,-7.152675,5.910865,,,3135
i,WLS,198307,-5.213432,10.271738,,,3148
i,WLS,198308,2.844381,-4.293993,,,3136
i,WLS,198309,-5.910738,5.039668,,,3172
i,WLS,198310,2.255652,0.166814,,,3177
i,WLS,198311,-2.485559,2.206471,,,3178
i,WLS,198312,-9.752829,15.186572,,,3205
i,WLS,198401,-7.133405,5.181395,,,3051
i,WLS,198402,0.442519,0.951901,,,3076
i,WLS,198403,-0.920490,1.926160,,,3073
i,WLS,198404,-5.309910,-1.411401,,,3071
i,WLS,198405,4.874715,-5.617664,,,3103
i,WLS,198406,-1.380595,-3.271701,,,3216
i,WLS,198407,10.551527,0.242609,,,3200
i,WLS,198408,-5.302965,6.643766,,,3181
i,WLS,198409,0.238333,-2.978833,,,3168
i,WLS,198410,-4.338706,3.821083,,,3149
i,WLS,198411,2.556497,-2.089966,,,3123
i,WLS,198412,11.670302,-6.299297,,,3136
i,WLS,198501,0.150789,1.950340,,,3027
i,WLS,198502,-3.277173,3.424474,,,3025
i,WLS,198503,-3.981461,4.193821,,,3013
i,WLS,198504,5.980127,-1.560357,,,3008
i,WLS,198505,0.770057,0.010785,,,3021
i,WLS,198506,-0.157057,0.590006,,,3296
i,WLS,198507,-2.693791,2.932779,,,3308
i,WLS,198508,-5.620455,3.414008,,,3293
i,WLS,198509,3.123436,0.083062,,,3322
i,WLS,198510,10.432062,-7.841263,,,3314
i,WLS,198511,6.630596,-6.301357,,,3314
i,WLS,198512,0.388780,-1.424685,,,3347
i,WLS,198601,7.429701,-0.680867,,,3156
i,WLS,198602,6.202451,-2.758007,,,3189
i,WLS,198603,1.881781,-5.228906,,,3177
i,WLS,198604,4.624775,0.326641,,,3211
i,WLS,198605,2.177756,-3.961870,,,3250
i,WLS,198606,-9.056586,3.097997,,,3417
i,WLS,198607,1.023882,10.960920,,,3408
i,WLS,198608,-12.534711,10.025604,,,3394
i,WLS,198609,5.875314,-1.391682,,,3384
i,WLS,198610,2.014661,-0.018632,,,3358
i,WLS,198611,-2.930523,-0.764382,,,3327
i,WLS,198612,13.471671,-0.380796,,,3302
i,WLS,198701,9.850220,-10.368172,,,3193
i,WLS,198702,-0.662313,7.325893,,,3201
i,WLS,198703,-2.726286,3.313188,,,3182
i,WLS,198704,1.198511,-1.037002,,,3180
i,WLS,198705,3.840794,0.732724,,,3202
i,WLS,198706,4.265286,1.319944,,,3377
i,WLS,198707,4.719252,-3.268517,,,3371
i,WLS,198708,-3.400287,1.956160,,,3360
i,WLS,198709,-24.549495,0.429057,,,3371
i,WLS,198710,-9.840229,3.195963,,,3344
i,WLS,198711,8.778891,-1.292023,,,3324
i,WLS,198712,0.142660,6.311704,,,3351
i,WLS,198801,5.134676,1.448422,,,3215
i,WLS,198802,-4.843847,5.686781,,,3216
i,WLS,198803,-1.917863,6.258555,,,3186
i,WLS,198804,-1.270649,1.016326,,,3169
i,WLS,198805,5.869894,-2.384350,,,3178
i,WLS,198806,-2.786791,3.142263,,,3445
i,WLS,198807,-4.477364,0.991879,,,3449
i,WLS,198808,5.069599,-4.067438,,,3416
i,WLS,198809,0.456864,2.930643,,,3428
i,WLS,198810,-3.088530,2.245083,,,3423
i,WLS,198811,2.954444,-2.739028,,,3404
i,WLS,198812,5.686157,1.584194,,,3422
i,WLS,198901,-3.137483,1.200534,,,3250
i,WLS,198902,0.943521,0.918195,,,3261
i,WLS,198903,5.897692,-3.387550,,,3262
i,WLS,198904,4.471287,-2.992006,,,3255
i,WLS,198905,-2.357881,0.960731,,,3285
i,WLS,198906,10.955214,-8.159158,,,3510
i,WLS,198907,-1.007060,6.343990,,,3503
i,WLS,198908,0.623286,-4.279866,,,3487
i,WLS,198909,-1.447593,-5.096857,,,3519
i,WLS,198910,1.929606,-1.485242,,,3503
i,WLS,198911,0.175630,3.312179,,,3479
i,WLS,198912,-8.232846,2.030158,,,3487
i,WLS,199001,-0.586513,4.183354,,,3343
i,WLS,199002,4.386775,-3.693473,,,3388
i,WLS,199003,-0.138329,-6.296603,,,3366
i,WLS,199004,11.800582,-7.395615,,,3355
i,WLS,199005,2.713777,-8.803679,,,3356
i,WLS,199006,-1.320993,-0.183883,,,3469
i,WLS,199007,-9.546534,-1.210144,,,3451
i,WLS,199008,-6.038527,0.047588,,,3432
i,WLS,199009,0.804930,-7.648454,,,3431
i,WLS,199010,7.068561,-2.708880,,,3412
i,WLS,199011,3.429093,-2.670577,,,3409
i,WLS,199012,4.945045,0.961549,,,3426
i,WLS,199101,8.474453,-3.756910,,,3336
i,WLS,199102,4.758315,-6.655369,,,3334
i,WLS,199103,-0.731241,0.778569,,,3314
i,WLS,199104,3.441038,1.614476,,,3298
i,WLS,199105,-4.784577,-0.713576,,,3317
i,WLS,199106,6.310912,-6.946906,,,3452
i,WLS,199107,4.336131,-7.471921,,,3431
i,WLS,199108,-1.955989,-0.568343,,,3422
i,WLS,199109,1.457592,-0.783209,,,3432
i,WLS,199110,-0.657570,-11.645659,,,3417
i,WLS,199111,15.572290,-14.023111,,,3393
i,WLS,199112,-4.685613,13.210133,,,3390
i,WLS,199201,-1.794830,9.452030,,,3303
i,WLS,199202,-4.360874,4.870958,,,3306
i,WLS,199203,-1.518989,8.958952,,,3293
i,WLS,199204,1.406897,-4.487981,,,3279
i,WLS,199205,-3.798711,2.802173,,,3264
i,WLS,199206,4.986698,-3.620859,,,3402
i,WLS,199207,-0.578127,-4.766676,,,3367
i,WLS,199208,0.692765,0.715239,,,3336
i,WLS,199209,2.879193,-6.320905,,,3344
i,WLS,199210,4.116369,-0.509025,,,3322
i,WLS,199211,-0.569667,3.900114,,,3317
i,WLS,199212,-3.975509,12.154339,,,3345
i,WLS,199301,-4.458709,11.856348,,,3260
i,WLS,199302,0.606812,3.994204,,,3269
i,WLS,199303,-6.656156,10.101245,,,3252
i,WLS,199304,4.302438,-2.013043,,,3244
i,WLS,199305,-3.015336,6.315906,,,3266
i,WLS,199306,-4.247222,8.106011,,,3486
i,WLS,199307,3.184763,1.230215,,,3485
i,WLS,199308,-1.446416,2.129342,,,3484
i,WLS,199309,3.851935,-2.826476,,,3500
i,WLS,199310,0.982901,-4.441843,,,3497
i,WLS,199311,0.554872,2.348287,,,3498
i,WLS,199312,1.216353,5.200934,,,3521
i,WLS,199401,-1.399273,-1.336559,,,3407
i,WLS,199402,-5.567381,1.927265,,,3405
i,WLS,199403,0.053558,1.236981,,,3391
i,WLS,199404,0.416104,0.522792,,,3389
i,WLS,199405,-3.692597,1.758281,,,3425
i,WLS,199406,2.072729,1.913911,,,3748
i,WLS,199407,6.501626,-5.261147,,,3760
i,WLS,199408,-1.099726,-1.804207,,,3751
i,WLS,199409,1.591127,0.226639,,,3768
i,WLS,199410,-2.493869,-3.471800,,,3760
i,WLS,199411,1.054803,-0.425691,,,3739
i,WLS,199412,1.653912,-1.886808,,,3744
i,WLS,199501,3.527025,0.415416,,,3639
i,WLS,199502,2.345311,1.583387,,,3652
i,WLS,199503,1.764744,1.689768,,,3634
i,WLS,199504,2.874354,-1.306629,,,3612
i,WLS,199505,4.087147,-2.761166,,,3623
i,WLS,199506,3.602205,0.355776,,,4038
i,WLS,199507,-0.460338,0.466646,,,4041
i,WLS,199508,4.771734,-5.416287,,,4019
i,WLS,199509,0.661109,-6.290437,,,4034
i,WLS,199510,3.775707,-0.454902,,,4018
i,WLS,199511,-0.448684,3.914950,,,3998
i,WLS,199512,2.973653,-2.012256,,,4014
i,WLS,199601,1.635788,-0.492215,,,3879
i,WLS,199602,-0.812633,4.778591,,,3893
i,WLS,199603,1.957870,2.141804,,,3866
i,WLS,199604,3.862836,-3.623190,,,3856
i,WLS,199605,0.583960,-5.888817,,,3876
i,WLS,199606,-6.456738,0.972106,,,4243
i,WLS,199607,1.692382,2.405909,,,4234
i,WLS,199608,7.907259,-8.715754,,,4202
i,WLS,199609,-0.688465,3.567942,,,4219
i,WLS,199610,6.615293,-0.863781,,,4209
i,WLS,199611,-2.827231,3.628425,,,4201
i,WLS,199612,7.900242,-7.976471,,,4187
i,WLS,199701,-1.272891,0.562217,,,4046
i,WLS,199702,-7.528657,9.772188,,,4063
i,WLS,199703,7.576993,-9.248626,,,4033
i,WLS,199704,7.112123,-0.903483,,,4019
i,WLS,199705,4.695907,-3.400521,,,4037
i,WLS,199706,7.111728,-0.065347,,,4396
i,WLS,199707,-6.947847,9.818082,,,4377
i,WLS,199708,3.876018,2.784746,,,4338
i,WLS,199709,-3.903477,-1.453004,,,4346
i,WLS,199710,4.965080,-6.300539,,,4311
i,WLS,199711,-0.303809,0.851955,,,4294
i,WLS,199712,3.051389,-6.030466,,,4277
i,WLS,199801,6.871122,-0.321828,,,4129
i,WLS,199802,3.645513,1.671153,,,4123
i,WLS,199803,0.151962,1.689705,,,4075
i,WLS,199804,-3.095972,0.761410,,,4059
i,WLS,199805,6.481786,-11.470600,,,4079
i,WLS,199806,-0.912832,-5.835970,,,4559
i,WLS,199807,-13.651032,-4.903041,,,4542
i,WLS,199808,7.831511,-2.844278,,,4504
i,WLS,199809,7.132185,0.051651,,,4483
i,WLS,199810,7.792966,-6.183780,,,4419
i,WLS,199811,9.213558,-8.900355,,,4382
i,WLS,199812,6.362257,-8.686250,,,4341
i,WLS,199901,-5.958859,3.831022,,,4195
i,WLS,199902,4.607408,-4.432354,,,4189
i,WLS,199903,-1.452558,19.058077,,,4119
i,WLS,199904,-3.271813,5.984172,,,4066
i,WLS,199905,7.427817,-7.165142,,,4063
i,WLS,199906,-3.389850,2.661303,,,4342
i,WLS,199907,1.689479,-10.925645,,,4321
i,WLS,199908,-1.846327,-3.053164,,,4277
i,WLS,199909,6.850173,-12.626868,,,4248
i,WLS,199910,5.749952,-7.259068,,,4211
i,WLS,199911,10.030812,-7.847769,,,4151
i,WLS,199912,-6.541856,6.789983,,,4123
i,WLS,200001,3.013409,-0.362352,,,4027
i,WLS,200002,6.687177,-3.751467,,,4006
i,WLS,200003,-5.413125,2.970897,,,3962
i,WLS,200004,-4.480591,-2.255384,,,3935
i,WLS,200005,7.746863,-15.103985,,,3918
i,WLS,200006,-5.776610,8.963479,,,4122
i,WLS,200007,7.512416,-6.729512,,,4108
i,WLS,200008,-9.114732,11.053015,,,4057
i,WLS,200009,-3.838715,10.063791,,,4017
i,WLS,200010,-13.651699,15.861290,,,3951
i,WLS,200011,-5.521224,22.732885,,,3899
i,WLS,200012,4.147876,2.795006,,,3859
i,WLS,200101,-15.878218,25.633482,,,3771
i,WLS,200102,-11.330697,15.011431,,,3742
i,WLS,200103,10.814130,-8.507214,,,3700
i,WLS,200104,-0.678153,3.854183,,,3645
i,WLS,200105,-2.104341,-1.020057,,,3614
i,WLS,200106,-2.464231,2.041287,,,3892
i,WLS,200107,-7.639313,4.409061,,,3856
i,WLS,200108,-7.843054,-9.676803,,,3794
i,WLS,200109,4.799320,-5.957110,,,3785
i,WLS,200110,7.812499,2.041861,,,3762
i,WLS,200111,-0.682020,8.417687,,,3716
i,WLS,200112,-0.695206,-0.822047,,,3700
i,WLS,200201,-2.978937,2.943188,,,3611
i,WLS,200202,2.148497,6.720041,,,3591
i,WLS,200203,-8.221190,8.427440,,,3560
i,WLS,200204,-2.022850,3.386982,,,3530
i,WLS,200205,-8.084765,1.628284,,,3521
i,WLS,200206,-4.802657,-13.707266,,,3781
i,WLS,200207,-0.750736,2.221838,,,3761
i,WLS,200208,-10.594020,0.908534,,,3725
i,WLS,200209,10.759415,-10.406880,,,3715
i,WLS,200210,5.379362,6.005430,,,3679
i,WLS,200211,-7.005163,2.356956,,,3657
i,WLS,200212,-2.523999,-1.719423,,,3624
i,WLS,200301,-0.143845,-5.190080,,,3556
i,WLS,200302,2.680190,-6.110970,,,3538
i,WLS,200303,6.647456,2.055913,,,3487
i,WLS,200304,3.702926,9.235054,,,3455
i,WLS,200305,1.419862,0.765335,,,3437
i,WLS,200306,1.640207,1.748192,,,3493
i,WLS,200307,1.276924,7.752867,,,3469
i,WLS,200308,-0.763057,-4.957570,,,3439
i,WLS,200309,4.133399,7.049469,,,3420
i,WLS,200310,0.493385,4.336460,,,3394
i,WLS,200311,3.627802,3.023544,,,3373
i,WLS,200312,1.295791,1.343554,,,3345
i,WLS,200401,0.854672,0.901804,,,3315
i,WLS,200402,-2.092255,2.073325,,,3295
i,WLS,200403,0.744401,-6.530985,,,3280
i,WLS,200404,1.215661,-0.555847,,,3256
i,WLS,200405,1.149960,4.184287,,,3245
i,WLS,200406,-6.675651,5.961681,,,3296
i,WLS,200407,-1.042299,0.356408,,,3286
i,WLS,200408,0.116862,5.327904,,,3268
i,WLS,200409,1.237481,0.977914,,,3266
i,WLS,200410,2.548532,5.723249,,,3248
i,WLS,200411,4.027260,-2.354411,,,3230
i,WLS,200412,-3.767499,2.031511,,,3206
i,WLS,200501,0.561342,5.847979,,,3179
i,WLS,200502,-1.946591,1.094327,,,3170
i,WLS,200503,-1.174023,-5.405489,,,3153
i,WLS,200504,4.027154,-0.391966,,,3133
i,WLS,200505,-2.317905,5.793391,,,3110
i,WLS,200506,4.480722,0.510843,,,3181
i,WLS,200507,-2.593410,3.773015,,,3161
i,WLS,200508,-1.302216,3.949792,,,3128
i,WLS,200509,-0.633539,-5.952205,,,3124
i,WLS,200510,4.202827,-1.600878,,,3099
i,WLS,200511,-1.283685,2.208366,,,3084
i,WLS,200512,0.194198,9.045477,,,3060
i,WLS,200601,0.199152,-2.039375,,,3009
i,WLS,200602,1.025093,2.531004,,,3006
i,WLS,200603,-1.916602,5.426069,,,2982
i,WLS,200604,-4.256321,1.293217,,,2965
i,WLS,200605,-1.383390,2.429446,,,2945
i,WLS,200606,-2.900745,3.639337,,,3100
i,WLS,200607,3.887449,-4.230681,,,3086
i,WLS,200608,2.238936,-1.007309,,,3071
i,WLS,200609,3.189902,0.308495,,,3061
i,WLS,200610,1.241618,1.956975,,,3044
i,WLS,200611,-1.106068,2.945301,,,3026
i,WLS,200612,2.203215,-0.833375,,,3001
i,WLS,200701,-2.687574,1.857896,,,2950
i,WLS,200702,0.085660,2.105082,,,2940
i,WLS,200703,5.083591,-3.316579,,,2916
i,WLS,200704,2.159409,3.839129,,,2894
i,WLS,200705,-1.715232,1.153565,,,2878
i,WLS,200706,-1.059205,-3.712889,,,3019
i,WLS,200707,2.229975,-3.312235,,,3006
i,WLS,200708,4.899927,-3.127222,,,2974
i,WLS,200709,3.866573,-3.891893,,,2965
i,WLS,200710,-3.588884,-2.474558,,,2935
i,WLS,200711,-1.464463,3.808856,,,2905
i,WLS,200712,-8.211361,2.365521,,,2889
i,WLS,200801,-2.527836,3.145196,,,2850
i,WLS,200802,0.379472,-1.328154,,,2850
i,WLS,200803,3.186169,3.075859,,,2830
i,WLS,200804,1.930003,3.188350,,,2805
i,WLS,200805,-6.881887,0.193250,,,2789
i,WLS,200806,0.099334,-5.359480,,,2955
i,WLS,200807,0.818162,3.244444,,,2940
i,WLS,200808,-9.822399,-1.235923,,,2913
i,WLS,200809,-13.854207,-8.954170,,,2904
i,WLS,200810,-6.285696,-1.535429,,,2877
i,WLS,200811,1.928304,0.709674,,,2860
i,WLS,200812,-3.019726,-9.139890,,,2845
i,WLS,200901,-5.863572,-9.848666,,,2806
i,WLS,200902,8.768112,-1.290120,,,2795
i,WLS,200903,5.345662,13.016508,,,2768
i,WLS,200904,4.554142,-0.627153,,,2747
i,WLS,200905,2.381807,-5.601817,,,2738
i,WLS,200906,5.695059,7.475042,,,2842
i,WLS,200907,0.700437,5.662880,,,2831
i,WLS,200908,2.889952,6.387229,,,2818
i,WLS,200909,0.589427,-8.324489,,,2817
i,WLS,200910,7.153799,-4.202805,,,2801
i,WLS,200911,0.915581,7.771893,,,2774
i,WLS,200912,-4.119191,-0.112889,,,2759
i,WLS,201001,2.244598,4.611482,,,2723
i,WLS,201002,4.769994,4.057924,,,2716
i,WLS,201003,-0.082249,7.531225,,,2699
i,WLS,201004,-6.937817,-2.381968,,,2681
i,WLS,201005,-3.395038,-8.108968,,,2679
i,WLS,201006,6.309600,2.199258,,,2733
i,WLS,201007,-3.724483,-1.806954,,,2710
i,WLS,201008,10.474306,-0.200456,,,2693
i,WLS,201009,4.970660,-1.605068,,,2674
i,WLS,201010,0.189187,1.755037,,,2658
i,WLS,201011,4.145746,6.206131,,,2634
i,WLS,201012,1.347415,1.976100,,,2617
i,WLS,201101,1.856009,5.406730,,,2594
i,WLS,201102,0.410692,1.573463,,,2579
i,WLS,201103,4.183946,-2.121937,,,2567
i,WLS,201104,-0.182218,-2.415247,,,2551
i,WLS,201105,-1.195795,-1.194351,,,2537
i,WLS,201106,0.083088,-5.389226,,,2586
i,WLS,201107,-3.833038,-4.652807,,,2577
i,WLS,201108,-5.680816,-4.087051,,,2566
i,WLS,201109,9.507975,4.582853,,,2558
i,WLS,201110,-0.416735,1.894311,,,2548
i,WLS,201111,-0.979291,4.140395,,,2529
i,WLS,201112,7.227280,-5.922445,,,2528
i,WLS,201201,4.657768,-0.890278,,,2493
i,WLS,201202,4.794259,-6.028673,,,2478
i,WLS,201203,-0.277280,-0.644584,,,2465
i,WLS,201204,-6.364249,1.096228,,,2451
i,WLS,201205,2.263358,4.136323,,,2456
i,WLS,201206,0.759372,1.068452,,,2552
i,WLS,201207,2.615020,0.085410,,,2537
i,WLS,201208,1.408508,3.352370,,,2525
i,WLS,201209,-3.729575,3.653763,,,2512
i,WLS,201210,1.726114,-1.641855,,,2494
i,WLS,201211,-1.148424,5.371924,,,2479
i,WLS,201212,3.548134,5.003901,,,2467
i,WLS,201301,0.858526,0.965384,,,2439
i,WLS,201302,3.460174,0.922895,,,2435
i,WLS,201303,2.045301,-2.055529,,,2419
i,WLS,201304,1.961179,1.587413,,,2403
i,WLS,201305,-1.899166,1.330059,,,2401
i,WLS,201306,5.553511,-0.400129,,,2457
i,WLS,201307,-1.615277,-1.894037,,,2445
i,WLS,201308,4.333515,-1.125223,,,2432
i,WLS,201309,3.568087,2.570074,,,2421
i,WLS,201310,3.834168,-2.383977,,,2403
i,WLS,201311,1.988649,1.891607,,,2386
i,WLS,201312,-3.318797,-0.731099,,,2378
i,WLS,201401,5.397855,-1.267448,,,2358
i,WLS,201402,-2.283514,6.471174,,,2345
i,WLS,201403,-0.557138,2.479004,,,2336
i,WLS,201404,2.246266,-0.130122,,,2326
i,WLS,201405,1.069875,3.137315,,,2321
i,WLS,201406,-1.518089,-0.431951,,,2397
i,WLS,201407,5.965873,-4.437789,,,2395
i,WLS,201408,0.136223,-6.074824,,,2386
i,WLS,201409,4.500997,-5.764942,,,2380
i,WLS,201410,4.996521,-5.625685,,,2372
i,WLS,201411,-1.172440,1.663179,,,2362
i,WLS,201412,0.158184,-6.646792,,,2349
i,WLS,201501,6.537428,-0.322034,,,2325
i,WLS,201502,-0.516765,-2.560759,,,2314
i,WLS,201503,-0.885258,4.201264,,,2299
i,WLS,201504,2.636868,-4.070582,,,2294
i,WLS,201505,-0.364494,-4.075350,,,2290
i,WLS,201506,5.228128,-11.276770,,,2403
i,WLS,201507,-6.855843,2.369985,,,2391
i,WLS,201508,-2.000411,-2.655446,,,2380
i,WLS,201509,7.991112,1.565906,,,2372
i,WLS,201510,0.688682,-0.653261,,,2352
i,WLS,201511,-0.140098,-5.552451,,,2345
i,WLS,201512,-6.508512,3.105743,,,2331
i,WLS,201601,-0.184824,1.692099,,,2298
i,WLS,201602,5.816446,3.336142,,,2289
i,WLS,201603,-1.462767,5.453046,,,2276
i,WLS,201604,2.482947,-2.247179,,,2261
i,WLS,201605,-0.638043,3.260182,,,2251
i,WLS,201606,5.338690,-3.440808,,,2401
i,WLS,201607,-0.562035,1.226931,,,2383
i,WLS,201608,0.051686,1.688528,,,2370
i,WLS,201609,-2.509079,-0.730054,,,2353
i,WLS,201610,0.465849,9.819517,,,2341
i,WLS,201611,0.667139,1.828626,,,2322
i,WLS,201612,3.870389,-4.606218,,,2309
i,WLS,201701,5.242527,-5.960512,,,2288
i,WLS,201702,1.688916,-2.969353,,,2276
i,WLS,201703,2.420291,-3.482805,,,2264
i,WLS,201704,3.490107,-6.391675,,,2246
i,WLS,201705,0.132591,-0.530542,,,2239
i,WLS,201706,2.241519,-0.892408,,,2326
i,WLS,201707,1.892791,-4.396011,,,2329
i,WLS,201708,0.809590,4.442214,,,2319
i,WLS,201709,4.241397,-6.453904,,,2306
i,WLS,201710,3.091789,-0.006648,,,2297
i,WLS,201711,0.437738,2.465370,,,2287
i,WLS,201712,8.560252,-8.114411,,,2273
i,WLS,201801,-1.505517,-6.885450,,,2252
i,WLS,201802,-2.951724,2.355141,,,2246
i,WLS,201803,0.201106,0.276261,,,2237
i,WLS,201804,4.108527,-2.107522,,,2230
i,WLS,201805,0.925166,-0.696793,,,2228
i,WLS,201806,3.232706,-1.009424,,,2303
i,WLS,201807,6.924739,-9.188018,,,2296
i,WLS,201808,0.835757,-0.688361,,,2288
i,WLS,201809,-10.183032,5.732947,,,2286
i,WLS,201810,1.820030,-1.714926,,,2277
i,WLS,201811,-7.787798,-4.839134,,,2263
i,WLS,201812,8.120542,1.078809,,,2254
i,WLS,201901,4.723348,-3.169523,,,2236
i,WLS,201902,3.187705,-4.159673,,,2228
i,WLS,201903,4.755223,-3.802235,,,2218
i,WLS,201904,-6.896505,-1.390410,,,2211
i,WLS,201905,7.646673,-0.218079,,,2207
i,WLS,201906,1.339058,-1.136883,,,2324
i,WLS,201907,-0.162429,-7.036525,,,2318
i,WLS,201908,-1.005495,7.479592,,,2314
i,WLS,201909,2.682364,-2.101707,,,2305
i,WLS,201910,5.021573,-4.184925,,,2289
i,WLS,201911,2.619564,0.786551,,,2278
i,WLS,201912,3.755442,-13.295499,,,2261
i,WLS,202001,-6.588439,-4.409393,,,2248
i,WLS,202002,-5.979402,-21.591791,,,2250
i,WLS,202003,14.100029,1.116604,,,2239
i,WLS,202004,6.302498,-2.056376,,,2229
i,WLS,202005,6.127042,-10.976715,,,2218
i,WLS,202006,8.552690,-8.532945,,,2322
i,WLS,202007,11.813147,-13.200137,,,2318
i,WLS,202008,-4.511330,1.914358,,,2312
i,WLS,202009,-4.373399,6.229529,,,2299
i,WLS,202010,9.751761,9.079130,,,2289
i,WLS,202011,5.855749,-4.563430,,,2282
i,WLS,202012,-1.655726,6.515105,,,2272
i,WLS,202101,-1.956029,15.164066,,,2256
i,WLS,202102,0.668053,7.273227,,,2252
i,WLS,202103,6.239933,-5.281192,,,2248
i,WLS,202104,-2.726698,9.473261,,,2234
i,WLS,202105,6.918146,-11.641301,,,2232
i,WLS,202106,3.676762,-6.766314,,,2335
i,WLS,202107,3.758088,-4.210447,,,2335
i,WLS,202108,-5.991116,4.579769,,,2327
i,WLS,202109,9.053485,-9.115865,,,2327
i,WLS,202110,1.607904,-8.004492,,,2321
i,WLS,202111,1.493209,6.930646,,,2309
i,WLS,202112,-10.028564,13.194204,,,2300
i,WLS,202201,-4.722451,7.375182,,,2286
i,WLS,202202,4.227340,-1.640945,,,2288
i,WLS,202203,-11.950643,9.841391,,,2282
i,WLS,202204,-4.687266,13.762712,,,2275
i,WLS,202205,-7.124841,-4.438105,,,2272
i,WLS,202206,13.292651,-12.243120,,,2443
i,WLS,202207,-5.316883,4.490741,,,2436
i,WLS,202208,-9.445900,-0.776638,,,2430
i,WLS,202209,3.908812,14.302707,,,2422
i,WLS,202210,4.209841,1.179237,,,2414
i,WLS,202211,-8.192123,5.531628,,,2404
i,WLS,202212,8.157936,-3.951734,,,2404
i,WLS,202301,0.006089,-8.001146,,,2378
i,WLS,202302,8.018192,-12.723418,,,2365
i,WLS,202303,0.262094,-0.168720,,,2351
i,WLS,202304,5.911356,-18.899740,,,2345
i,WLS,202305,7.539388,-2.742680,,,2344
i,WLS,202306,1.463277,5.564156,,,2603
i,WLS,202307,-1.134795,-3.605985,,,2606
i,WLS,202308,-6.801344,5.682621,,,2593
i,WLS,202309,-1.846651,-6.562235,,,2586
i,WLS,202310,10.161109,-5.191206,,,2570
i,WLS,202311,3.191113,7.160636,,,2554
i,WLS,202312,2.106155,-4.428874,,,2543
i,WLS,202401,6.099252,-1.531286,,,2521
i,WLS,202402,0.675759,7.989688,,,2511
i,WLS,202403,-4.381261,-2.829471,,,2496
i,WLS,202404,6.111537,-7.627723,,,2484
i,WLS,202405,6.998451,-15.445915,,,2474
i,WLS,202406,-1.590332,8.708575,,,2538
i,WLS,202407,2.709310,-6.741797,,,2520
i,WLS,202408,2.492481,-1.828622,,,2510
i,WLS,202409,-1.397505,-0.767408,,,2500
i,WLS,202410,6.040931,-0.645153,,,2486
i,WLS,202411,0.244703,-13.169829,,,2472
i,WLS,202412,0.585550,7.603387,,,2461
ii,OLS,196306,-1.366905,,0.188397,,730
ii,OLS,196307,4.953130,,-0.248206,,743
ii,OLS,196308,-2.613117,,0.880900,,747
ii,OLS,196309,1.400706,,0.919919,,755
ii,OLS,196310,-0.086128,,-1.844182,,761
ii,OLS,196311,0.386632,,-0.200765,,765
ii,OLS,196312,2.189269,,0.545364,,800
ii,OLS,196401,2.596827,,-1.390151,,800
ii,OLS,196402,5.819053,,-5.053891,,801
ii,OLS,196403,-0.298505,,-0.521440,,805
ii,OLS,196404,0.533259,,-0.009936,,807
ii,OLS,196405,1.686628,,-0.269760,,809
ii,OLS,196406,2.505164,,-0.225637,,867
ii,OLS,196407,0.142843,,-1.578671,,873
ii,OLS,196408,4.224639,,-1.174924,,875
ii,OLS,196409,1.848155,,-0.027601,,877
ii,OLS,196410,-1.373004,,2.216062,,880
ii,OLS,196411,-1.956817,,1.866894,,883
ii,OLS,196412,5.777212,,1.052089,,891
ii,OLS,196501,2.811835,,0.511469,,892
ii,OLS,196502,0.945811,,-1.307029,,894
ii,OLS,196503,4.062344,,0.014759,,896
ii,OLS,196504,0.086061,,-0.218029,,901
ii,OLS,196505,-8.410867,,-0.098506,,904
ii,OLS,196506,3.752035,,-2.225245,,962
ii,OLS,196507,3.666176,,1.496910,,968
ii,OLS,196508,4.315695,,-1.746333,,970
ii,OLS,196509,5.933862,,-1.488752,,974
ii,OLS,196510,5.305227,,-2.143028,,979
ii,OLS,196511,4.578589,,-1.725688,,984
ii,OLS,196512,7.242487,,-3.994377,,996
ii,OLS,196601,2.715132,,-1.332741,,1007
ii,OLS,196602,-2.838690,,1.283120,,1012
ii,OLS,196603,4.535202,,-0.647484,,1022
ii,OLS,196604,-10.277819,,2.944109,,1026
ii,OLS,196605,-0.324675,,-0.946938,,1030
ii,OLS,196606,-2.039312,,0.667824,,1082
ii,OLS,196607,-11.179405,,2.275331,,1093
ii,OLS,196608,-3.380958,,1.981307,,1100
ii,OLS,196609,-1.129683,,-0.648273,,1107
ii,OLS,196610,2.948614,,1.957335,,1112
ii,OLS,196611,1.259396,,-0.093237,,1117
ii,OLS,196612,17.971367,,-3.483454,,1126
ii,OLS,196701,2.200066,,2.607180,,1129
ii,OLS,196702,5.849641,,0.172648,,1135
ii,OLS,196703,3.832923,,1.231447,,1150
ii,OLS,196704,-0.898389,,-1.000320,,1162
ii,OLS,196705,8.161731,,-0.693484,,1166
ii,OLS,196706,8.638128,,-0.793426,,1317
ii,OLS,196707,0.107907,,-0.188255,,1323
ii,OLS,196708,4.871673,,2.649594,,1321
ii,OLS,196709,-3.261416,,1.483778,,1328
ii,OLS,196710,-0.619168,,0.663193,,1335
ii,OLS,196711,8.162038,,-1.895595,,1336
ii,OLS,196712,1.771078,,-1.982708,,1344
ii,OLS,196801,-6.739090,,1.086377,,1341
ii,OLS,196802,-1.540441,,0.963290,,1344
ii,OLS,196803,13.886994,,1.431070,,1345
ii,OLS,196804,8.670141,,0.405357,,1346
ii,OLS,196805,1.131392,,-1.464676,,1348
ii,OLS,196806,-2.614715,,-2.752589,,1394
ii,OLS,196807,3.234195,,0.140024,,1403
ii,OLS,196808,7.315684,,-0.946065,,1404
ii,OLS,196809,-0.530690,,1.597077,,1412
ii,OLS,196810,6.891261,,-0.680053,,1418
ii,OLS,196811,1.521204,,-3.292558,,1423
ii,OLS,196812,-0.797640,,-1.298187,,1435
ii,OLS,196901,-10.487770,,2.905824,,1437
ii,OLS,196902,1.422874,,0.647314,,1439
ii,OLS,196903,-1.495045,,2.151712,,1450
ii,OLS,196904,0.189084,,-0.428814,,1457
ii,OLS,196905,-13.666496,,3.471240,,1458
ii,OLS,196906,-11.588562,,2.239717,,1526
ii,OLS,196907,3.477120,,2.622878,,1532
ii,OLS,196908,-4.133067,,2.491119,,1537
ii,OLS,196909,8.096436,,1.947402,,1547
ii,OLS,196910,-7.905256,,3.620715,,1554
ii,OLS,196911,-9.876410,,5.032342,,1557
ii,OLS,196912,-4.503967,,-0.337500,,1572
ii,OLS,197001,4.658317,,-2.956362,,1573
ii,OLS,197002,-2.593148,,-1.157981,,1580
ii,OLS,197003,-17.640253,,1.333651,,1593
ii,OLS,197004,-9.078227,,-1.416863,,1598
ii,OLS,197005,-9.565497,,2.542582,,1596
ii,OLS,197006,5.085932,,0.406643,,1660
ii,OLS,197007,6.876224,,-1.878997,,1664
ii,OLS,197008,14.111474,,-1.921637,,1663
ii,OLS,197009,-8.499402,,3.175745,,1667
ii,OLS,197010,-1.597125,,2.069063,,1672
ii,OLS,197011,5.658152,,5.216171,,1664
ii,OLS,197012,16.627684,,-5.610841,,1665
ii,OLS,197101,3.691311,,2.126376,,1667
ii,OLS,197102,3.866396,,3.675777,,1664
ii,OLS,197103,3.508503,,-1.035671,,1663
ii,OLS,197104,-6.937461,,2.946684,,1662
ii,OLS,197105,-4.217988,,3.610323,,1660
ii,OLS,197106,-7.281928,,1.512307,,1700
ii,OLS,197107,4.667800,,-0.668847,,1703
ii,OLS,197108,-3.169698,,4.141263,,1707
ii,OLS,197109,-8.787954,,3.942331,,1715
ii,OLS,197110,-4.445659,,1.548504,,1721
ii,OLS,197111,12.372894,,-0.188750,,1723
ii,OLS,197112,14.271919,,-6.621092,,1730
ii,OLS,197201,4.078187,,1.147117,,1730
ii,OLS,197202,-1.666302,,2.472197,,1734
ii,OLS,197203,0.520026,,-0.856435,,1738
ii,OLS,197204,-3.232273,,1.986949,,1738
ii,OLS,197205,-3.862271,,0.219604,,1741
ii,OLS,197206,-2.609352,,-1.597587,,1788
ii,OLS,197207,2.357982,,-3.173429,,1794
ii,OLS,197208,-4.527405,,1.270340,,1794
ii,OLS,197209,-1.843428,,-1.037347,,1799
ii,OLS,197210,4.614504,,0.064212,,1801
ii,OLS,197211,-2.533304,,0.263229,,1806
ii,OLS,197212,-2.388818,,-4.207847,,1820
ii,OLS,197301,-6.982144,,-2.365293,,1819
ii,OLS,197302,-1.022733,,-4.115309,,1820
ii,OLS,197303,-5.865646,,-4.294273,,1827
ii,OLS,197304,-9.701396,,0.375588,,1827
ii,OLS,197305,-3.313022,,-1.579765,,1821
ii,OLS,197306,11.888521,,2.299633,,2324
ii,OLS,197307,-4.431309,,-2.120348,,2383
ii,OLS,197308,9.684107,,-2.149208,,2402
ii,OLS,197309,2.432154,,-5.464329,,2478
ii,OLS,197310,-17.655251,,-4.867056,,2519
ii,OLS,197311,-1.897387,,-5.125523,,2556
ii,OLS,197312,15.756710,,-3.771901,,2672
ii,OLS,197401,1.039930,,-1.730956,,2711
ii,OLS,197402,-0.902552,,2.809135,,2741
ii,OLS,197403,-5.880720,,0.703831,,2818
ii,OLS,197404,-9.117783,,3.243299,,2866
ii,OLS,197405,-1.694087,,-2.344043,,2879
ii,OLS,197406,-4.386814,,-2.910399,,2903
ii,OLS,197407,-6.997350,,-2.830487,,2910
ii,OLS,197408,-9.390308,,-1.180039,,2909
ii,OLS,197409,11.473903,,-3.281906,,2913
ii,OLS,197410,-5.789207,,-0.379846,,2905
ii,OLS,197411,-8.621069,,-0.418770,,2904
ii,OLS,197412,29.674852,,0.876579,,2915
ii,OLS,197501,5.352015,,0.474752,,2910
ii,OLS,197502,7.558137,,4.420972,,2906
ii,OLS,197503,4.062660,,0.556300,,2917
ii,OLS,197504,7.519787,,0.485640,,2925
ii,OLS,197505,8.451317,,-1.787090,,2924
ii,OLS,197506,-0.998601,,-0.769547,,2980
ii,OLS,197507,-5.848901,,0.612637,,2977
ii,OLS,197508,-4.924129,,1.720597,,2975
ii,OLS,197509,-0.652011,,4.678340,,2973
ii,OLS,197510,-0.445025,,4.799771,,2969
ii,OLS,197511,-0.207732,,-2.034231,,2962
ii,OLS,197512,23.843930,,-4.701614,,2964
ii,OLS,197601,11.971333,,-1.829141,,2959
ii,OLS,197602,0.874868,,1.457264,,2954
ii,OLS,197603,-1.128770,,-0.826305,,2941
ii,OLS,197604,-1.530257,,-2.376405,,2932
ii,OLS,197605,3.814129,,-2.134696,,2923
ii,OLS,197606,-1.080551,,0.713326,,2949
ii,OLS,197607,-3.566600,,1.687186,,2943
ii,OLS,197608,1.699427,,-0.510333,,2938
ii,OLS,197609,-2.761864,,-0.705750,,2943
ii,OLS,197610,2.380059,,-0.190018,,2939
ii,OLS,197611,10.211315,,-0.831331,,2933
ii,OLS,197612,4.678526,,-3.208459,,2934
ii,OLS,197701,-0.590064,,-0.028275,,2920
ii,OLS,197702,1.401506,,-1.323388,,2923
ii,OLS,197703,2.177868,,-2.066090,,2922
ii,OLS,197704,-0.648913,,0.868956,,2923
ii,OLS,197705,5.575475,,-0.026396,,2910
ii,OLS,197706,-0.921086,,1.710933,,2957
ii,OLS,197707,-3.132030,,3.719505,,2960
ii,OLS,197708,0.236524,,0.870620,,2947
ii,OLS,197709,-3.914527,,1.360981,,2946
ii,OLS,197710,6.961264,,0.859677,,2939
ii,OLS,197711,1.387026,,0.414803,,2926
ii,OLS,197712,-1.334853,,-1.950392,,2928
ii,OLS,197801,1.069094,,1.899705,,2905
ii,OLS,197802,6.896074,,-0.212807,,2897
ii,OLS,197803,7.979110,,0.984201,,2890
ii,OLS,197804,6.378728,,1.916663,,2879
ii,OLS,197805,0.095323,,-0.568698,,2855
ii,OLS,197806,5.411647,,-0.464684,,2866
ii,OLS,197807,7.928182,,2.690136,,2863
ii,OLS,197808,0.930902,,-3.318997,,2849
ii,OLS,197809,-20.852569,,-0.835345,,2840
ii,OLS,197810,3.789328,,2.511849,,2836
ii,OLS,197811,0.072976,,0.795155,,2822
ii,OLS,197812,10.552380,,-2.020887,,2825
ii,OLS,197901,-2.704847,,-1.469541,,2810
ii,OLS,197902,9.953357,,-3.626845,,2807
ii,OLS,197903,2.952894,,-2.101583,,2823
ii,OLS,197904,-2.045403,,-0.338106,,2824
ii,OLS,197905,7.092305,,-6.129981,,2813
ii,OLS,197906,1.216688,,0.266533,,2862
ii,OLS,197907,6.594663,,1.658447,,2863
ii,OLS,197908,0.062939,,-2.004788,,2855
ii,OLS,197909,-10.872451,,0.550832,,2852
ii,OLS,197910,6.727262,,-1.342403,,2849
ii,OLS,197911,7.174100,,-2.675898,,2844
ii,OLS,197912,14.045626,,-8.464996,,2874
ii,OLS,198001,-0.566380,,-2.544179,,2858
ii,OLS,198002,-20.485371,,4.929347,,2857
ii,OLS,198003,3.233534,,-0.203870,,2875
ii,OLS,198004,5.358370,,2.172190,,2875
ii,OLS,198005,3.688885,,-0.817252,,2863
ii,OLS,198006,8.176854,,3.897470,,2985
ii,OLS,198007,6.548024,,0.841999,,3002
ii,OLS,198008,4.509368,,-0.886223,,3001
ii,OLS,198009,3.704096,,-1.230259,,3008
ii,OLS,198010,9.113319,,-5.356034,,3016
ii,OLS,198011,-7.361932,,4.390029,,3017
ii,OLS,198012,-1.230166,,0.953500,,3026
ii,OLS,198101,-0.350705,,-0.032690,,3011
ii,OLS,198102,5.887741,,2.305481,,3002
ii,OLS,198103,-1.114773,,6.526376,,2999
ii,OLS,198104,1.093310,,2.178711,,2988
ii,OLS,198105,-4.208995,,3.009049,,2985
ii,OLS,198106,-1.719430,,-3.430287,,3083
ii,OLS,198107,-9.813280,,0.948909,,3075
ii,OLS,198108,-12.993639,,5.775795,,3069
ii,OLS,198109,6.194488,,0.074073,,3092
ii,OLS,198110,-1.173443,,2.778854,,3090
ii,OLS,198111,-5.254879,,4.679790,,3098
ii,OLS,198112,-3.763819,,2.371592,,3126
ii,OLS,198201,-8.356138,,5.348352,,3131
ii,OLS,198202,-4.793735,,5.213286,,3138
ii,OLS,198203,3.227895,,2.647789,,3170
ii,OLS,198204,-4.744120,,2.312130,,3166
ii,OLS,198205,-6.606203,,4.835070,,3165
ii,OLS,198206,-6.194785,,6.594260,,3306
ii,OLS,198207,5.305748,,0.259773,,3314
ii,OLS,198208,-0.899172,,6.174818,,3317
ii,OLS,198209,12.626997,,0.951767,,3341
ii,OLS,198210,4.459828,,9.256245,,3344
ii,OLS,198211,0.974079,,2.048976,,3346
ii,OLS,198212,17.141152,,-11.066558,,3381
ii,OLS,198301,0.696191,,8.392724,,3365
ii,OLS,198302,3.926955,,1.094817,,3364
ii,OLS,198303,7.072402,,-0.130634,,3367
ii,OLS,198304,13.200593,,-6.660878,,3359
ii,OLS,198305,5.078225,,0.343803,,3345
ii,OLS,198306,-2.368323,,-1.326448,,3411
ii,OLS,198307,-4.816478,,0.540382,,3404
ii,OLS,198308,-2.510018,,3.675084,,3396
ii,OLS,198309,-7.539534,,0.793756,,3403
ii,OLS,198310,0.271254,,4.743247,,3391
ii,OLS,198311,-4.064221,,1.951758,,3389
ii,OLS,198312,2.084504,,-5.238221,,3414
ii,OLS,198401,-5.896356,,-1.936980,,3402
ii,OLS,198402,-0.255967,,0.695024,,3389
ii,OLS,198403,-4.460180,,3.285984,,3413
ii,OLS,198404,-6.831470,,2.209925,,3423
ii,OLS,198405,-1.454189,,5.007942,,3424
ii,OLS,198406,-8.607085,,4.835559,,3613
ii,OLS,198407,7.442566,,3.247375,,3632
ii,OLS,198408,-1.928740,,0.274027,,3623
ii,OLS,198409,-6.421331,,4.776484,,3642
ii,OLS,198410,-7.099620,,4.235409,,3631
ii,OLS,198411,-2.377548,,4.089155,,3623
ii,OLS,198412,12.207053,,0.518096,,3671
ii,OLS,198501,5.002986,,-0.721728,,3666
ii,OLS,198502,-2.430534,,-0.300173,,3656
ii,OLS,198503,-3.938957,,2.067631,,3675
ii,OLS,198504,-0.438386,,4.277625,,3671
ii,OLS,198505,-2.657976,,3.695233,,3648
ii,OLS,198506,1.512279,,-0.121085,,3756
ii,OLS,198507,-1.527817,,-0.073702,,3742
ii,OLS,198508,-8.755274,,3.967787,,3720
ii,OLS,198509,-1.872867,,5.130461,,3716
ii,OLS,198510,2.472051,,4.703525,,3701
ii,OLS,198511,-0.475858,,4.877410,,3680
ii,OLS,198512,4.190476,,-2.048788,,3689
ii,OLS,198601,4.172768,,2.431334,,3668
ii,OLS,198602,2.771664,,2.846467,,3657
ii,OLS,198603,-0.436392,,2.399094,,3654
ii,OLS,198604,2.455701,,1.743651,,3678
ii,OLS,198605,-1.008421,,1.701277,,3656
ii,OLS,198606,-9.167964,,0.332800,,3755
ii,OLS,198607,1.859768,,-1.046236,,3744
ii,OLS,198608,-5.690173,,-1.266268,,3731
ii,OLS,198609,1.046940,,2.829142,,3736
ii,OLS,198610,-3.728317,,6.197671,,3704
ii,OLS,198611,-5.635918,,3.268799,,3669
ii,OLS,198612,13.636466,,-3.197437,,3657
ii,OLS,198701,8.326424,,-0.201834,,3641
ii,OLS,198702,6.401869,,-6.007992,,3638
ii,OLS,198703,-1.071171,,-2.108087,,3664
ii,OLS,198704,1.760015,,-2.341453,,3667
ii,OLS,198705,1.371739,,1.706804,,3661
ii,OLS,198706,5.113701,,-2.571417,,3853
ii,OLS,198707,-1.866564,,5.523105,,3863
ii,OLS,198708,-2.859459,,2.479296,,3846
ii,OLS,198709,-31.561106,,2.349985,,3867
ii,OLS,198710,-6.267412,,0.103581,,3854
ii,OLS,198711,-0.402117,,8.409343,,3835
ii,OLS,198712,9.909737,,-5.386383,,3861
ii,OLS,198801,5.093871,,3.963397,,3839
ii,OLS,198802,4.352883,,-0.209512,,3808
ii,OLS,198803,1.136975,,0.771148,,3811
ii,OLS,198804,-3.718602,,2.308716,,3802
ii,OLS,198805,3.536094,,3.084943,,3773
ii,OLS,198806,-0.315354,,-0.813703,,3966
ii,OLS,198807,-4.239184,,2.175933,,3960
ii,OLS,198808,-0.171019,,3.198982,,3928
ii,OLS,198809,-3.916947,,3.186657,,3962
ii,OLS,198810,-5.464742,,1.161853,,3943
ii,OLS,198811,0.705847,,2.868198,,3908
ii,OLS,198812,7.098091,,-1.714442,,3899
ii,OLS,198901,-0.613473,,0.763735,,3880
ii,OLS,198902,0.453814,,1.847736,,3854
ii,OLS,198903,1.706409,,2.668312,,3844
ii,OLS,198904,1.169704,,2.491164,,3821
ii,OLS,198905,-2.249114,,-0.285709,,3788
ii,OLS,198906,1.226142,,1.888240,,3869
ii,OLS,198907,1.170992,,-0.370856,,3849
ii,OLS,198908,-1.260537,,1.653895,,3828
ii,OLS,198909,-5.981477,,-0.250811,,3812
ii,OLS,198910,-0.947206,,-1.974192,,3791
ii,OLS,198911,-2.458683,,1.908449,,3771
ii,OLS,198912,-4.043491,,-3.334248,,3772
ii,OLS,199001,2.483031,,-0.982596,,3749
ii,OLS,199002,1.850972,,2.619552,,3731
ii,OLS,199003,-2.221553,,-0.832284,,3732
ii,OLS,199004,3.798623,,2.622545,,3713
ii,OLS,199005,-0.108767,,0.548229,,3675
ii,OLS,199006,-1.385165,,-4.281533,,3779
ii,OLS,199007,-10.901940,,-3.708785,,3763
ii,OLS,199008,-8.078142,,-1.427926,,3743
ii,OLS,199009,-7.205780,,1.388468,,3746
ii,OLS,199010,2.186714,,3.008264,,3727
ii,OLS,199011,-4.232267,,7.030268,,3708
ii,OLS,199012,8.648565,,2.068514,,3722
ii,OLS,199101,14.176433,,-1.793639,,3704
ii,OLS,199102,7.882475,,1.577232,,3695
ii,OLS,199103,1.695537,,1.708235,,3688
ii,OLS,199104,1.612890,,2.438927,,3661
ii,OLS,199105,-4.394893,,0.641758,,3648
ii,OLS,199106,3.590096,,-1.228756,,3776
ii,OLS,199107,0.379896,,4.273573,,3749
ii,OLS,199108,1.037363,,-1.194348,,3730
ii,OLS,199109,2.241966,,-0.093810,,3740
ii,OLS,199110,-3.035111,,0.461662,,3722
ii,OLS,199111,1.114615,,4.339554,,3703
ii,OLS,199112,18.679926,,-5.625611,,3694
ii,OLS,199201,4.168428,,2.465738,,3680
ii,OLS,199202,-1.664431,,-0.311774,,3654
ii,OLS,199203,-4.883755,,-0.229912,,3657
ii,OLS,199204,0.337521,,-1.698463,,3642
ii,OLS,199205,-5.141446,,-0.999346,,3588
ii,OLS,199206,2.208037,,-1.259846,,3766
ii,OLS,199207,-4.594268,,2.525311,,3737
ii,OLS,199208,1.739024,,-1.179710,,3713
ii,OLS,199209,-0.093019,,4.249979,,3724
ii,OLS,199210,4.898745,,5.348164,,3701
ii,OLS,199211,1.406062,,3.077345,,3699
ii,OLS,199212,7.415033,,-2.343367,,3736
ii,OLS,199301,-1.371280,,-1.887584,,3726
ii,OLS,199302,2.666908,,-0.952847,,3730
ii,OLS,199303,-0.158322,,-4.317211,,3747
ii,OLS,199304,5.829564,,-1.271504,,3745
ii,OLS,199305,2.110984,,-2.295189,,3737
ii,OLS,199306,0.732823,,-1.096887,,3987
ii,OLS,199307,4.593136,,-1.415680,,3993
ii,OLS,199308,2.519593,,-0.103128,,3992
ii,OLS,199309,5.268631,,-1.310370,,4015
ii,OLS,199310,-4.995250,,5.128274,,4013
ii,OLS,199311,-0.510660,,2.727861,,4002
ii,OLS,199312,7.440291,,-4.325029,,4014
ii,OLS,199401,-2.197709,,3.421183,,4001
ii,OLS,199402,-5.308189,,0.814131,,3974
ii,OLS,199403,-3.954162,,3.437000,,3999
ii,OLS,199404,0.112676,,-2.003123,,3995
ii,OLS,199405,-4.770961,,1.382602,,3977
ii,OLS,199406,0.878933,,0.517340,,4364
ii,OLS,199407,2.107097,,3.739468,,4377
ii,OLS,199408,-0.458371,,2.376723,,4355
ii,OLS,199409,-2.322969,,4.993668,,4375
ii,OLS,199410,-6.868804,,4.758571,,4363
ii,OLS,199411,-3.711355,,3.232015,,4342
ii,OLS,199412,3.594299,,-1.899075,,4362
ii,OLS,199501,1.753912,,1.771958,,4361
ii,OLS,199502,1.086728,,1.209790,,4343
ii,OLS,199503,1.383431,,1.225886,,4352
ii,OLS,199504,1.655970,,-1.139418,,4338
ii,OLS,199505,5.073650,,0.685481,,4309
ii,OLS,199506,5.154969,,1.380770,,4604
ii,OLS,199507,4.390270,,-3.335701,,4596
ii,OLS,199508,1.924866,,0.671107,,4569
ii,OLS,199509,-7.474454,,2.386552,,4597
ii,OLS,199510,0.325292,,0.950582,,4579
ii,OLS,199511,2.376983,,-4.544083,,4560
ii,OLS,199512,6.118250,,-6.852354,,4564
ii,OLS,199601,3.795078,,0.321570,,4535
ii,OLS,199602,2.382272,,1.304093,,4512
ii,OLS,199603,5.245250,,3.490887,,4523
ii,OLS,199604,7.489112,,1.077701,,4510
ii,OLS,199605,-4.540168,,-0.212904,,4481
ii,OLS,199606,-12.337798,,3.498940,,4833
ii,OLS,199607,3.700893,,0.638320,,4819
ii,OLS,199608,2.248527,,0.530754,,4778
ii,OLS,199609,-4.975077,,2.254950,,4794
ii,OLS,199610,0.266510,,2.973298,,4779
ii,OLS,199611,-2.591229,,1.881461,,4765
ii,OLS,199612,9.311575,,-4.983505,,4771
ii,OLS,199701,-3.748290,,1.160126,,4741
ii,OLS,199702,-6.757552,,1.183761,,4713
ii,OLS,199703,-4.832526,,3.345821,,4715
ii,OLS,199704,8.142099,,3.098021,,4695
ii,OLS,199705,2.257197,,2.054350,,4669
ii,OLS,199706,3.198221,,2.458866,,5203
ii,OLS,199707,3.221401,,0.616219,,5186
ii,OLS,199708,10.007693,,-3.780087,,5143
ii,OLS,199709,-2.966073,,-0.655848,,5148
ii,OLS,199710,-6.865857,,6.575932,,5122
ii,OLS,199711,-8.038328,,4.561352,,5093
ii,OLS,199712,2.388819,,-1.400704,,5058
ii,OLS,199801,4.420124,,3.548298,,5020
ii,OLS,199802,3.797857,,1.192866,,4982
ii,OLS,199803,1.331774,,1.797676,,4942
ii,OLS,199804,-6.502643,,1.991991,,4914
ii,OLS,199805,-6.698185,,6.006959,,4875
ii,OLS,199806,-7.841918,,2.302106,,5192
ii,OLS,199807,-24.761336,,5.987401,,5154
ii,OLS,199808,5.186454,,-1.977050,,5114
ii,OLS,199809,2.290203,,2.778226,,5075
ii,OLS,199810,7.434221,,3.051471,,4986
ii,OLS,199811,-1.737761,,7.542518,,4945
ii,OLS,199812,10.929875,,-4.661758,,4887
ii,OLS,199901,-7.095392,,1.574173,,4831
ii,OLS,199902,0.042212,,-3.416142,,4777
ii,OLS,199903,9.589327,,-1.845303,,4718
ii,OLS,199904,2.642715,,2.735750,,4657
ii,OLS,199905,2.844364,,2.227596,,4613
ii,OLS,199906,1.180847,,-0.704613,,4808
ii,OLS,199907,-3.966127,,0.408112,,4771
ii,OLS,199908,-2.827098,,2.006950,,4717
ii,OLS,199909,-3.300288,,3.714438,,4668
ii,OLS,199910,10.683750,,1.376471,,4624
ii,OLS,199911,12.504385,,-4.127852,,4552
ii,OLS,199912,13.220063,,-11.861938,,4518
ii,OLS,200001,24.875067,,-15.391782,,4474
ii,OLS,200002,-2.987318,,6.542053,,4432
ii,OLS,200003,-12.499099,,4.196638,,4397
ii,OLS,200004,-7.891548,,0.483005,,4372
ii,OLS,200005,11.815086,,-6.286397,,4332
ii,OLS,200006,-5.167501,,2.743120,,4642
ii,OLS,200007,6.999288,,-1.279100,,4624
ii,OLS,200008,-8.146514,,4.238386,,4568
ii,OLS,200009,-11.984386,,7.852735,,4545
ii,OLS,200010,-20.833985,,11.442156,,4482
ii,OLS,200011,-3.905745,,0.577981,,4421
ii,OLS,200012,32.323249,,-6.361978,,4380
ii,OLS,200101,-14.405347,,9.700746,,4319
ii,OLS,200102,-12.024247,,6.386708,,4278
ii,OLS,200103,8.657534,,-0.925246,,4249
ii,OLS,200104,7.381897,,-0.970805,,4174
ii,OLS,200105,-2.801945,,6.981664,,4106
ii,OLS,200106,-9.596046,,10.040306,,4408
ii,OLS,200107,-8.889572,,7.296501,,4365
ii,OLS,200108,-18.928897,,6.307824,,4296
ii,OLS,200109,12.462045,,-3.535229,,4285
ii,OLS,200110,8.587171,,0.912085,,4255
ii,OLS,200111,7.209208,,-0.112031,,4199
ii,OLS,200112,-3.342492,,10.444079,,4168
ii,OLS,200201,-9.208713,,8.092834,,4132
ii,OLS,200202,8.124932,,1.444717,,4091
ii,OLS,200203,-7.341290,,11.206936,,4054
ii,OLS,200204,-6.603163,,6.396348,,4021
ii,OLS,200205,-12.330865,,7.057342,,3981
ii,OLS,200206,-12.888995,,-0.961096,,4046
ii,OLS,200207,-2.182221,,3.350566,,4009
ii,OLS,200208,-12.276289,,4.294037,,3962
ii,OLS,200209,4.440138,,1.652381,,3938
ii,OLS,200210,19.591443,,-8.233746,,3888
ii,OLS,200211,-9.062526,,4.481946,,3861
ii,OLS,200212,-0.358290,,-0.011249,,3821
ii,OLS,200301,-4.481071,,2.739261,,3783
ii,OLS,200302,0.353364,,1.331622,,3747
ii,OLS,200303,12.823002,,-4.343873,,3698
ii,OLS,200304,24.305840,,-16.225942,,3666
ii,OLS,200305,5.254785,,1.376536,,3633
ii,OLS,200306,5.198101,,5.403353,,3663
ii,OLS,200307,5.952326,,-0.361768,,3641
ii,OLS,200308,4.520053,,-4.181162,,3609
ii,OLS,200309,6.728472,,4.775220,,3589
ii,OLS,200310,2.580531,,2.811202,,3564
ii,OLS,200311,7.086941,,-6.979443,,3537
ii,OLS,200312,10.368833,,-4.433514,,3501
ii,OLS,200401,-0.396092,,2.421012,,3483
ii,OLS,200402,-1.066460,,2.246937,,3465
ii,OLS,200403,-3.617626,,1.344241,,3450
ii,OLS,200404,-1.410269,,2.346125,,3431
ii,OLS,200405,2.229214,,1.012986,,3413
ii,OLS,200406,-8.612929,,1.457551,,3468
ii,OLS,200407,-1.721791,,-1.470677,,3457
ii,OLS,200408,4.403807,,-0.061386,,3442
ii,OLS,200409,0.469062,,2.087011,,3451
ii,OLS,200410,9.582489,,-0.164217,,3430
ii,OLS,200411,7.012911,,-0.491824,,3412
ii,OLS,200412,-5.892031,,3.571731,,3390
ii,OLS,200501,1.257720,,-0.438521,,3374
ii,OLS,200502,-6.922846,,7.063839,,3362
ii,OLS,200503,-7.283251,,0.979661,,3351
ii,OLS,200504,4.586244,,1.219708,,3329
ii,OLS,200505,2.573172,,0.745667,,3304
ii,OLS,200506,9.088925,,-3.729954,,3457
ii,OLS,200507,-0.917001,,-1.223081,,3436
ii,OLS,200508,1.137777,,-1.348291,,3401
ii,OLS,200509,-5.945980,,3.470918,,3383
ii,OLS,200510,2.174592,,2.829639,,3357
ii,OLS,200511,0.103130,,0.996440,,3338
ii,OLS,200512,12.239168,,-7.070612,,3318
ii,OLS,200601,-0.554205,,1.156890,,3289
ii,OLS,200602,4.203259,,0.419732,,3268
ii,OLS,200603,-0.582551,,1.767832,,3254
ii,OLS,200604,-7.294827,,1.859972,,3238
ii,OLS,200605,-2.792461,,2.024507,,3222
ii,OLS,200606,-6.484841,,3.470883,,3362
ii,OLS,200607,2.794730,,-1.586450,,3348
ii,OLS,200608,-3.115680,,7.057360,,3334
ii,OLS,200609,5.962941,,-1.676835,,3333
ii,OLS,200610,3.077740,,-1.431476,,3314
ii,OLS,200611,-0.027367,,1.864613,,3294
ii,OLS,200612,2.050881,,1.310786,,3271
ii,OLS,200701,0.471369,,-0.664310,,3235
ii,OLS,200702,-0.607550,,1.471962,,3216
ii,OLS,200703,3.743217,,-2.012244,,3197
ii,OLS,200704,1.553701,,1.696913,,3172
ii,OLS,200705,-1.320370,,1.034863,,3147
ii,OLS,200706,-5.810650,,1.716163,,3289
ii,OLS,200707,-1.778872,,-0.802385,,3272
ii,OLS,200708,2.244698,,-1.997486,,3243
ii,OLS,200709,1.662267,,-0.158657,,3232
ii,OLS,200710,-11.366791,,3.807406,,3207
ii,OLS,200711,-1.604525,,0.519654,,3172
ii,OLS,200712,-6.804920,,0.017412,,3159
ii,OLS,200801,-0.953154,,-2.060136,,3143
ii,OLS,200802,-4.370199,,2.835236,,3130
ii,OLS,200803,3.142488,,-0.624087,,3112
ii,OLS,200804,5.820231,,-2.538848,,3086
ii,OLS,200805,-8.438887,,-0.070861,,3060
ii,OLS,200806,-0.461456,,1.113166,,3224
ii,OLS,200807,-1.302043,,6.961100,,3207
ii,OLS,200808,-18.023297,,8.916252,,3178
ii,OLS,200809,-25.830431,,4.468089,,3170
ii,OLS,200810,-16.015974,,1.894650,,3140
ii,OLS,200811,3.209899,,1.119257,,3119
ii,OLS,200812,1.887164,,-7.731070,,3104
ii,OLS,200901,-15.032150,,7.438965,,3084
ii,OLS,200902,17.587931,,-8.012090,,3063
ii,OLS,200903,23.981608,,0.130351,,3039
ii,OLS,200904,18.933420,,-16.339514,,3015
ii,OLS,200905,3.482582,,2.029062,,2987
ii,OLS,200906,11.491334,,-2.668533,,3029
ii,OLS,200907,8.681933,,-2.705372,,3008
ii,OLS,200908,11.700441,,-5.226968,,2991
ii,OLS,200909,-10.266694,,8.010551,,2981
ii,OLS,200910,3.249136,,-1.244028,,2967
ii,OLS,200911,8.031436,,-0.791553,,2937
ii,OLS,200912,-1.796474,,-0.271592,,2919
ii,OLS,201001,3.310629,,2.303052,,2903
ii,OLS,201002,7.401264,,2.108603,,2880
ii,OLS,201003,8.945731,,-2.957682,,2861
ii,OLS,201004,-10.841005,,5.326455,,2843
ii,OLS,201005,-9.784346,,4.054064,,2831
ii,OLS,201006,8.315893,,-3.964178,,2903
ii,OLS,201007,-8.110164,,2.519094,,2878
ii,OLS,201008,11.582423,,1.729169,,2862
ii,OLS,201009,5.142836,,-0.355825,,2846
ii,OLS,201010,2.231160,,1.333376,,2827
ii,OLS,201011,11.413194,,-5.814730,,2801
ii,OLS,201012,2.891396,,-2.267180,,2785
ii,OLS,201101,4.460419,,0.509052,,2772
ii,OLS,201102,1.110991,,1.377740,,2754
ii,OLS,201103,0.335375,,2.664856,,2739
ii,OLS,201104,-3.877281,,3.894687,,2715
ii,OLS,201105,-4.632503,,4.157747,,2693
ii,OLS,201106,-3.185124,,1.051348,,2767
ii,OLS,201107,-12.616565,,5.032336,,2757
ii,OLS,201108,-15.552120,,7.909608,,2746
ii,OLS,201109,15.660506,,-4.162773,,2740
ii,OLS,201110,-3.073707,,2.119601,,2726
ii,OLS,201111,-2.246255,,3.653307,,2705
ii,OLS,201112,13.041834,,-6.223697,,2692
ii,OLS,201201,4.333122,,-0.828150,,2676
ii,OLS,201202,0.344795,,4.095206,,2661
ii,OLS,201203,-2.690013,,1.786848,,2649
ii,OLS,201204,-9.631606,,3.172812,,2636
ii,OLS,201205,4.863597,,-1.925893,,2626
ii,OLS,201206,-0.575878,,-1.678589,,2698
ii,OLS,201207,2.590365,,0.621633,,2685
ii,OLS,201208,4.761449,,-1.785440,,2667
ii,OLS,201209,-3.299932,,1.113492,,2651
ii,OLS,201210,0.185035,,0.700423,,2633
ii,OLS,201211,2.213909,,0.723019,,2621
ii,OLS,201212,8.080505,,-2.047124,,2602
ii,OLS,201301,0.434507,,0.345034,,2590
ii,OLS,201302,4.095083,,0.688801,,2580
ii,OLS,201303,-1.535997,,2.470794,,2567
ii,OLS,201304,5.641168,,-0.568308,,2549
ii,OLS,201305,-2.122845,,3.315420,,2540
ii,OLS,201306,8.481525,,-1.619645,,2611
ii,OLS,201307,-1.887312,,0.370030,,2603
ii,OLS,201308,7.810473,,-2.690907,,2589
ii,OLS,201309,0.222785,,4.828525,,2581
ii,OLS,201310,4.418509,,-0.058737,,2566
ii,OLS,201311,4.871770,,-3.315131,,2547
ii,OLS,201312,4.298006,,-7.885869,,2540
ii,OLS,201401,6.902728,,-3.524720,,2526
ii,OLS,201402,-0.550734,,0.305915,,2510
ii,OLS,201403,-5.173168,,2.131265,,2505
ii,OLS,201404,0.521787,,-0.877369,,2497
ii,OLS,201405,6.761414,,-4.560334,,2486
ii,OLS,201406,-6.649931,,3.261365,,2618
ii,OLS,201407,3.798720,,0.826348,,2615
ii,OLS,201408,-9.064440,,7.507191,,2609
ii,OLS,201409,-0.937672,,6.523061,,2604
ii,OLS,201410,-2.945907,,5.589316,,2590
ii,OLS,201411,-1.127147,,5.122168,,2580
ii,OLS,201412,-2.841573,,-0.596896,,2570
ii,OLS,201501,11.534063,,-8.064093,,2559
ii,OLS,201502,-2.270135,,3.474248,,2544
ii,OLS,201503,0.784227,,-2.103969,,2529
ii,OLS,201504,1.683771,,-1.642096,,2521
ii,OLS,201505,-2.601466,,3.442668,,2509
ii,OLS,201506,-7.286784,,6.374274,,2695
ii,OLS,201507,-5.248170,,0.991021,,2682
ii,OLS,201508,-12.188198,,9.914872,,2673
ii,OLS,201509,5.268191,,0.724090,,2664
ii,OLS,201510,4.939739,,-4.762641,,2645
ii,OLS,201511,-9.848869,,9.074591,,2637
ii,OLS,201512,-17.033399,,13.278602,,2621
ii,OLS,201601,-2.069299,,5.263066,,2598
ii,OLS,201602,12.740092,,-7.436045,,2580
ii,OLS,201603,8.462995,,-9.544961,,2570
ii,OLS,201604,0.025958,,-0.067104,,2557
ii,OLS,201605,-3.056560,,5.884771,,2536
ii,OLS,201606,5.066975,,2.175119,,2637
ii,OLS,201607,2.044625,,-0.413675,,2628
ii,OLS,201608,5.822097,,-6.334939,,2610
ii,OLS,201609,-11.810648,,10.228782,,2595
ii,OLS,201610,9.672735,,-2.892682,,2588
ii,OLS,201611,-1.413487,,4.241486,,2569
ii,OLS,201612,5.522737,,-6.520126,,2559
ii,OLS,201701,2.426090,,-1.499997,,2553
ii,OLS,201702,0.997489,,-0.031731,,2533
ii,OLS,201703,-3.564573,,7.151798,,2526
ii,OLS,201704,-6.426177,,8.387819,,2509
ii,OLS,201705,6.701576,,-6.664423,,2494
ii,OLS,201706,-0.688840,,0.720266,,2590
ii,OLS,201707,-2.813183,,2.270260,,2585
ii,OLS,201708,11.087954,,-6.735057,,2572
ii,OLS,201709,-1.332558,,1.972106,,2555
ii,OLS,201710,2.425979,,2.189099,,2542
ii,OLS,201711,1.921722,,-1.165650,,2527
ii,OLS,201712,4.860844,,-2.693911,,2511
ii,OLS,201801,-6.810680,,4.644311,,2505
ii,OLS,201802,-1.092370,,3.154544,,2489
ii,OLS,201803,0.034862,,0.716809,,2484
ii,OLS,201804,5.021676,,0.558918,,2474
ii,OLS,201805,-2.724560,,7.321547,,2465
ii,OLS,201806,-2.346852,,5.231800,,2566
ii,OLS,201807,0.814365,,5.796496,,2564
ii,OLS,201808,-1.273433,,-0.305227,,2561
ii,OLS,201809,-14.652830,,6.540923,,2561
ii,OLS,201810,-3.043222,,4.164568,,2549
ii,OLS,201811,-19.997914,,11.332434,,2535
ii,OLS,201812,23.365079,,-14.706148,,2518
ii,OLS,201901,3.681737,,2.525009,,2507
ii,OLS,201902,1.878558,,-5.834727,,2493
ii,OLS,201903,0.107736,,3.330952,,2483
ii,OLS,201904,-9.972337,,1.046832,,2471
ii,OLS,201905,4.711094,,1.887475,,2466
ii,OLS,201906,-5.033215,,6.586841,,2587
ii,OLS,201907,-7.196456,,2.761496,,2584
ii,OLS,201908,-1.787946,,6.921364,,2579
ii,OLS,201909,-1.940115,,3.627729,,2577
ii,OLS,201910,4.391777,,-1.856628,,2559
ii,OLS,201911,11.740451,,-12.372521,,2548
ii,OLS,201912,2.229240,,-7.024057,,2530
ii,OLS,202001,-5.356347,,-4.042149,,2520
ii,OLS,202002,-23.508233,,1.157503,,2516
ii,OLS,202003,25.001184,,-5.621249,,2505
ii,OLS,202004,12.556139,,-5.942535,,2493
ii,OLS,202005,8.828052,,-2.878380,,2482
ii,OLS,202006,4.157092,,2.645427,,2571
ii,OLS,202007,2.679101,,4.346450,,2559
ii,OLS,202008,-2.150161,,-1.045647,,2554
ii,OLS,202009,-2.790338,,5.449356,,2551
ii,OLS,202010,25.579325,,-6.914142,,2546
ii,OLS,202011,10.277387,,-1.552380,,2540
ii,OLS,202012,18.175246,,-8.556223,,2533
ii,OLS,202101,9.647269,,-1.416487,,2526
ii,OLS,202102,-0.844579,,4.265002,,2517
ii,OLS,202103,-3.661860,,9.625667,,2514
ii,OLS,202104,0.362988,,2.279379,,2500
ii,OLS,202105,4.033818,,-0.092152,,2496
ii,OLS,202106,-11.160544,,13.133467,,2621
ii,OLS,202107,4.777386,,-4.962913,,2622
ii,OLS,202108,-0.730868,,-5.274011,,2626
ii,OLS,202109,-2.400453,,8.509148,,2628
ii,OLS,202110,-11.250260,,10.106973,,2628
ii,OLS,202111,-5.499829,,10.078512,,2619
ii,OLS,202112,-11.779899,,3.981909,,2616
ii,OLS,202201,-0.739968,,0.213085,,2618
ii,OLS,202202,7.284325,,-9.220527,,2614
ii,OLS,202203,-17.831191,,11.274750,,2608
ii,OLS,202204,-5.216696,,4.743510,,2603
ii,OLS,202205,-3.923063,,-5.861291,,2593
ii,OLS,202206,7.938084,,2.181609,,2894
ii,OLS,202207,4.218047,,-8.603225,,2908
ii,OLS,202208,-14.305386,,3.879153,,2897
ii,OLS,202209,2.662166,,8.457394,,2903
ii,OLS,202210,-4.727018,,9.477435,,2896
ii,OLS,202211,-7.001403,,0.678959,,2892
ii,OLS,202212,23.584640,,-13.349561,,2881
ii,OLS,202301,-8.505123,,7.328523,,2868
ii,OLS,202302,-9.990873,,8.785017,,2853
ii,OLS,202303,-0.708075,,-3.006316,,2836
ii,OLS,202304,2.265572,,-4.633430,,2828
ii,OLS,202305,1.994579,,7.518514,,2814
ii,OLS,202306,1.587667,,4.273506,,2905
ii,OLS,202307,-10.644372,,7.431648,,2892
ii,OLS,202308,-10.776248,,5.675847,,2876
ii,OLS,202309,-12.467996,,6.462179,,2863
ii,OLS,202310,6.210190,,4.540459,,2844
ii,OLS,202311,15.710254,,-8.447866,,2821
ii,OLS,202312,-3.140415,,-0.832261,,2808
ii,OLS,202401,11.055735,,-9.305678,,2796
ii,OLS,202402,1.302600,,1.621621,,2777
ii,OLS,202403,-10.266664,,4.321226,,2760
ii,OLS,202404,0.703927,,6.304367,,2747
ii,OLS,202405,-8.380177,,8.204807,,2730
ii,OLS,202406,6.867538,,-1.722382,,2814
ii,OLS,202407,-6.498231,,5.615124,,2797
ii,OLS,202408,-1.477507,,2.892996,,2783
ii,OLS,202409,0.748700,,-3.622442,,2768
ii,OLS,202410,3.756467,,8.756395,,2751
ii,OLS,202411,-6.795358,,6.105723,,2738
ii,OLS,202412,-1.628251,,6.008389,,2723
ii,WLS,196306,-0.260242,,-0.125973,,730
ii,WLS,196307,3.971077,,2.540858,,743
ii,WLS,196308,-1.360937,,0.124167,,747
ii,WLS,196309,1.322615,,4.465130,,755
ii,WLS,196310,1.317761,,-4.086081,,761
ii,WLS,196311,2.423202,,-0.871042,,765
ii,WLS,196312,3.602143,,-1.914984,,800
ii,WLS,196401,1.118886,,0.854414,,800
ii,WLS,196402,2.055220,,-0.658875,,801
ii,WLS,196403,1.739698,,-3.055157,,805
ii,WLS,196404,0.112580,,2.589830,,807
ii,WLS,196405,2.309276,,-2.003766,,809
ii,WLS,196406,0.959638,,0.863858,,867
ii,WLS,196407,-1.416225,,-0.288058,,873
ii,WLS,196408,2.713544,,0.292500,,875
ii,WLS,196409,1.795247,,-2.489272,,877
ii,WLS,196410,-0.816900,,1.779262,,880
ii,WLS,196411,-0.563264,,1.613567,,883
ii,WLS,196412,-0.413697,,7.518744,,891
ii,WLS,196501,-1.042388,,2.793478,,892
ii,WLS,196502,-2.271764,,1.217238,,894
ii,WLS,196503,1.983244,,3.259664,,896
ii,WLS,196504,0.650966,,-2.095383,,901
ii,WLS,196505,-4.494337,,-1.756467,,904
ii,WLS,196506,1.454143,,-0.153333,,962
ii,WLS,196507,1.182742,,3.326267,,968
ii,WLS,196508,3.573820,,-0.448591,,970
ii,WLS,196509,2.015861,,1.551308,,974
ii,WLS,196510,-1.944079,,3.610809,,979
ii,WLS,196511,1.360067,,-0.780412,,984
ii,WLS,196512,1.882924,,-2.075331,,996
ii,WLS,196601,-1.722221,,1.347622,,1007
ii,WLS,196602,-4.988170,,4.881233,,1012
ii,WLS,196603,1.789102,,0.836080,,1022
ii,WLS,196604,-6.850024,,2.224871,,1026
ii,WLS,196605,-1.300836,,-0.224106,,1030
ii,WLS,196606,-1.625853,,-0.006162,,1082
ii,WLS,196607,-7.746729,,0.225794,,1093
ii,WLS,196608,-0.529277,,-1.969014,,1100
ii,WLS,196609,6.916612,,-7.170275,,1107
ii,WLS,196610,-3.522609,,10.499287,,1112
ii,WLS,196611,1.171443,,-3.033094,,1117
ii,WLS,196612,8.151352,,0.331590,,1126
ii,WLS,196701,-1.782922,,5.490565,,1129
ii,WLS,196702,3.853231,,1.105181,,1135
ii,WLS,196703,1.197335,,6.320986,,1150
ii,WLS,196704,-4.232749,,-0.985944,,1162
ii,WLS,196705,1.844468,,1.165523,,1166
ii,WLS,196706,4.416934,,0.592768,,1317
ii,WLS,196707,-1.248792,,0.486102,,1323
ii,WLS,196708,2.037164,,2.943484,,1321
ii,WLS,196709,-5.589220,,5.965095,,1328
ii,WLS,196710,-1.007041,,2.238872,,1335
ii,WLS,196711,3.078487,,-0.830394,,1336
ii,WLS,196712,-1.768647,,-6.039838,,1344
ii,WLS,196801,-4.415736,,1.286705,,1341
ii,WLS,196802,-1.715252,,4.833981,,1344
ii,WLS,196803,5.639768,,7.322828,,1345
ii,WLS,196804,-0.178875,,4.142216,,1346
ii,WLS,196805,1.382406,,-2.970556,,1348
ii,WLS,196806,0.669561,,-6.916178,,1394
ii,WLS,196807,1.841038,,-0.777971,,1403
ii,WLS,196808,6.315205,,-4.477071,,1404
ii,WLS,196809,3.086741,,-5.560249,,1412
ii,WLS,196810,4.240225,,1.685736,,1418
ii,WLS,196811,-3.453609,,-1.440349,,1423
ii,WLS,196812,-0.499093,,-2.634941,,1435
ii,WLS,196901,-7.208483,,3.679915,,1437
ii,WLS,196902,2.628855,,1.238912,,1439
ii,WLS,196903,-0.022373,,3.286940,,1450
ii,WLS,196904,0.287012,,-0.838787,,1457
ii,WLS,196905,-11.838714,,10.195426,,1458
ii,WLS,196906,-9.501623,,4.705508,,1526
ii,WLS,196907,3.180896,,3.302559,,1532
ii,WLS,196908,-6.967386,,7.738087,,1537
ii,WLS,196909,2.123996,,4.542843,,1547
ii,WLS,196910,-4.944709,,2.825591,,1554
ii,WLS,196911,-6.085487,,6.693735,,1557
ii,WLS,196912,-9.785193,,2.623028,,1572
ii,WLS,197001,8.214157,,-6.352424,,1573
ii,WLS,197002,0.912548,,-3.753689,,1580
ii,WLS,197003,-10.395627,,-0.583976,,1593
ii,WLS,197004,-3.737131,,-5.361200,,1598
ii,WLS,197005,-6.302596,,1.049822,,1596
ii,WLS,197006,10.640160,,-7.308818,,1660
ii,WLS,197007,5.099583,,-1.032333,,1664
ii,WLS,197008,1.635040,,5.181256,,1663
ii,WLS,197009,-3.515540,,2.902154,,1667
ii,WLS,197010,3.999327,,0.528234,,1672
ii,WLS,197011,6.188555,,-1.186794,,1664
ii,WLS,197012,5.844138,,-1.952766,,1665
ii,WLS,197101,0.454903,,2.384134,,1667
ii,WLS,197102,2.157476,,3.601390,,1664
ii,WLS,197103,4.984005,,-1.791940,,1663
ii,WLS,197104,-5.332161,,2.591998,,1662
ii,WLS,197105,-1.712513,,2.508221,,1660
ii,WLS,197106,-4.941401,,0.222271,,1700
ii,WLS,197107,3.435120,,1.435001,,1703
ii,WLS,197108,-2.755913,,3.770716,,1707
ii,WLS,197109,-7.188903,,4.145766,,1715
ii,WLS,197110,-1.831504,,2.772097,,1721
ii,WLS,197111,8.779318,,0.307773,,1723
ii,WLS,197112,2.241774,,0.811842,,1730
ii,WLS,197201,1.312661,,4.075241,,1730
ii,WLS,197202,-1.975113,,4.374728,,1734
ii,WLS,197203,0.049544,,0.691728,,1738
ii,WLS,197204,-0.892541,,4.729231,,1738
ii,WLS,197205,-4.861108,,4.446632,,1741
ii,WLS,197206,-3.840559,,5.518413,,1788
ii,WLS,197207,8.641954,,-9.771024,,1794
ii,WLS,197208,-1.880112,,1.292797,,1794
ii,WLS,197209,1.157079,,-1.825780,,1799
ii,WLS,197210,9.151975,,-8.310684,,1801
ii,WLS,197211,-1.089006,,3.846539,,1806
ii,WLS,197212,-3.781698,,2.207447,,1820
ii,WLS,197301,-7.119836,,4.501515,,1819
ii,WLS,197302,1.175607,,-3.628206,,1820
ii,WLS,197303,-3.025552,,-3.941465,,1827
ii,WLS,197304,-4.936782,,4.120561,,1827
ii,WLS,197305,-1.694306,,0.296451,,1821
ii,WLS,197306,4.745703,,0.376683,,2324
ii,WLS,197307,-2.387278,,-2.865038,,2383
ii,WLS,197308,12.711254,,-15.109606,,2402
ii,WLS,197309,0.707046,,-2.088749,,2478
ii,WLS,197310,-12.154645,,-1.125097,,2519
ii,WLS,197311,9.061150,,-16.027916,,2556
ii,WLS,197312,-1.597280,,1.481068,,2672
ii,WLS,197401,2.122804,,-5.029230,,2711
ii,WLS,197402,-4.496357,,3.907271,,2741
ii,WLS,197403,-5.465148,,2.411202,,2818
ii,WLS,197404,-7.798838,,7.981687,,2866
ii,WLS,197405,-0.893138,,-1.654307,,2879
ii,WLS,197406,-2.923398,,-11.048074,,2903
ii,WLS,197407,-6.588773,,-4.713948,,2910
ii,WLS,197408,-7.009144,,-11.620908,,2909
ii,WLS,197409,13.616084,,4.813720,,2913
ii,WLS,197410,-4.188737,,-1.874352,,2905
ii,WLS,197411,-1.070967,,-4.769250,,2904
ii,WLS,197412,11.620474,,2.168457,,2915
ii,WLS,197501,1.576180,,10.589395,,2910
ii,WLS,197502,3.336630,,-0.161366,,2906
ii,WLS,197503,6.802126,,-3.175710,,2917
ii,WLS,197504,4.998991,,-0.245603,,2925
ii,WLS,197505,7.050808,,-5.334219,,2924
ii,WLS,197506,-2.576288,,-8.105354,,2980
ii,WLS,197507,-2.067804,,-0.834333,,2977
ii,WLS,197508,-4.430937,,0.679632,,2975
ii,WLS,197509,1.160120,,8.835730,,2973
ii,WLS,197510,0.827620,,3.194169,,2969
ii,WLS,197511,0.833235,,-5.394398,,2962
ii,WLS,197512,15.088710,,-4.768830,,2964
ii,WLS,197601,3.415233,,-6.321595,,2959
ii,WLS,197602,2.071866,,0.868255,,2954
ii,WLS,197603,1.786084,,-6.692723,,2941
ii,WLS,197604,-0.732672,,-1.058021,,2932
ii,WLS,197605,3.490464,,0.937912,,2923
ii,WLS,197606,-2.028260,,1.021820,,2949
ii,WLS,197607,-1.606415,,1.766984,,2943
ii,WLS,197608,3.099115,,-1.940693,,2938
ii,WLS,197609,-1.320135,,-3.078543,,2943
ii,WLS,197610,1.350185,,-2.841182,,2939
ii,WLS,197611,7.094263,,-4.030329,,2933
ii,WLS,197612,-1.964401,,-5.400199,,2934
ii,WLS,197701,-2.290984,,1.100344,,2920
ii,WLS,197702,-1.428888,,-0.304138,,2923
ii,WLS,197703,3.568980,,-8.091552,,2922
ii,WLS,197704,-1.104550,,-1.585963,,2923
ii,WLS,197705,2.184193,,5.207356,,2910
ii,WLS,197706,-4.235549,,4.503353,,2957
ii,WLS,197707,-5.373705,,8.246117,,2960
ii,WLS,197708,0.517980,,-2.200231,,2947
ii,WLS,197709,-5.207700,,1.693729,,2946
ii,WLS,197710,3.149712,,1.501432,,2939
ii,WLS,197711,0.548112,,-0.312723,,2926
ii,WLS,197712,-6.733030,,1.302967,,2928
ii,WLS,197801,-0.537395,,-2.348830,,2905
ii,WLS,197802,4.125862,,-3.020165,,2897
ii,WLS,197803,6.310183,,5.389438,,2890
ii,WLS,197804,0.922193,,2.337815,,2879
ii,WLS,197805,-3.581330,,3.205181,,2855
ii,WLS,197806,4.112755,,2.916251,,2866
ii,WLS,197807,4.251361,,-0.556731,,2863
ii,WLS,197808,1.566151,,-6.425872,,2849
ii,WLS,197809,-12.770268,,1.273139,,2840
ii,WLS,197810,3.123050,,-0.429864,,2836
ii,WLS,197811,-0.836615,,4.237704,,2822
ii,WLS,197812,5.427548,,-2.981429,,2825
ii,WLS,197901,-2.075480,,-3.584208,,2810
ii,WLS,197902,7.147581,,-2.806990,,2807
ii,WLS,197903,0.277142,,-0.314731,,2823
ii,WLS,197904,-2.628701,,-0.434190,,2824
ii,WLS,197905,6.102151,,-6.213799,,2813
ii,WLS,197906,2.455710,,-3.978112,,2862
ii,WLS,197907,5.820128,,0.706640,,2863
ii,WLS,197908,1.650411,,-4.760479,,2855
ii,WLS,197909,-6.855563,,-1.827354,,2852
ii,WLS,197910,5.465301,,-1.310312,,2849
ii,WLS,197911,3.695581,,-3.554264,,2844
ii,WLS,197912,11.852358,,-12.172859,,2874
ii,WLS,198001,4.686759,,-11.754230,,2858
ii,WLS,198002,-17.478516,,9.671073,,2857
ii,WLS,198003,4.962347,,-4.430766,,2875
ii,WLS,198004,3.886622,,2.627542,,2875
ii,WLS,198005,3.625494,,-2.641619,,2863
ii,WLS,198006,3.558281,,9.171334,,2985
ii,WLS,198007,3.210386,,-2.704489,,3002
ii,WLS,198008,3.771558,,-2.733751,,3001
ii,WLS,198009,3.216782,,-3.939691,,3008
ii,WLS,198010,15.137716,,-9.728766,,3016
ii,WLS,198011,-9.105290,,8.696305,,3017
ii,WLS,198012,-6.260523,,1.814465,,3026
ii,WLS,198101,0.817599,,0.602875,,3011
ii,WLS,198102,2.413433,,1.896162,,3002
ii,WLS,198103,-5.242561,,6.335956,,2999
ii,WLS,198104,-2.234263,,3.896717,,2988
ii,WLS,198105,-0.963451,,-4.071729,,2985
ii,WLS,198106,1.422406,,-5.684852,,3083
ii,WLS,198107,-7.872372,,0.472286,,3075
ii,WLS,198108,-9.822820,,5.318345,,3069
ii,WLS,198109,4.609264,,0.311016,,3092
ii,WLS,198110,3.733784,,-1.414880,,3090
ii,WLS,198111,-5.002666,,3.227585,,3098
ii,WLS,198112,-7.633333,,8.915158,,3126
ii,WLS,198201,-9.656753,,6.320851,,3131
ii,WLS,198202,-1.688774,,-0.400791,,3138
ii,WLS,198203,0.824035,,5.355191,,3170
ii,WLS,198204,-3.336356,,-0.823709,,3166
ii,WLS,198205,-4.643434,,3.712917,,3165
ii,WLS,198206,-6.794260,,7.283026,,3306
ii,WLS,198207,12.244072,,-2.108466,,3314
ii,WLS,198208,-1.668643,,4.534794,,3317
ii,WLS,198209,11.226008,,0.174886,,3341
ii,WLS,198210,0.740866,,7.889984,,3344
ii,WLS,198211,1.294845,,-0.847190,,3346
ii,WLS,198212,7.424342,,-6.439428,,3381
ii,WLS,198301,0.731277,,3.303583,,3365
ii,WLS,198302,1.898869,,1.433349,,3364
ii,WLS,198303,7.789947,,-2.253133,,3367
ii,WLS,198304,1.431708,,-2.213898,,3359
ii,WLS,198305,2.529702,,2.977903,,3345
ii,WLS,198306,-3.433003,,-1.608361,,3411
ii,WLS,198307,1.684846,,-3.939109,,3404
ii,WLS,198308,-2.282299,,5.793735,,3396
ii,WLS,198309,-4.353521,,1.360364,,3403
ii,WLS,198310,3.802153,,-2.919619,,3391
ii,WLS,198311,-1.277341,,-0.337580,,3389
ii,WLS,198312,3.185610,,-10.063611,,3414
ii,WLS,198401,-3.883213,,-1.417240,,3402
ii,WLS,198402,0.379273,,0.803259,,3389
ii,WLS,198403,-0.757279,,1.414589,,3413
ii,WLS,198404,-7.813754,,3.306760,,3423
ii,WLS,198405,-0.560906,,4.832784,,3424
ii,WLS,198406,-5.977161,,5.081746,,3613
ii,WLS,198407,12.043008,,-2.457406,,3632
ii,WLS,198408,-1.633634,,-0.604639,,3623
ii,WLS,198409,-4.347538,,5.301347,,3642
ii,WLS,198410,-2.522404,,0.146433,,3631
ii,WLS,198411,0.396908,,1.733421,,3623
ii,WLS,198412,8.879820,,-0.705841,,3671
ii,WLS,198501,1.097842,,0.279549,,3666
ii,WLS,198502,-2.078937,,0.805703,,3656
ii,WLS,198503,-1.045725,,-1.464993,,3675
ii,WLS,198504,3.253067,,3.228327,,3671
ii,WLS,198505,0.959713,,-0.314072,,3648
ii,WLS,198506,0.742421,,-1.211998,,3756
ii,WLS,198507,-0.900534,,-0.714861,,3742
ii,WLS,198508,-6.287418,,3.856208,,3720
ii,WLS,198509,1.617629,,2.685985,,3716
ii,WLS,198510,3.260224,,5.977967,,3701
ii,WLS,198511,1.113722,,4.706789,,3680
ii,WLS,198512,-0.785495,,0.791953,,3689
ii,WLS,198601,7.400495,,-0.515456,,3668
ii,WLS,198602,4.080658,,1.491532,,3657
ii,WLS,198603,-3.590735,,5.601658,,3654
ii,WLS,198604,3.300969,,2.631353,,3678
ii,WLS,198605,-1.321643,,3.285792,,3656
ii,WLS,198606,-8.667115,,1.705202,,3755
ii,WLS,198607,10.469901,,-8.090710,,3744
ii,WLS,198608,-4.120670,,-6.693328,,3731
ii,WLS,198609,4.884002,,0.492387,,3736
ii,WLS,198610,1.086546,,1.663684,,3704
ii,WLS,198611,-3.493845,,0.297494,,3669
ii,WLS,198612,13.460127,,-0.084652,,3657
ii,WLS,198701,0.966233,,7.352382,,3641
ii,WLS,198702,5.108105,,-4.005658,,3638
ii,WLS,198703,-0.741180,,-0.723144,,3664
ii,WLS,198704,-0.133904,,1.449784,,3667
ii,WLS,198705,3.425438,,1.297523,,3661
ii,WLS,198706,5.902981,,-1.879046,,3853
ii,WLS,198707,0.863569,,4.317512,,3863
ii,WLS,198708,-0.300294,,-4.050924,,3846
ii,WLS,198709,-26.306577,,3.323816,,3867
ii,WLS,198710,-6.427735,,-3.381342,,3854
ii,WLS,198711,7.263571,,1.849542,,3835
ii,WLS,198712,4.389365,,-2.813907,,3861
ii,WLS,198801,5.554068,,0.459299,,3839
ii,WLS,198802,0.317041,,-4.452495,,3808
ii,WLS,198803,2.575187,,-3.023627,,3811
ii,WLS,198804,-0.376394,,-0.858414,,3802
ii,WLS,198805,3.524180,,2.428730,,3773
ii,WLS,198806,-0.451275,,-2.000666,,3966
ii,WLS,198807,-4.375939,,0.484546,,3960
ii,WLS,198808,1.347876,,3.665805,,3928
ii,WLS,198809,1.371952,,0.329960,,3962
ii,WLS,198810,-1.355979,,-1.547945,,3943
ii,WLS,198811,1.093038,,1.452394,,3908
ii,WLS,198812,7.341190,,-1.713939,,3899
ii,WLS,198901,-2.133749,,-0.839750,,3880
ii,WLS,198902,2.093111,,-1.478286,,3854
ii,WLS,198903,4.177902,,0.774638,,3844
ii,WLS,198904,2.961210,,0.412902,,3821
ii,WLS,198905,-1.505237,,-0.886739,,3788
ii,WLS,198906,4.767673,,5.131613,,3869
ii,WLS,198907,3.899628,,-4.188052,,3849
ii,WLS,198908,-2.102759,,1.711473,,3828
ii,WLS,198909,-5.664784,,3.825205,,3812
ii,WLS,198910,2.168772,,-1.588022,,3791
ii,WLS,198911,2.756722,,-2.340961,,3771
ii,WLS,198912,-7.196114,,-0.324524,,3772
ii,WLS,199001,2.717137,,-2.934197,,3749
ii,WLS,199002,0.526786,,4.523192,,3731
ii,WLS,199003,-6.106160,,6.344526,,3732
ii,WLS,199004,5.570220,,6.110129,,3713
ii,WLS,199005,-3.757290,,5.346503,,3675
ii,WLS,199006,-0.372289,,-1.951859,,3779
ii,WLS,199007,-9.665285,,-0.773332,,3763
ii,WLS,199008,-5.964477,,-0.000956,,3743
ii,WLS,199009,-5.858810,,7.327235,,3746
ii,WLS,199010,2.583464,,6.343167,,3727
ii,WLS,199011,0.853955,,3.016909,,3708
ii,WLS,199012,3.196836,,3.954344,,3722
ii,WLS,199101,6.249042,,1.632182,,3704
ii,WLS,199102,-0.686436,,5.674308,,3695
ii,WLS,199103,0.341495,,-1.555046,,3688
ii,WLS,199104,3.865452,,0.257675,,3661
ii,WLS,199105,-5.519278,,0.885032,,3648
ii,WLS,199106,1.276948,,5.346541,,3776
ii,WLS,199107,-0.438175,,4.567751,,3749
ii,WLS,199108,-1.501474,,-1.331647,,3730
ii,WLS,199109,0.543546,,1.252094,,3740
ii,WLS,199110,-9.307409,,9.170404,,3722
ii,WLS,199111,6.965050,,7.821142,,3703
ii,WLS,199112,2.791735,,-6.090826,,3694
ii,WLS,199201,2.081308,,-1.783589,,3680
ii,WLS,199202,-2.560700,,-0.580878,,3654
ii,WLS,199203,5.343726,,-7.604018,,3657
ii,WLS,199204,-1.093255,,1.806485,,3642
ii,WLS,199205,-1.036755,,-3.626560,,3588
ii,WLS,199206,2.238214,,2.573169,,3766
ii,WLS,199207,-3.804540,,2.833416,,3737
ii,WLS,199208,1.907598,,-1.832583,,3713
ii,WLS,199209,-2.216881,,5.505298,,3724
ii,WLS,199210,4.087461,,-0.060567,,3701
ii,WLS,199211,2.767869,,-3.743182,,3699
ii,WLS,199212,3.909417,,-6.979647,,3736
ii,WLS,199301,2.658116,,-5.771154,,3726
ii,WLS,199302,3.654261,,-3.122327,,3730
ii,WLS,199303,0.419097,,-6.749488,,3747
ii,WLS,199304,2.677177,,1.937113,,3745
ii,WLS,199305,1.361468,,-4.136308,,3737
ii,WLS,199306,3.096831,,-8.357321,,3987
ii,WLS,199307,3.337494,,0.839408,,3993
ii,WLS,199308,-0.331150,,-0.558938,,3992
ii,WLS,199309,2.951958,,0.124626,,4015
ii,WLS,199310,-2.704570,,3.586413,,4013
ii,WLS,199311,3.049211,,-3.019053,,4002
ii,WLS,199312,6.280655,,-6.297640,,4014
ii,WLS,199401,-4.132596,,4.488246,,4001
ii,WLS,199402,-5.903592,,1.818628,,3974
ii,WLS,199403,0.227474,,0.381390,,3999
ii,WLS,199404,0.673967,,-0.468091,,3995
ii,WLS,199405,-3.343902,,0.511351,,3977
ii,WLS,199406,3.795068,,-2.024372,,4364
ii,WLS,199407,0.475663,,8.058837,,4377
ii,WLS,199408,-3.253691,,3.111705,,4355
ii,WLS,199409,-0.746100,,4.695901,,4375
ii,WLS,199410,-6.846826,,5.765119,,4363
ii,WLS,199411,1.919593,,-1.890358,,4342
ii,WLS,199412,-0.106869,,1.691699,,4362
ii,WLS,199501,4.486224,,-1.559496,,4361
ii,WLS,199502,2.286909,,1.134602,,4343
ii,WLS,199503,1.826432,,1.158116,,4352
ii,WLS,199504,1.474900,,1.422627,,4338
ii,WLS,199505,0.820933,,4.625037,,4309
ii,WLS,199506,4.667075,,-1.519831,,4604
ii,WLS,199507,-0.007437,,-0.622267,,4596
ii,WLS,199508,0.661066,,4.200574,,4569
ii,WLS,199509,-4.376772,,5.457994,,4597
ii,WLS,199510,5.818096,,-4.199616,,4579
ii,WLS,199511,4.188410,,-6.314377,,4560
ii,WLS,199512,3.174923,,-2.013500,,4564
ii,WLS,199601,-0.714663,,4.406705,,4535
ii,WLS,199602,3.428054,,-4.720912,,4512
ii,WLS,199603,1.044560,,3.306634,,4523
ii,WLS,199604,-0.010201,,5.179550,,4510
ii,WLS,199605,-2.464177,,1.778274,,4481
ii,WLS,199606,-7.580727,,2.129781,,4833
ii,WLS,199607,2.663784,,-0.227517,,4819
ii,WLS,199608,1.911793,,5.714008,,4778
ii,WLS,199609,1.608589,,-2.612989,,4794
ii,WLS,199610,4.756347,,2.831069,,4779
ii,WLS,199611,-1.004093,,-1.178157,,4765
ii,WLS,199612,1.666936,,6.330335,,4771
ii,WLS,199701,-1.818399,,0.968491,,4741
ii,WLS,199702,-1.932698,,-4.490060,,4713
ii,WLS,199703,0.354266,,7.284709,,4715
ii,WLS,199704,6.755262,,0.586220,,4695
ii,WLS,199705,3.316478,,0.598875,,4669
ii,WLS,199706,6.502251,,0.952067,,5203
ii,WLS,199707,-1.592281,,-4.067904,,5186
ii,WLS,199708,6.728919,,-3.631871,,5143
ii,WLS,199709,-5.888233,,2.810158,,5148
ii,WLS,199710,0.179354,,4.832664,,5122
ii,WLS,199711,0.870227,,-1.535130,,5093
ii,WLS,199712,-1.831007,,5.495617,,5058
ii,WLS,199801,5.337252,,2.863508,,5020
ii,WLS,199802,5.989595,,-2.895146,,4982
ii,WLS,199803,1.588572,,-1.403912,,4942
ii,WLS,199804,-4.405494,,2.331719,,4914
ii,WLS,199805,-2.023021,,9.352272,,4875
ii,WLS,199806,-5.082990,,4.499780,,5192
ii,WLS,199807,-17.125220,,3.436597,,5154
ii,WLS,199808,5.324635,,3.120853,,5114
ii,WLS,199809,7.473394,,-0.686450,,5075
ii,WLS,199810,2.351955,,6.696074,,4986
ii,WLS,199811,4.186719,,5.010019,,4945
ii,WLS,199812,1.428779,,5.090882,,4887
ii,WLS,199901,-2.438768,,-4.319821,,4831
ii,WLS,199902,5.533785,,-3.100759,,4777
ii,WLS,199903,11.167987,,-13.707015,,4718
ii,WLS,199904,-2.285699,,0.600401,,4657
ii,WLS,199905,2.600746,,5.023465,,4613
ii,WLS,199906,-2.767789,,-0.382075,,4808
ii,WLS,199907,-4.234574,,6.618776,,4771
ii,WLS,199908,-0.323629,,-3.548357,,4717
ii,WLS,199909,2.740754,,3.133760,,4668
ii,WLS,199910,0.951703,,6.464296,,4624
ii,WLS,199911,11.114207,,-3.833269,,4552
ii,WLS,199912,-3.601062,,-2.460490,,4518
ii,WLS,200001,2.056920,,2.606121,,4474
ii,WLS,200002,3.895466,,2.953106,,4432
ii,WLS,200003,-7.307146,,3.268829,,4397
ii,WLS,200004,-5.958712,,1.141529,,4372
ii,WLS,200005,2.140592,,5.873206,,4332
ii,WLS,200006,-4.736462,,0.689132,,4642
ii,WLS,200007,10.220877,,-6.805494,,4624
ii,WLS,200008,-6.771343,,-0.525657,,4568
ii,WLS,200009,-5.782191,,5.791729,,4545
ii,WLS,200010,-18.861690,,13.170495,,4482
ii,WLS,200011,1.573171,,-4.419877,,4421
ii,WLS,200012,7.507547,,-4.949665,,4380
ii,WLS,200101,-11.371443,,0.356701,,4319
ii,WLS,200102,-9.254324,,1.798999,,4278
ii,WLS,200103,13.116426,,-7.408602,,4249
ii,WLS,200104,-0.065063,,0.269885,,4174
ii,WLS,200105,-2.927928,,1.338204,,4106
ii,WLS,200106,-8.177222,,10.677505,,4408
ii,WLS,200107,-8.711807,,3.367994,,4365
ii,WLS,200108,-14.257652,,7.266970,,4296
ii,WLS,200109,0.576214,,5.464180,,4285
ii,WLS,200110,7.225820,,1.823336,,4255
ii,WLS,200111,3.275819,,-3.663675,,4199
ii,WLS,200112,-6.763059,,10.073531,,4168
ii,WLS,200201,-2.864148,,0.630417,,4132
ii,WLS,200202,5.347312,,-2.974835,,4091
ii,WLS,200203,-10.389344,,6.861697,,4054
ii,WLS,200204,-0.153685,,-2.145503,,4021
ii,WLS,200205,-9.554273,,3.007778,,3981
ii,WLS,200206,-10.025084,,3.193841,,4046
ii,WLS,200207,-2.161356,,3.704139,,4009
ii,WLS,200208,-12.811445,,4.536962,,3962
ii,WLS,200209,7.582095,,1.642824,,3938
ii,WLS,200210,12.107831,,-9.263893,,3888
ii,WLS,200211,-9.223858,,4.713833,,3861
ii,WLS,200212,-3.726185,,1.442611,,3821
ii,WLS,200301,-2.567476,,2.142840,,3783
ii,WLS,200302,-0.521765,,3.266618,,3747
ii,WLS,200303,11.345492,,-7.322057,,3698
ii,WLS,200304,9.239272,,-5.786416,,3666
ii,WLS,200305,1.000081,,1.323148,,3633
ii,WLS,200306,1.586669,,0.892090,,3663
ii,WLS,200307,4.776247,,-3.070633,,3641
ii,WLS,200308,-3.198220,,2.467641,,3609
ii,WLS,200309,4.763516,,2.317293,,3589
ii,WLS,200310,1.374498,,0.325256,,3564
ii,WLS,200311,9.166866,,-9.429233,,3537
ii,WLS,200312,2.263958,,-1.002111,,3501
ii,WLS,200401,-0.527089,,2.980852,,3483
ii,WLS,200402,-2.199416,,1.277221,,3465
ii,WLS,200403,-2.068735,,2.104232,,3450
ii,WLS,200404,0.758846,,0.639891,,3431
ii,WLS,200405,4.461058,,-4.342847,,3413
ii,WLS,200406,-2.793891,,-3.793589,,3468
ii,WLS,200407,-1.398613,,0.936341,,3457
ii,WLS,200408,5.051530,,-5.915555,,3442
ii,WLS,200409,1.201252,,0.739315,,3451
ii,WLS,200410,7.317435,,-5.390301,,3430
ii,WLS,200411,1.877680,,2.720258,,3412
ii,WLS,200412,-4.138305,,2.151872,,3390
ii,WLS,200501,4.438666,,-3.639634,,3374
ii,WLS,200502,-2.077007,,0.949806,,3362
ii,WLS,200503,-4.175581,,1.996291,,3351
ii,WLS,200504,2.887356,,2.071541,,3329
ii,WLS,200505,0.115045,,-0.625324,,3304
ii,WLS,200506,5.045472,,-0.684262,,3457
ii,WLS,200507,1.504681,,-5.163876,,3436
ii,WLS,200508,2.523082,,-4.416469,,3401
ii,WLS,200509,-5.038093,,4.225624,,3383
ii,WLS,200510,3.774142,,-0.218411,,3357
ii,WLS,200511,0.347701,,-1.491162,,3338
ii,WLS,200512,6.084871,,-4.793968,,3318
ii,WLS,200601,-1.238928,,1.017804,,3289
ii,WLS,200602,3.264915,,-2.359703,,3268
ii,WLS,200603,1.998882,,-3.553739,,3254
ii,WLS,200604,-2.799071,,-1.826119,,3238
ii,WLS,200605,-0.733763,,0.783862,,3222
ii,WLS,200606,-2.390436,,1.482064,,3362
ii,WLS,200607,0.612544,,3.120740,,3348
ii,WLS,200608,-0.367641,,4.203115,,3334
ii,WLS,200609,3.505198,,-0.200811,,3333
ii,WLS,200610,4.151910,,-4.099367,,3314
ii,WLS,200611,0.774117,,-1.355463,,3294
ii,WLS,200612,1.291474,,1.189308,,3271
ii,WLS,200701,-0.670816,,-2.442998,,3235
ii,WLS,200702,2.205193,,-2.561692,,3216
ii,WLS,200703,2.932255,,1.700444,,3197
ii,WLS,200704,5.466933,,-3.595796,,3172
ii,WLS,200705,-0.463875,,-1.506292,,3147
ii,WLS,200706,-1.919671,,-1.251348,,3289
ii,WLS,200707,-0.223220,,1.981914,,3272
ii,WLS,200708,5.495248,,-3.390631,,3243
ii,WLS,200709,2.246703,,0.229388,,3232
ii,WLS,200710,-6.206215,,2.941137,,3207
ii,WLS,200711,1.549590,,-3.084983,,3172
ii,WLS,200712,-7.942413,,1.128690,,3159
ii,WLS,200801,0.432598,,-3.277515,,3143
ii,WLS,200802,-0.371733,,0.553471,,3130
ii,WLS,200803,5.663723,,-2.343739,,3112
ii,WLS,200804,4.060484,,-1.918283,,3086
ii,WLS,200805,-8.061172,,2.166415,,3060
ii,WLS,200806,-6.513840,,8.804015,,3224
ii,WLS,200807,-1.117977,,5.447781,,3207
ii,WLS,200808,-17.720342,,13.491005,,3178
ii,WLS,200809,-23.696833,,12.158603,,3170
ii,WLS,200810,-8.534187,,3.134293,,3140
ii,WLS,200811,0.920735,,2.156838,,3119
ii,WLS,200812,-8.110718,,3.607871,,3104
ii,WLS,200901,-16.689789,,13.503624,,3084
ii,WLS,200902,7.018785,,2.391353,,3063
ii,WLS,200903,17.270191,,-13.562147,,3039
ii,WLS,200904,9.014280,,-8.300376,,3015
ii,WLS,200905,-4.762117,,9.533625,,2987
ii,WLS,200906,11.296615,,-6.353439,,3029
ii,WLS,200907,3.303137,,-1.818059,,3008
ii,WLS,200908,7.751524,,-5.401090,,2991
ii,WLS,200909,-6.268352,,7.972871,,2981
ii,WLS,200910,7.040007,,-1.931967,,2967
ii,WLS,200911,5.358892,,-3.952783,,2937
ii,WLS,200912,-4.171438,,0.158195,,2919
ii,WLS,201001,4.355852,,-1.248465,,2903
ii,WLS,201002,8.109274,,-3.726930,,2880
ii,WLS,201003,4.685670,,-4.601293,,2861
ii,WLS,201004,-9.104589,,2.616378,,2843
ii,WLS,201005,-7.063965,,2.349825,,2831
ii,WLS,201006,8.898256,,-3.354336,,2903
ii,WLS,201007,-5.302131,,1.686799,,2878
ii,WLS,201008,10.045899,,0.675038,,2862
ii,WLS,201009,5.208969,,-1.309569,,2846
ii,WLS,201010,1.949012,,-2.054967,,2827
ii,WLS,201011,10.016159,,-7.204926,,2801
ii,WLS,201012,5.247473,,-6.359532,,2785
ii,WLS,201101,6.101563,,-4.724505,,2772
ii,WLS,201102,1.368975,,-0.815556,,2754
ii,WLS,201103,1.415503,,4.003916,,2739
ii,WLS,201104,-3.643783,,5.199998,,2715
ii,WLS,201105,-3.036506,,2.712712,,2693
ii,WLS,201106,-3.770909,,3.328338,,2767
ii,WLS,201107,-9.691486,,7.775940,,2757
ii,WLS,201108,-13.307300,,11.658415,,2746
ii,WLS,201109,16.180771,,-9.337530,,2740
ii,WLS,201110,-0.079851,,0.442769,,2726
ii,WLS,201111,1.062695,,-1.112684,,2705
ii,WLS,201112,5.160749,,-0.137361,,2692
ii,WLS,201201,4.659261,,-0.696985,,2676
ii,WLS,201202,-1.165378,,7.163680,,2661
ii,WLS,201203,-1.349967,,1.389398,,2649
ii,WLS,201204,-8.115125,,4.016470,,2636
ii,WLS,201205,5.272643,,-2.967827,,2626
ii,WLS,201206,1.265267,,-0.458516,,2698
ii,WLS,201207,2.396311,,0.457387,,2685
ii,WLS,201208,4.561154,,-3.835117,,2667
ii,WLS,201209,-1.243736,,-2.446577,,2651
ii,WLS,201210,0.969970,,0.375827,,2633
ii,WLS,201211,3.567211,,-5.533502,,2621
ii,WLS,201212,6.590120,,-2.396854,,2602
ii,WLS,201301,1.813613,,-1.116604,,2590
ii,WLS,201302,3.921424,,-0.126652,,2580
ii,WLS,201303,-0.437879,,3.397327,,2567
ii,WLS,201304,3.649812,,-2.105255,,2549
ii,WLS,201305,-0.925551,,-0.978659,,2540
ii,WLS,201306,6.187426,,-1.137688,,2611
ii,WLS,201307,-1.913109,,-0.688719,,2603
ii,WLS,201308,4.740984,,-1.312628,,2589
ii,WLS,201309,4.700135,,-0.423493,,2581
ii,WLS,201310,1.829035,,2.056846,,2566
ii,WLS,201311,4.934689,,-4.240536,,2547
ii,WLS,201312,-1.766244,,-3.066988,,2540
ii,WLS,201401,4.664372,,0.783642,,2526
ii,WLS,201402,0.268635,,-0.734557,,2510
ii,WLS,201403,1.603068,,-2.433356,,2505
ii,WLS,201404,2.909319,,-1.290528,,2497
ii,WLS,201405,3.204145,,-1.845475,,2486
ii,WLS,201406,-2.801102,,2.014327,,2618
ii,WLS,201407,3.279627,,1.687230,,2615
ii,WLS,201408,-5.596277,,6.521769,,2609
ii,WLS,201409,-0.014432,,4.294965,,2604
ii,WLS,201410,-1.658559,,8.439106,,2590
ii,WLS,201411,-0.923502,,0.612452,,2580
ii,WLS,201412,-4.241960,,3.433783,,2570
ii,WLS,201501,8.265701,,-3.409698,,2559
ii,WLS,201502,-2.015486,,1.074966,,2544
ii,WLS,201503,2.360993,,-3.053933,,2529
ii,WLS,201504,-0.016396,,2.131030,,2521
ii,WLS,201505,-3.400189,,2.861044,,2509
ii,WLS,201506,-3.119993,,7.932084,,2695
ii,WLS,201507,-6.567311,,0.920686,,2682
ii,WLS,201508,-5.641715,,4.671877,,2673
ii,WLS,201509,10.904497,,-4.494393,,2664
ii,WLS,201510,0.685835,,-0.360569,,2645
ii,WLS,201511,-5.376958,,5.931866,,2637
ii,WLS,201512,-8.647341,,5.550159,,2621
ii,WLS,201601,1.156747,,-1.270945,,2598
ii,WLS,201602,8.705670,,-3.063124,,2580
ii,WLS,201603,4.795189,,-7.731730,,2570
ii,WLS,201604,0.018938,,2.999624,,2557
ii,WLS,201605,0.934275,,-0.643073,,2536
ii,WLS,201606,1.595038,,4.689082,,2637
ii,WLS,201607,0.445482,,-1.081505,,2628
ii,WLS,201608,1.664706,,-1.930590,,2610
ii,WLS,201609,-2.745475,,-0.024176,,2595
ii,WLS,201610,8.663171,,-9.349241,,2588
ii,WLS,201611,1.595800,,-0.580543,,2569
ii,WLS,201612,1.881328,,0.789513,,2559
ii,WLS,201701,0.373345,,5.610431,,2553
ii,WLS,201702,-0.892149,,3.072257,,2533
ii,WLS,201703,-0.524352,,3.317003,,2526
ii,WLS,201704,-1.394583,,5.344517,,2509
ii,WLS,201705,0.896435,,-1.813716,,2494
ii,WLS,201706,2.180148,,-0.563540,,2590
ii,WLS,201707,-0.454589,,1.541354,,2585
ii,WLS,201708,4.926677,,-4.903988,,2572
ii,WLS,201709,-1.729229,,6.785736,,2555
ii,WLS,201710,0.961535,,3.844959,,2542
ii,WLS,201711,2.703658,,-2.629947,,2527
ii,WLS,201712,3.056250,,4.925078,,2511
ii,WLS,201801,-6.196437,,4.457166,,2505
ii,WLS,201802,-2.197851,,0.086829,,2489
ii,WLS,201803,1.263760,,-1.981096,,2484
ii,WLS,201804,3.315662,,0.054299,,2474
ii,WLS,201805,-1.531907,,4.102809,,2465
ii,WLS,201806,2.649107,,0.577607,,2566
ii,WLS,201807,-1.127101,,9.036505,,2564
ii,WLS,201808,1.171899,,-1.012749,,2561
ii,WLS,201809,-7.339025,,-1.847682,,2561
ii,WLS,201810,-0.408728,,3.106183,,2549
ii,WLS,201811,-11.791317,,4.246620,,2535
ii,WLS,201812,9.632922,,-1.972102,,2518
ii,WLS,201901,4.240668,,-0.822908,,2507
ii,WLS,201902,0.275882,,2.685015,,2493
ii,WLS,201903,2.211595,,2.409530,,2483
ii,WLS,201904,-7.383305,,0.119683,,2471
ii,WLS,201905,8.260974,,-1.395033,,2466
ii,WLS,201906,-0.359249,,2.200730,,2587
ii,WLS,201907,-4.523299,,4.001533,,2584
ii,WLS,201908,2.109949,,-1.612505,,2579
ii,WLS,201909,0.589772,,2.414031,,2577
ii,WLS,201910,5.071240,,-2.116809,,2559
ii,WLS,201911,2.495802,,0.492748,,2548
ii,WLS,201912,-2.757889,,4.687033,,2530
ii,WLS,202001,-11.235365,,6.088940,,2520
ii,WLS,202002,-23.975229,,19.813532,,2516
ii,WLS,202003,13.444540,,1.647865,,2505
ii,WLS,202004,5.022158,,1.417015,,2493
ii,WLS,202005,1.159330,,3.464785,,2482
ii,WLS,202006,2.874708,,5.626370,,2571
ii,WLS,202007,6.928576,,2.363980,,2559
ii,WLS,202008,-2.602049,,-1.750554,,2554
ii,WLS,202009,-1.689863,,-1.748963,,2551
ii,WLS,202010,22.610432,,-16.712867,,2546
ii,WLS,202011,6.842528,,-3.706946,,2540
ii,WLS,202012,2.384198,,-3.638029,,2533
ii,WLS,202101,7.308391,,-8.807759,,2526
ii,WLS,202102,0.978281,,2.796894,,2517
ii,WLS,202103,1.466246,,5.143417,,2514
ii,WLS,202104,1.536434,,-2.819433,,2500
ii,WLS,202105,-0.761102,,7.282140,,2496
ii,WLS,202106,-2.903754,,7.079795,,2621
ii,WLS,202107,0.032816,,4.178220,,2622
ii,WLS,202108,0.691922,,-8.277241,,2626
ii,WLS,202109,3.602681,,4.447903,,2628
ii,WLS,202110,-8.474423,,12.072863,,2628
ii,WLS,202111,3.795498,,-0.999979,,2619
ii,WLS,202112,-1.809502,,-7.663904,,2616
ii,WLS,202201,3.642904,,-9.625877,,2618
ii,WLS,202202,5.521571,,-2.941670,,2614
ii,WLS,202203,-8.077365,,-2.069434,,2608
ii,WLS,202204,4.010502,,-7.613677,,2603
ii,WLS,202205,-11.625953,,5.048918,,2593
ii,WLS,202206,6.803980,,5.052862,,2894
ii,WLS,202207,1.012150,,-7.570061,,2908
ii,WLS,202208,-10.694572,,1.678253,,2897
ii,WLS,202209,15.337014,,-11.627207,,2903
ii,WLS,202210,2.544425,,3.051662,,2896
ii,WLS,202211,-4.051071,,-3.712062,,2892
ii,WLS,202212,5.551222,,2.199458,,2881
ii,WLS,202301,-4.844125,,3.846526,,2868
ii,WLS,202302,-6.682020,,16.628739,,2853
ii,WLS,202303,-3.446781,,5.462761,,2836
ii,WLS,202304,-8.976151,,14.627059,,2828
ii,WLS,202305,7.606917,,-0.927256,,2814
ii,WLS,202306,2.257388,,0.567644,,2905
ii,WLS,202307,-5.336150,,4.823395,,2892
ii,WLS,202308,-4.918676,,-1.113045,,2876
ii,WLS,202309,-9.416520,,8.890312,,2863
ii,WLS,202310,8.744316,,0.361811,,2844
ii,WLS,202311,8.634292,,-5.620948,,2821
ii,WLS,202312,-3.418947,,6.399922,,2808
ii,WLS,202401,2.045554,,5.246374,,2796
ii,WLS,202402,5.650260,,-4.760642,,2777
ii,WLS,202403,-5.623803,,0.872682,,2760
ii,WLS,202404,-1.947986,,9.241795,,2747
ii,WLS,202405,-6.752154,,15.119748,,2730
ii,WLS,202406,8.359820,,-11.913485,,2814
ii,WLS,202407,-1.983160,,5.047129,,2797
ii,WLS,202408,2.818094,,-0.938791,,2783
ii,WLS,202409,-4.465382,,4.205240,,2768
ii,WLS,202410,7.739881,,-2.753428,,2751
ii,WLS,202411,-10.111941,,11.057746,,2738
ii,WLS,202412,6.177039,,-5.950460,,2723
iii,OLS,197306,9.236543,,,6.367183,1500
iii,OLS,197307,-5.337285,,,-0.167236,1499
iii,OLS,197308,6.315453,,,4.472954,1497
iii,OLS,197309,1.806123,,,-3.153125,1496
iii,OLS,197310,-18.617451,,,-1.929849,1496
iii,OLS,197311,-4.804117,,,2.063001,1496
iii,OLS,197312,22.094485,,,-16.700113,1496
iii,OLS,197401,1.893549,,,-3.720805,1496
iii,OLS,197402,1.456577,,,-3.460229,1494
iii,OLS,197403,-2.982756,,,-4.652463,1494
iii,OLS,197404,-7.833608,,,0.256915,1494
iii,OLS,197405,-1.649542,,,-2.417305,1493
iii,OLS,197406,-2.220887,,,-6.129971,1615
iii,OLS,197407,-6.221660,,,-4.237129,1614
iii,OLS,197408,-7.519741,,,-5.141025,1612
iii,OLS,197409,3.998804,,,13.518207,1609
iii,OLS,197410,-7.965512,,,4.484786,1609
iii,OLS,197411,-10.517232,,,5.153015,1606
iii,OLS,197412,41.672591,,,-23.617770,1606
iii,OLS,197501,2.578286,,,4.333154,1605
iii,OLS,197502,11.999504,,,-5.679909,1604
iii,OLS,197503,1.328481,,,4.779850,1605
iii,OLS,197504,6.151801,,,1.031037,1603
iii,OLS,197505,9.014516,,,-2.602954,1604
iii,OLS,197506,1.190467,,,-6.867965,2024
iii,OLS,197507,-7.538108,,,3.966879,2024
iii,OLS,197508,-4.057383,,,-0.783670,2024
iii,OLS,197509,-0.108921,,,3.646475,2025
iii,OLS,197510,3.946248,,,-2.747403,2025
iii,OLS,197511,-1.210238,,,-0.602683,2023
iii,OLS,197512,32.846278,,,-21.499612,2019
iii,OLS,197601,20.396021,,,-19.104159,2018
iii,OLS,197602,1.113871,,,-0.318347,2011
iii,OLS,197603,-2.504138,,,1.362495,2003
iii,OLS,197604,-5.260618,,,5.127942,1997
iii,OLS,197605,2.967953,,,0.756331,1988
iii,OLS,197606,0.370898,,,-2.665070,2456
iii,OLS,197607,-2.154947,,,-1.196412,2449
iii,OLS,197608,0.785289,,,1.301884,2440
iii,OLS,197609,-3.139222,,,0.308657,2434
iii,OLS,197610,2.562982,,,-0.546955,2431
iii,OLS,197611,11.259690,,,-3.766738,2422
iii,OLS,197612,8.116131,,,-10.911405,2415
iii,OLS,197701,0.653144,,,-2.699427,2400
iii,OLS,197702,1.261737,,,-1.931764,2396
iii,OLS,197703,1.864240,,,-1.788750,2387
iii,OLS,197704,1.160983,,,-2.735814,2380
iii,OLS,197705,5.311645,,,0.388303,2366
iii,OLS,197706,1.466563,,,-2.813899,2607
iii,OLS,197707,-2.099857,,,1.014115,2592
iii,OLS,197708,0.669074,,,0.039554,2580
iii,OLS,197709,-1.658517,,,-2.905778,2569
iii,OLS,197710,8.106536,,,-1.379290,2560
iii,OLS,197711,1.232089,,,0.401068,2550
iii,OLS,197712,0.773507,,,-6.047159,2539
iii,OLS,197801,3.860601,,,-3.770440,2517
iii,OLS,197802,7.749699,,,-2.113509,2507
iii,OLS,197803,7.395916,,,1.674092,2496
iii,OLS,197804,7.594876,,,-1.587909,2482
iii,OLS,197805,1.028805,,,-2.811435,2461
iii,OLS,197806,3.198136,,,3.567371,2566
iii,OLS,197807,9.949495,,,-2.131208,2552
iii,OLS,197808,1.006672,,,-3.045362,2536
iii,OLS,197809,-19.644880,,,-1.705032,2523
iii,OLS,197810,2.790037,,,3.948450,2517
iii,OLS,197811,-1.607135,,,3.956193,2502
iii,OLS,197812,11.991390,,,-5.402526,2489
iii,OLS,197901,-2.423190,,,-1.577979,2466
iii,OLS,197902,6.002545,,,3.623752,2451
iii,OLS,197903,2.230681,,,-0.664376,2443
iii,OLS,197904,-1.217371,,,-1.250008,2430
iii,OLS,197905,2.216087,,,3.567676,2413
iii,OLS,197906,1.848426,,,-0.514310,2506
iii,OLS,197907,6.186498,,,2.690288,2490
iii,OLS,197908,-2.130611,,,2.083474,2475
iii,OLS,197909,-10.332832,,,-0.344562,2463
iii,OLS,197910,1.897962,,,7.880377,2455
iii,OLS,197911,3.753146,,,3.925868,2441
iii,OLS,197912,10.267022,,,-1.274493,2421
iii,OLS,198001,-2.652791,,,0.329476,2397
iii,OLS,198002,-16.692461,,,-1.898227,2387
iii,OLS,198003,1.798843,,,2.661172,2377
iii,OLS,198004,5.751388,,,1.557754,2366
iii,OLS,198005,2.245412,,,1.856829,2354
iii,OLS,198006,7.860573,,,4.409874,2404
iii,OLS,198007,4.518269,,,4.103801,2398
iii,OLS,198008,1.978527,,,3.064384,2389
iii,OLS,198009,1.305686,,,2.042349,2369
iii,OLS,198010,-1.366492,,,13.564077,2361
iii,OLS,198011,-3.992994,,,-1.769192,2348
iii,OLS,198012,4.562070,,,-9.977991,2336
iii,OLS,198101,2.078347,,,-3.896063,2320
iii,OLS,198102,8.050549,,,-1.421960,2306
iii,OLS,198103,3.891324,,,-3.189514,2294
iii,OLS,198104,2.692444,,,-1.343155,2281
iii,OLS,198105,2.439455,,,-8.597547,2274
iii,OLS,198106,-3.233774,,,-0.391746,2390
iii,OLS,198107,-5.174560,,,-7.165516,2382
iii,OLS,198108,-6.244327,,,-5.742061,2367
iii,OLS,198109,2.178138,,,7.645145,2351
iii,OLS,198110,1.509888,,,-1.355120,2339
iii,OLS,198111,-0.685920,,,-3.797697,2334
iii,OLS,198112,-0.205750,,,-4.504167,2320
iii,OLS,198201,-0.782172,,,-7.911338,2314
iii,OLS,198202,0.820784,,,-4.742128,2300
iii,OLS,198203,3.298073,,,2.123989,2280
iii,OLS,198204,-1.360325,,,-4.129879,2265
iii,OLS,198205,0.000063,,,-6.244512,2251
iii,OLS,198206,-0.333407,,,-3.366351,2439
iii,OLS,198207,4.040518,,,5.022325,2427
iii,OLS,198208,4.779143,,,-4.542404,2418
iii,OLS,198209,10.511031,,,4.066060,2399
iii,OLS,198210,12.416138,,,-6.225919,2387
iii,OLS,198211,2.512600,,,-1.389930,2376
iii,OLS,198212,6.575809,,,3.953586,2364
iii,OLS,198301,9.208951,,,-7.125684,2342
iii,OLS,198302,6.935844,,,-3.814440,2331
iii,OLS,198303,7.802305,,,-2.567907,2321
iii,OLS,198304,6.518337,,,2.907022,2312
iii,OLS,198305,5.118903,,,-0.872125,2306
iii,OLS,198306,0.812715,,,-7.331716,2471
iii,OLS,198307,-2.046324,,,-3.769747,2458
iii,OLS,198308,2.446555,,,-4.891043,2443
iii,OLS,198309,-2.943689,,,-6.596833,2435
iii,OLS,198310,4.218835,,,-0.913936,2428
iii,OLS,198311,0.180018,,,-4.667263,2421
iii,OLS,198312,1.923664,,,-5.191690,2408
iii,OLS,198401,-5.165217,,,-2.480007,2392
iii,OLS,198402,2.826545,,,-4.567528,2372
iii,OLS,198403,-0.096628,,,-4.014823,2363
iii,OLS,198404,-3.160225,,,-4.331343,2352
iii,OLS,198405,1.596839,,,-0.018787,2339
iii,OLS,198406,-2.090474,,,-7.086150,2601
iii,OLS,198407,8.006298,,,2.831368,2585
iii,OLS,198408,1.271106,,,-5.582400,2568
iii,OLS,198409,-0.860838,,,-5.566253,2545
iii,OLS,198410,-0.448086,,,-7.113125,2527
iii,OLS,198411,0.906199,,,-1.883372,2503
iii,OLS,198412,8.447817,,,5.592692,2484
iii,OLS,198501,3.195413,,,0.598143,2462
iii,OLS,198502,-0.566413,,,-3.543363,2443
iii,OLS,198503,-0.220059,,,-4.584883,2435
iii,OLS,198504,3.222162,,,-2.110692,2422
iii,OLS,198505,0.557912,,,-2.030459,2404
iii,OLS,198506,2.232346,,,-1.173082,2626
iii,OLS,198507,-0.474848,,,-1.986408,2609
iii,OLS,198508,-2.942758,,,-5.707389,2591
iii,OLS,198509,2.457866,,,-2.508900,2574
iii,OLS,198510,4.624109,,,-0.003914,2558
iii,OLS,198511,3.572545,,,-3.232445,2536
iii,OLS,198512,0.897611,,,3.021850,2515
iii,OLS,198601,6.212103,,,-1.668989,2500
iii,OLS,198602,6.085181,,,-3.687758,2484
iii,OLS,198603,0.553292,,,-0.082010,2468
iii,OLS,198604,3.445013,,,-0.493471,2442
iii,OLS,198605,0.337967,,,-0.346181,2428
iii,OLS,198606,-6.580992,,,-3.977688,2705
iii,OLS,198607,3.454662,,,-2.996490,2682
iii,OLS,198608,-4.093134,,,-3.641512,2670
iii,OLS,198609,2.175647,,,2.033958,2648
iii,OLS,198610,1.425650,,,-3.356682,2621
iii,OLS,198611,-1.277498,,,-4.804379,2590
iii,OLS,198612,10.728157,,,2.220239,2538
iii,OLS,198701,4.961204,,,5.121389,2515
iii,OLS,198702,3.323405,,,-0.028540,2508
iii,OLS,198703,-1.345379,,,-0.900539,2485
iii,OLS,198704,1.219669,,,-0.903745,2464
iii,OLS,198705,3.508347,,,-2.027799,2457
iii,OLS,198706,4.977534,,,-0.750298,2812
iii,OLS,198707,3.135451,,,-3.882727,2790
iii,OLS,198708,-0.369149,,,-1.869203,2771
iii,OLS,198709,-26.767927,,,-5.568675,2750
iii,OLS,198710,-3.146204,,,-4.630923,2721
iii,OLS,198711,6.343122,,,-3.302420,2695
iii,OLS,198712,5.228611,,,2.783946,2672
iii,OLS,198801,8.457146,,,-2.580859,2652
iii,OLS,198802,5.857801,,,-3.968363,2632
iii,OLS,198803,2.346380,,,-1.773791,2613
iii,OLS,198804,-0.170314,,,-3.977127,2593
iii,OLS,198805,5.078081,,,0.238173,2567
iii,OLS,198806,0.257263,,,-2.638290,2645
iii,OLS,198807,-1.346290,,,-2.949471,2625
iii,OLS,198808,1.825759,,,0.261167,2596
iii,OLS,198809,-0.178637,,,-3.123397,2576
iii,OLS,198810,-2.608238,,,-3.791090,2551
iii,OLS,198811,3.892312,,,-2.352202,2525
iii,OLS,198812,4.629315,,,1.791006,2498
iii,OLS,198901,0.725627,,,-2.019442,2481
iii,OLS,198902,2.139551,,,-0.043998,2458
iii,OLS,198903,2.830870,,,0.274604,2439
iii,OLS,198904,2.689576,,,-0.181605,2428
iii,OLS,198905,-0.820064,,,-2.911425,2406
iii,OLS,198906,2.054213,,,0.435863,2677
iii,OLS,198907,2.068086,,,-1.734362,2657
iii,OLS,198908,-0.755698,,,0.341238,2635
iii,OLS,198909,-5.452250,,,-1.779223,2613
iii,OLS,198910,-2.560791,,,1.709419,2594
iii,OLS,198911,-0.529502,,,-0.987443,2570
iii,OLS,198912,-5.044097,,,-2.520347,2555
iii,OLS,199001,1.502926,,,0.297431,2533
iii,OLS,199002,3.969115,,,-2.118057,2520
iii,OLS,199003,-3.081966,,,0.098887,2506
iii,OLS,199004,2.599543,,,5.117278,2491
iii,OLS,199005,-1.238928,,,2.377209,2473
iii,OLS,199006,-3.613000,,,0.340314,2800
iii,OLS,199007,-10.575843,,,-4.202105,2777
iii,OLS,199008,-7.038597,,,-2.687054,2756
iii,OLS,199009,-5.534741,,,-1.513436,2746
iii,OLS,199010,2.939397,,,1.936956,2730
iii,OLS,199011,1.683189,,,-3.088336,2725
iii,OLS,199012,9.327605,,,0.766970,2712
iii,OLS,199101,10.025141,,,5.015269,2699
iii,OLS,199102,7.823744,,,0.635556,2689
iii,OLS,199103,1.920138,,,-0.375805,2674
iii,OLS,199104,2.575675,,,1.577789,2659
iii,OLS,199105,-2.833050,,,-2.652102,2645
iii,OLS,199106,1.790306,,,2.042677,2801
iii,OLS,199107,2.508863,,,0.629106,2778
iii,OLS,199108,-1.262994,,,2.556628,2765
iii,OLS,199109,0.725129,,,3.255683,2757
iii,OLS,199110,-3.571647,,,0.876335,2740
iii,OLS,199111,4.668125,,,-1.278903,2725
iii,OLS,199112,12.468261,,,6.311606,2705
iii,OLS,199201,6.960701,,,-3.128026,2696
iii,OLS,199202,1.592205,,,-5.831809,2684
iii,OLS,199203,-1.796663,,,-4.413493,2673
iii,OLS,199204,0.573507,,,-2.066387,2659
iii,OLS,199205,-3.448455,,,-3.124470,2633
iii,OLS,199206,1.729051,,,0.514136,2762
iii,OLS,199207,-1.403309,,,-3.234283,2734
iii,OLS,199208,0.810111,,,1.164860,2710
iii,OLS,199209,3.853072,,,-3.731779,2698
iii,OLS,199210,8.096016,,,-1.159302,2681
iii,OLS,199211,5.359930,,,-4.142524,2672
iii,OLS,199212,7.201014,,,-2.988391,2663
iii,OLS,199301,0.268203,,,-3.297791,2651
iii,OLS,199302,2.507570,,,-0.437301,2642
iii,OLS,199303,-2.018062,,,-1.423724,2627
iii,OLS,199304,4.895973,,,0.278920,2619
iii,OLS,199305,-0.114423,,,1.333867,2613
iii,OLS,199306,1.080295,,,-1.274181,2797
iii,OLS,199307,2.255176,,,3.841252,2782
iii,OLS,199308,3.034656,,,-1.738114,2774
iii,OLS,199309,4.013434,,,0.778801,2766
iii,OLS,199310,0.239109,,,-3.353657,2757
iii,OLS,199311,2.075800,,,-0.988132,2744
iii,OLS,199312,5.142983,,,0.521900,2729
iii,OLS,199401,1.954949,,,-3.565324,2718
iii,OLS,199402,-2.367247,,,-4.360066,2698
iii,OLS,199403,0.280605,,,-2.868048,2689
iii,OLS,199404,0.071183,,,-0.696538,2676
iii,OLS,199405,-1.606706,,,-3.557115,2660
iii,OLS,199406,1.695986,,,-1.004561,2893
iii,OLS,199407,5.074254,,,-2.260838,2884
iii,OLS,199408,2.244443,,,-2.681701,2867
iii,OLS,199409,2.742021,,,-4.378832,2852
iii,OLS,199410,-1.270273,,,-5.029582,2841
iii,OLS,199411,-0.639368,,,-2.121231,2826
iii,OLS,199412,2.139179,,,1.686068,2805
iii,OLS,199501,3.460015,,,-0.791147,2795
iii,OLS,199502,1.897827,,,-0.509400,2780
iii,OLS,199503,3.252638,,,-1.413299,2761
iii,OLS,199504,2.164997,,,-1.038877,2746
iii,OLS,199505,3.109266,,,3.840237,2729
iii,OLS,199506,5.278312,,,-0.265179,3093
iii,OLS,199507,1.787142,,,2.065501,3073
iii,OLS,199508,2.551998,,,0.206157,3052
iii,OLS,199509,-3.698589,,,-4.650794,3029
iii,OLS,199510,0.693233,,,0.634650,3013
iii,OLS,199511,-0.618099,,,2.198605,2995
iii,OLS,199512,0.875112,,,2.726590,2981
iii,OLS,199601,3.448537,,,0.376224,2966
iii,OLS,199602,2.424749,,,0.784479,2949
iii,OLS,199603,6.181954,,,0.735670,2930
iii,OLS,199604,6.881601,,,2.599166,2916
iii,OLS,199605,-2.567301,,,-3.480494,2894
iii,OLS,199606,-6.043865,,,-7.002830,3282
iii,OLS,199607,3.607129,,,0.267373,3260
iii,OLS,199608,2.191017,,,0.764611,3230
iii,OLS,199609,0.464861,,,-6.252451,3211
iii,OLS,199610,3.726909,,,-2.836650,3195
iii,OLS,199611,1.187470,,,-3.756352,3182
iii,OLS,199612,4.127398,,,3.834627,3150
iii,OLS,199701,0.101358,,,-4.815576,3133
iii,OLS,199702,-1.457140,,,-6.819277,3116
iii,OLS,199703,-0.818415,,,-3.549331,3097
iii,OLS,199704,7.946347,,,2.775852,3081
iii,OLS,199705,4.927175,,,-2.468429,3065
iii,OLS,199706,5.029086,,,-0.467794,3313
iii,OLS,199707,3.318192,,,0.001390,3285
iii,OLS,199708,7.589916,,,0.332780,3260
iii,OLS,199709,-1.471482,,,-2.642165,3233
iii,OLS,199710,0.722381,,,-6.064194,3207
iii,OLS,199711,-2.869953,,,-2.868534,3188
iii,OLS,199712,0.986844,,,0.256182,3146
iii,OLS,199801,6.175631,,,0.646024,3118
iii,OLS,199802,4.276984,,,-0.172718,3100
iii,OLS,199803,2.777808,,,-1.635443,3059
iii,OLS,199804,-2.011344,,,-5.029623,3039
iii,OLS,199805,-1.343609,,,-3.614600,3019
iii,OLS,199806,-5.711114,,,-2.082662,3229
iii,OLS,199807,-15.444531,,,-8.884386,3194
iii,OLS,199808,1.273787,,,4.887163,3166
iii,OLS,199809,3.890898,,,0.052833,3127
iii,OLS,199810,10.034557,,,-5.143033,3074
iii,OLS,199811,4.116414,,,-4.525136,3047
iii,OLS,199812,5.541939,,,-0.010105,3017
iii,OLS,199901,-4.747717,,,-1.759386,2979
iii,OLS,199902,-4.588666,,,5.524073,2958
iii,OLS,199903,6.955359,,,4.062299,2921
iii,OLS,199904,6.029779,,,-3.582118,2892
iii,OLS,199905,5.482414,,,-2.551010,2869
iii,OLS,199906,2.064387,,,-2.173535,3202
iii,OLS,199907,-2.287230,,,-1.963936,3174
iii,OLS,199908,-2.296577,,,0.428601,3139
iii,OLS,199909,-1.213727,,,-1.019579,3098
iii,OLS,199910,8.577602,,,0.603255,3072
iii,OLS,199911,5.031455,,,7.603825,3023
iii,OLS,199912,5.993024,,,-1.791770,2993
iii,OLS,200001,12.358043,,,1.904980,2967
iii,OLS,200002,1.700650,,,0.026116,2942
iii,OLS,200003,-5.815043,,,-3.742859,2908
iii,OLS,200004,-5.870136,,,-0.442209,2886
iii,OLS,200005,4.793340,,,3.241305,2863
iii,OLS,200006,1.184900,,,-7.404596,3130
iii,OLS,200007,2.544987,,,7.408456,3105
iii,OLS,200008,-1.356481,,,-6.894523,3065
iii,OLS,200009,-3.133674,,,-5.640555,3033
iii,OLS,200010,-4.358012,,,-14.486710,2986
iii,OLS,200011,-0.552743,,,-1.448036,2949
iii,OLS,200012,15.975936,,,13.754881,2908
iii,OLS,200101,1.219274,,,-14.844661,2875
iii,OLS,200102,-3.428871,,,-6.183681,2856
iii,OLS,200103,3.307132,,,6.635373,2831
iii,OLS,200104,8.802639,,,-4.286092,2796
iii,OLS,200105,2.684394,,,-3.698707,2761
iii,OLS,200106,2.521174,,,-9.799801,2907
iii,OLS,200107,0.448949,,,-8.061486,2880
iii,OLS,200108,-10.562726,,,-7.276455,2844
iii,OLS,200109,4.406848,,,6.472825,2820
iii,OLS,200110,7.578806,,,0.032308,2805
iii,OLS,200111,7.285673,,,-2.370509,2774
iii,OLS,200112,9.167237,,,-11.915242,2752
iii,OLS,200201,0.606317,,,-6.440143,2731
iii,OLS,200202,10.155250,,,-2.136545,2708
iii,OLS,200203,7.683849,,,-13.930525,2686
iii,OLS,200204,1.744571,,,-6.166564,2667
iii,OLS,200205,-1.641120,,,-11.142001,2643
iii,OLS,200206,-11.607021,,,-2.952086,2824
iii,OLS,200207,-0.180093,,,-0.861126,2801
iii,OLS,200208,-6.376396,,,-5.629716,2780
iii,OLS,200209,2.534559,,,4.424685,2766
iii,OLS,200210,5.346547,,,16.001501,2733
iii,OLS,200211,-1.034218,,,-9.464603,2716
iii,OLS,200212,-0.131349,,,-1.729049,2692
iii,OLS,200301,-1.978211,,,-1.558050,2668
iii,OLS,200302,-0.293978,,,1.817874,2648
iii,OLS,200303,6.853874,,,6.562616,2616
iii,OLS,200304,7.966453,,,10.613907,2601
iii,OLS,200305,5.741925,,,-1.265617,2580
iii,OLS,200306,9.514677,,,-2.753721,2805
iii,OLS,200307,6.557168,,,-1.763291,2787
iii,OLS,200308,2.300359,,,-1.084081,2762
iii,OLS,200309,10.936429,,,-2.608285,2741
iii,OLS,200310,6.354076,,,-4.332885,2726
iii,OLS,200311,2.807280,,,1.850199,2708
iii,OLS,200312,6.566423,,,1.471275,2687
iii,OLS,200401,2.505501,,,-3.018693,2673
iii,OLS,200402,2.090721,,,-3.211185,2659
iii,OLS,200403,-1.987700,,,-1.370104,2648
iii,OLS,200404,1.432649,,,-1.979816,2629
iii,OLS,200405,4.365424,,,-2.529099,2611
iii,OLS,200406,-3.651793,,,-7.279892,2679
iii,OLS,200407,-1.384374,,,-2.021672,2664
iii,OLS,200408,4.301349,,,0.202745,2650
iii,OLS,200409,1.524560,,,0.485628,2642
iii,OLS,200410,9.594569,,,-0.493507,2628
iii,OLS,200411,5.743826,,,1.464741,2610
iii,OLS,200412,-0.872467,,,-5.567832,2591
iii,OLS,200501,1.680440,,,-0.424965,2577
iii,OLS,200502,0.927317,,,-7.148343,2564
iii,OLS,200503,-4.836710,,,-3.273660,2551
iii,OLS,200504,4.787060,,,0.979230,2532
iii,OLS,200505,4.040774,,,-2.298798,2515
iii,OLS,200506,5.920806,,,1.996862,2566
iii,OLS,200507,-0.738455,,,-1.653866,2549
iii,OLS,200508,-0.551008,,,1.916208,2526
iii,OLS,200509,-2.345930,,,-2.232743,2511
iii,OLS,200510,4.659114,,,-1.609981,2493
iii,OLS,200511,0.783761,,,-0.207785,2479
iii,OLS,200512,5.979077,,,4.154015,2459
iii,OLS,200601,0.377221,,,-0.958897,2435
iii,OLS,200602,4.347809,,,-0.104248,2425
iii,OLS,200603,1.340445,,,-1.381435,2407
iii,OLS,200604,-3.794649,,,-3.696425,2397
iii,OLS,200605,-0.765619,,,-1.414431,2382
iii,OLS,200606,-2.166985,,,-4.216342,2478
iii,OLS,200607,0.550140,,,3.347674,2467
iii,OLS,200608,3.715739,,,-5.755971,2454
iii,OLS,200609,4.023263,,,1.425393,2444
iii,OLS,200610,1.603533,,,1.767938,2426
iii,OLS,200611,2.384119,,,-2.766816,2411
iii,OLS,200612,2.504221,,,0.158179,2389
iii,OLS,200701,0.294302,,,0.085540,2360
iii,OLS,200702,0.489015,,,-0.368204,2351
iii,OLS,200703,1.501900,,,1.902504,2332
iii,OLS,200704,2.974470,,,-0.538169,2314
iii,OLS,200705,-0.484105,,,-0.379563,2293
iii,OLS,200706,-4.254706,,,-0.660002,2413
iii,OLS,200707,-3.411978,,,2.880248,2396
iii,OLS,200708,-0.814514,,,3.666331,2369
iii,OLS,200709,0.281665,,,3.496192,2351
iii,OLS,200710,-7.362457,,,-2.726762,2326
iii,OLS,200711,-0.532774,,,-1.537183,2303
iii,OLS,200712,-5.578294,,,-1.159276,2279
iii,OLS,200801,-2.290046,,,1.042368,2268
iii,OLS,200802,-0.504412,,,-2.071609,2261
iii,OLS,200803,2.693297,,,0.357043,2243
iii,OLS,200804,3.083496,,,2.298152,2226
iii,OLS,200805,-8.057551,,,-0.889119,2210
iii,OLS,200806,1.265857,,,-2.307241,2369
iii,OLS,200807,5.368484,,,-5.111827,2353
iii,OLS,200808,-8.827829,,,-7.496883,2334
iii,OLS,200809,-21.006188,,,-4.922205,2323
iii,OLS,200810,-15.763737,,,2.654644,2302
iii,OLS,200811,5.437030,,,-3.080667,2290
iii,OLS,200812,-7.383721,,,7.428950,2272
iii,OLS,200901,-8.734938,,,-4.604647,2259
iii,OLS,200902,12.034202,,,0.168065,2245
iii,OLS,200903,26.064410,,,-3.470092,2231
iii,OLS,200904,6.352298,,,4.006760,2212
iii,OLS,200905,4.157647,,,-0.105926,2197
iii,OLS,200906,8.622854,,,3.194229,2330
iii,OLS,200907,5.223863,,,3.908266,2317
iii,OLS,200908,6.271743,,,4.081839,2307
iii,OLS,200909,-1.880066,,,-7.628566,2298
iii,OLS,200910,4.484971,,,-3.333696,2284
iii,OLS,200911,6.759042,,,1.761857,2263
iii,OLS,200912,-2.475574,,,0.769545,2250
iii,OLS,201001,6.452894,,,-3.413620,2238
iii,OLS,201002,8.925736,,,-0.926299,2221
iii,OLS,201003,6.535068,,,1.563522,2209
iii,OLS,201004,-5.941005,,,-3.900885,2195
iii,OLS,201005,-6.688664,,,-1.485035,2187
iii,OLS,201006,4.591749,,,4.176590,2319
iii,OLS,201007,-6.169126,,,-1.044786,2299
iii,OLS,201008,12.004485,,,0.467625,2284
iii,OLS,201009,4.126743,,,1.357426,2271
iii,OLS,201010,3.778379,,,-1.233997,2257
iii,OLS,201011,6.413499,,,3.446556,2235
iii,OLS,201012,0.810829,,,2.333113,2212
iii,OLS,201101,4.665378,,,0.552604,2200
iii,OLS,201102,1.824643,,,0.643963,2186
iii,OLS,201103,2.884784,,,-1.781124,2174
iii,OLS,201104,-1.119451,,,-1.262394,2162
iii,OLS,201105,0.049865,,,-4.171032,2147
iii,OLS,201106,-0.564098,,,-3.926049,2186
iii,OLS,201107,-7.472362,,,-3.929150,2178
iii,OLS,201108,-6.857198,,,-8.215056,2168
iii,OLS,201109,9.841549,,,6.910803,2158
iii,OLS,201110,-0.644018,,,-1.033216,2146
iii,OLS,201111,1.436836,,,-2.702750,2132
iii,OLS,201112,6.694099,,,5.024056,2118
iii,OLS,201201,3.622498,,,0.261218,2105
iii,OLS,201202,4.630806,,,-3.715994,2097
iii,OLS,201203,-0.653961,,,-1.428553,2087
iii,OLS,201204,-4.898904,,,-5.300722,2076
iii,OLS,201205,3.311682,,,1.360530,2069
iii,OLS,201206,-1.640799,,,0.855772,2126
iii,OLS,201207,1.862877,,,2.352467,2110
iii,OLS,201208,2.790371,,,1.443272,2099
iii,OLS,201209,-1.519896,,,-1.617516,2086
iii,OLS,201210,1.710334,,,-1.688223,2072
iii,OLS,201211,3.017570,,,-0.027092,2060
iii,OLS,201212,6.877533,,,0.355805,2044
iii,OLS,201301,1.612940,,,-1.917939,2036
iii,OLS,201302,3.704800,,,0.948465,2029
iii,OLS,201303,-0.493456,,,0.527069,2019
iii,OLS,201304,6.156729,,,-0.932396,2009
iii,OLS,201305,1.077288,,,-3.246069,2000
iii,OLS,201306,6.505226,,,1.619904,2085
iii,OLS,201307,-1.017878,,,-1.587773,2072
iii,OLS,201308,5.505029,,,1.618045,2061
iii,OLS,201309,4.881517,,,-2.958705,2051
iii,OLS,201310,4.881095,,,-1.050350,2035
iii,OLS,201311,1.827807,,,1.968067,2021
iii,OLS,201312,-3.265409,,,4.517445,2011
iii,OLS,201401,4.307158,,,1.552392,1998
iii,OLS,201402,1.027993,,,-1.470571,1984
iii,OLS,201403,-3.047243,,,-0.613490,1977
iii,OLS,201404,-0.363339,,,0.630670,1971
iii,OLS,201405,1.384932,,,5.770031,1961
iii,OLS,201406,-2.875099,,,-3.496676,2021
iii,OLS,201407,4.705229,,,-0.623404,2011
iii,OLS,201408,-2.086202,,,-5.914949,2003
iii,OLS,201409,4.820609,,,-4.319566,1995
iii,OLS,201410,2.388157,,,-4.467675,1984
iii,OLS,201411,4.392125,,,-6.032005,1976
iii,OLS,201412,-2.437872,,,-1.274495,1966
iii,OLS,201501,3.442473,,,7.271437,1952
iii,OLS,201502,1.717373,,,-4.185619,1941
iii,OLS,201503,-0.923111,,,1.718920,1927
iii,OLS,201504,0.847932,,,-1.337822,1923
iii,OLS,201505,0.914512,,,-3.610441,1916
iii,OLS,201506,-1.735558,,,-4.052673,1973
iii,OLS,201507,-3.472982,,,-1.224417,1957
iii,OLS,201508,-2.483727,,,-7.787000,1947
iii,OLS,201509,5.314636,,,1.888626,1935
iii,OLS,201510,0.970853,,,1.338006,1919
iii,OLS,201511,-1.512539,,,-6.958120,1916
iii,OLS,201512,-3.924088,,,-9.097234,1900
iii,OLS,201601,3.051050,,,-3.069117,1879
iii,OLS,201602,6.185696,,,4.572459,1868
iii,OLS,201603,0.350370,,,5.562204,1858
iii,OLS,201604,-1.616217,,,2.900597,1843
iii,OLS,201605,3.324248,,,-5.116363,1829
iii,OLS,201606,6.544803,,,-0.452365,1901
iii,OLS,201607,1.599644,,,-0.211437,1888
iii,OLS,201608,0.332006,,,2.608291,1878
iii,OLS,201609,-1.512796,,,-7.821483,1862
iii,OLS,201610,9.263504,,,-0.790355,1857
iii,OLS,201611,4.097496,,,-4.872120,1841
iii,OLS,201612,-1.667525,,,6.396185,1835
iii,OLS,201701,-0.065673,,,2.296109,1828
iii,OLS,201702,0.819517,,,-0.324811,1815
iii,OLS,201703,2.330368,,,-3.050713,1805
iii,OLS,201704,-0.016052,,,-2.921960,1791
iii,OLS,201705,2.252768,,,0.153986,1779
iii,OLS,201706,-0.299191,,,0.102524,1869
iii,OLS,201707,-1.503454,,,-0.150046,1865
iii,OLS,201708,4.908387,,,3.727355,1853
iii,OLS,201709,0.564866,,,-0.186041,1839
iii,OLS,201710,5.594180,,,-3.795715,1830
iii,OLS,201711,1.289999,,,0.120014,1818
iii,OLS,201712,1.826973,,,2.347850,1806
iii,OLS,201801,-3.261537,,,-2.235457,1802
iii,OLS,201802,1.746549,,,-2.889785,1792
iii,OLS,201803,0.295614,,,0.046083,1783
iii,OLS,201804,5.716057,,,-1.650958,1778
iii,OLS,201805,3.202468,,,-4.311186,1773
iii,OLS,201806,3.117408,,,-3.950974,1834
iii,OLS,201807,4.698940,,,-2.457277,1827
iii,OLS,201808,-2.398839,,,0.775139,1821
iii,OLS,201809,-6.921465,,,-7.416249,1817
iii,OLS,201810,1.222086,,,-3.219384,1809
iii,OLS,201811,-8.233738,,,-9.406227,1796
iii,OLS,201812,8.292078,,,10.153971,1784
iii,OLS,201901,3.405645,,,2.927894,1777
iii,OLS,201902,-3.305084,,,2.475076,1769
iii,OLS,201903,4.163774,,,-3.496464,1757
iii,OLS,201904,-8.020584,,,-2.835984,1750
iii,OLS,201905,5.525992,,,1.477864,1744
iii,OLS,201906,0.545965,,,-1.993586,1833
iii,OLS,201907,-4.371376,,,-2.168825,1820
iii,OLS,201908,7.350539,,,-9.212288,1820
iii,OLS,201909,2.058751,,,-4.046757,1809
iii,OLS,201910,1.347810,,,4.748915,1797
iii,OLS,201911,2.403092,,,3.122514,1787
iii,OLS,201912,-5.469678,,,6.547765,1773
iii,OLS,202001,-8.292334,,,0.986663,1771
iii,OLS,202002,-22.097462,,,-2.052379,1767
iii,OLS,202003,16.416083,,,8.939136,1759
iii,OLS,202004,5.041809,,,4.994913,1755
iii,OLS,202005,4.062615,,,5.303658,1743
iii,OLS,202006,4.314509,,,1.596550,1797
iii,OLS,202007,6.409390,,,-1.805369,1787
iii,OLS,202008,-2.421732,,,-1.444378,1782
iii,OLS,202009,2.661599,,,-2.925950,1773
iii,OLS,202010,16.877159,,,9.406682,1767
iii,OLS,202011,6.555655,,,4.047899,1761
iii,OLS,202012,9.161343,,,4.925041,1752
iii,OLS,202101,8.803725,,,1.683785,1746
iii,OLS,202102,5.537458,,,-5.786435,1738
iii,OLS,202103,3.492429,,,-3.799981,1735
iii,OLS,202104,3.068523,,,-1.117058,1723
iii,OLS,202105,1.375151,,,4.117822,1719
iii,OLS,202106,3.089671,,,-11.871654,1784
iii,OLS,202107,0.579290,,,2.190539,1778
iii,OLS,202108,-4.916157,,,3.548338,1771
iii,OLS,202109,5.296549,,,-4.045200,1761
iii,OLS,202110,1.289327,,,-11.774145,1753
iii,OLS,202111,6.244058,,,-8.388173,1746
iii,OLS,202112,-6.163226,,,-2.600696,1735
iii,OLS,202201,-0.963264,,,3.109240,1734
iii,OLS,202202,-1.993656,,,8.550193,1732
iii,OLS,202203,-3.117385,,,-13.356932,1721
iii,OLS,202204,1.747963,,,-5.507334,1714
iii,OLS,202205,-8.251466,,,0.650383,1704
iii,OLS,202206,9.413361,,,-0.880203,1793
iii,OLS,202207,-4.589268,,,5.736697,1785
iii,OLS,202208,-9.734495,,,-4.200689,1778
iii,OLS,202209,13.650419,,,-9.226412,1772
iii,OLS,202210,6.627248,,,-7.387796,1763
iii,OLS,202211,-5.308736,,,-1.454915,1757
iii,OLS,202212,7.958045,,,10.928182,1750
iii,OLS,202301,0.434711,,,-8.552770,1745
iii,OLS,202302,-1.564566,,,-5.360860,1735
iii,OLS,202303,-2.214425,,,-1.251855,1727
iii,OLS,202304,-3.555993,,,5.002038,1725
iii,OLS,202305,10.488421,,,-7.144795,1715
iii,OLS,202306,5.621045,,,-3.186896,1835
iii,OLS,202307,-1.019947,,,-8.892546,1827
iii,OLS,202308,-3.258811,,,-6.898081,1818
iii,OLS,202309,-3.572599,,,-9.678901,1808
iii,OLS,202310,6.622636,,,3.207968,1798
iii,OLS,202311,7.205738,,,8.354094,1789
iii,OLS,202312,-2.936091,,,-1.234579,1779
iii,OLS,202401,3.077703,,,3.517845,1773
iii,OLS,202402,3.736488,,,-1.273323,1766
iii,OLS,202403,-5.068705,,,-5.393917,1760
iii,OLS,202404,5.829080,,,-2.234210,1752
iii,OLS,202405,-3.849861,,,0.042114,1742
iii,OLS,202406,6.589294,,,0.730108,1950
iii,OLS,202407,-1.030320,,,-3.460430,1936
iii,OLS,202408,1.330678,,,-1.571902,1927
iii,OLS,202409,-4.778572,,,5.397937,1918
iii,OLS,202410,9.970946,,,-2.499099,1905
iii,OLS,202411,-5.525407,,,2.705985,1895
iii,OLS,202412,2.714827,,,-0.839253,1882
iii,WLS,197306,3.768996,,,1.454429,1500
iii,WLS,197307,-2.044232,,,-2.522543,1499
iii,WLS,197308,17.485594,,,-18.075815,1497
iii,WLS,197309,-1.103366,,,1.131235,1496
iii,WLS,197310,-15.305492,,,3.739824,1496
iii,WLS,197311,10.742369,,,-13.977424,1496
iii,WLS,197312,6.384814,,,-9.393001,1496
iii,WLS,197401,4.071748,,,-6.068058,1496
iii,WLS,197402,-4.033225,,,2.387315,1494
iii,WLS,197403,-3.708346,,,-0.437728,1494
iii,WLS,197404,-8.709947,,,7.380797,1494
iii,WLS,197405,-1.008573,,,-0.807123,1493
iii,WLS,197406,2.231132,,,-14.171406,1615
iii,WLS,197407,-4.419417,,,-5.731103,1614
iii,WLS,197408,-0.646409,,,-15.516156,1612
iii,WLS,197409,-4.108678,,,25.606500,1609
iii,WLS,197410,-4.111117,,,-1.369621,1609
iii,WLS,197411,-0.246384,,,-3.982283,1606
iii,WLS,197412,33.193108,,,-25.874277,1606
iii,WLS,197501,-6.069946,,,16.359841,1605
iii,WLS,197502,9.519960,,,-7.851128,1604
iii,WLS,197503,4.266197,,,0.638351,1605
iii,WLS,197504,2.667292,,,2.592590,1603
iii,WLS,197505,9.638922,,,-6.816803,1604
iii,WLS,197506,0.840866,,,-9.479158,2024
iii,WLS,197507,-2.405764,,,0.082209,2024
iii,WLS,197508,-2.350081,,,-2.332673,2024
iii,WLS,197509,0.692304,,,6.198450,2025
iii,WLS,197510,3.328779,,,-0.777796,2025
iii,WLS,197511,2.428288,,,-5.556262,2023
iii,WLS,197512,26.238838,,,-16.478680,2019
iii,WLS,197601,14.015003,,,-17.024081,2018
iii,WLS,197602,0.423103,,,2.424529,2011
iii,WLS,197603,1.597646,,,-3.995574,2003
iii,WLS,197604,-1.676692,,,0.301726,1997
iii,WLS,197605,6.320838,,,-2.934285,1988
iii,WLS,197606,0.729786,,,-3.113211,2456
iii,WLS,197607,-2.697789,,,2.503559,2449
iii,WLS,197608,4.342217,,,-2.869625,2440
iii,WLS,197609,-3.719616,,,1.229787,2434
iii,WLS,197610,5.447712,,,-7.237320,2431
iii,WLS,197611,11.707916,,,-8.666060,2422
iii,WLS,197612,7.256351,,,-15.578477,2415
iii,WLS,197701,-1.827722,,,0.157030,2400
iii,WLS,197702,0.709237,,,-3.129083,2396
iii,WLS,197703,6.813967,,,-9.534092,2387
iii,WLS,197704,0.207561,,,-2.813139,2380
iii,WLS,197705,2.370992,,,2.817445,2366
iii,WLS,197706,-2.668111,,,0.519622,2607
iii,WLS,197707,-8.668237,,,9.445187,2592
iii,WLS,197708,1.093534,,,-2.139229,2580
iii,WLS,197709,-2.006928,,,-3.144520,2569
iii,WLS,197710,6.229429,,,-3.191275,2560
iii,WLS,197711,1.468902,,,-1.350601,2550
iii,WLS,197712,-2.958045,,,-4.330785,2539
iii,WLS,197801,2.854963,,,-6.038460,2517
iii,WLS,197802,8.464717,,,-7.960172,2507
iii,WLS,197803,3.377285,,,7.332776,2496
iii,WLS,197804,4.554008,,,-3.786085,2482
iii,WLS,197805,-2.908009,,,0.989567,2461
iii,WLS,197806,4.652642,,,1.361353,2566
iii,WLS,197807,5.067931,,,-1.956673,2552
iii,WLS,197808,2.088536,,,-5.134155,2536
iii,WLS,197809,-16.764686,,,7.241818,2523
iii,WLS,197810,3.748078,,,-1.157310,2517
iii,WLS,197811,-2.533028,,,5.481700,2502
iii,WLS,197812,8.876328,,,-7.258336,2489
iii,WLS,197901,-3.901023,,,0.422013,2466
iii,WLS,197902,8.783566,,,-4.259960,2451
iii,WLS,197903,2.277117,,,-3.137914,2443
iii,WLS,197904,-4.070801,,,2.024427,2430
iii,WLS,197905,5.835821,,,-3.641619,2413
iii,WLS,197906,4.435224,,,-5.865110,2506
iii,WLS,197907,7.139312,,,-0.831932,2490
iii,WLS,197908,1.777146,,,-3.492375,2475
iii,WLS,197909,-10.447181,,,3.542242,2463
iii,WLS,197910,1.177723,,,6.140030,2455
iii,WLS,197911,3.320452,,,-0.991960,2441
iii,WLS,197912,13.160442,,,-10.161326,2421
iii,WLS,198001,3.838076,,,-7.097536,2397
iii,WLS,198002,-18.836135,,,7.980080,2387
iii,WLS,198003,2.383515,,,0.366258,2377
iii,WLS,198004,5.474699,,,-0.404457,2366
iii,WLS,198005,0.840206,,,3.155914,2354
iii,WLS,198006,7.120791,,,1.406376,2404
iii,WLS,198007,-0.145107,,,3.132390,2398
iii,WLS,198008,-1.433798,,,6.757413,2389
iii,WLS,198009,0.928533,,,0.399935,2369
iii,WLS,198010,6.548202,,,7.059799,2361
iii,WLS,198011,-6.660549,,,1.947883,2348
iii,WLS,198012,0.154732,,,-9.414453,2336
iii,WLS,198101,2.630938,,,-1.900500,2320
iii,WLS,198102,4.953621,,,-1.676898,2306
iii,WLS,198103,-0.276529,,,-4.401104,2294
iii,WLS,198104,-2.009965,,,2.334754,2281
iii,WLS,198105,1.326222,,,-6.208595,2274
iii,WLS,198106,-5.031807,,,5.778469,2390
iii,WLS,198107,-6.409624,,,-2.208835,2382
iii,WLS,198108,-4.440040,,,-6.030948,2367
iii,WLS,198109,-3.343451,,,13.872626,2351
iii,WLS,198110,3.454559,,,-0.098608,2339
iii,WLS,198111,-0.834212,,,-4.445290,2334
iii,WLS,198112,-1.597292,,,-3.276673,2320
iii,WLS,198201,1.691470,,,-13.552298,2314
iii,WLS,198202,3.200821,,,-8.773052,2300
iii,WLS,198203,1.709179,,,3.821715,2280
iii,WLS,198204,-1.011859,,,-4.958183,2265
iii,WLS,198205,0.992270,,,-6.305286,2251
iii,WLS,198206,-4.343398,,,2.140417,2439
iii,WLS,198207,13.225322,,,-3.088384,2427
iii,WLS,198208,0.459392,,,0.880479,2418
iii,WLS,198209,10.590360,,,1.510927,2399
iii,WLS,198210,4.040106,,,1.906750,2387
iii,WLS,198211,1.959199,,,-1.715892,2376
iii,WLS,198212,3.642241,,,-0.685593,2364
iii,WLS,198301,4.971643,,,-3.753950,2342
iii,WLS,198302,5.314046,,,-4.538260,2331
iii,WLS,198303,8.765563,,,-4.542009,2321
iii,WLS,198304,-0.797386,,,1.888949,2312
iii,WLS,198305,3.876008,,,1.016445,2306
iii,WLS,198306,-1.124636,,,-6.077316,2471
iii,WLS,198307,3.944138,,,-8.794393,2458
iii,WLS,198308,-0.783167,,,3.172402,2443
iii,WLS,198309,-0.163070,,,-6.052936,2435
iii,WLS,198310,1.544462,,,1.671900,2428
iii,WLS,198311,0.679322,,,-3.345799,2421
iii,WLS,198312,5.268369,,,-15.256982,2408
iii,WLS,198401,-0.866705,,,-7.337794,2392
iii,WLS,198402,0.901250,,,0.338002,2372
iii,WLS,198403,1.365963,,,-2.994083,2363
iii,WLS,198404,-5.854391,,,-0.298873,2352
iii,WLS,198405,-1.311553,,,5.975959,2339
iii,WLS,198406,-2.221496,,,-1.741029,2601
iii,WLS,198407,9.419293,,,3.173771,2585
iii,WLS,198408,1.627534,,,-8.254103,2568
iii,WLS,198409,-0.694783,,,-1.037233,2545
iii,WLS,198410,-0.601361,,,-3.970819,2527
iii,WLS,198411,0.618910,,,1.418350,2503
iii,WLS,198412,4.472772,,,9.227450,2484
iii,WLS,198501,2.727921,,,-3.821807,2462
iii,WLS,198502,-0.591431,,,-2.609599,2443
iii,WLS,198503,0.445690,,,-5.101583,2435
iii,WLS,198504,4.030820,,,2.451110,2422
iii,WLS,198505,0.503472,,,0.448968,2404
iii,WLS,198506,1.085499,,,-1.150174,2626
iii,WLS,198507,0.114893,,,-3.073870,2609
iii,WLS,198508,-0.719239,,,-6.488528,2591
iii,WLS,198509,4.380413,,,-2.268610,2574
iii,WLS,198510,3.315523,,,7.099835,2558
iii,WLS,198511,1.061315,,,5.597856,2536
iii,WLS,198512,-0.859318,,,1.830000,2515
iii,WLS,198601,7.793024,,,-1.039153,2500
iii,WLS,198602,3.585527,,,2.463729,2484
iii,WLS,198603,-3.039428,,,4.811798,2468
iii,WLS,198604,5.621275,,,-1.410644,2442
iii,WLS,198605,-0.500607,,,1.619441,2428
iii,WLS,198606,-4.963863,,,-5.529061,2705
iii,WLS,198607,10.856317,,,-10.054503,2682
iii,WLS,198608,-2.613968,,,-10.208347,2670
iii,WLS,198609,4.089561,,,2.438680,2648
iii,WLS,198610,2.164762,,,-0.400220,2621
iii,WLS,198611,-2.717613,,,-0.799808,2590
iii,WLS,198612,13.046389,,,1.403790,2538
iii,WLS,198701,1.409045,,,8.850295,2515
iii,WLS,198702,7.726587,,,-9.351010,2508
iii,WLS,198703,-0.236380,,,-1.758381,2485
iii,WLS,198704,0.296355,,,0.790049,2464
iii,WLS,198705,5.072433,,,-1.932480,2457
iii,WLS,198706,4.508091,,,1.388762,2812
iii,WLS,198707,2.784867,,,0.813313,2790
iii,WLS,198708,-3.988617,,,2.450879,2771
iii,WLS,198709,-22.500456,,,-3.918840,2750
iii,WLS,198710,-7.544173,,,-1.934545,2721
iii,WLS,198711,9.253737,,,-1.555901,2695
iii,WLS,198712,6.751006,,,-7.694311,2672
iii,WLS,198801,6.611150,,,-1.327480,2652
iii,WLS,198802,-0.210690,,,-4.415998,2632
iii,WLS,198803,4.291903,,,-6.995027,2613
iii,WLS,198804,0.485970,,,-2.631562,2593
iii,WLS,198805,4.081160,,,1.988360,2567
iii,WLS,198806,-0.253876,,,-2.497319,2645
iii,WLS,198807,-5.129674,,,1.418183,2625
iii,WLS,198808,1.688438,,,3.549501,2596
iii,WLS,198809,4.230235,,,-4.184841,2576
iii,WLS,198810,-1.104995,,,-1.958702,2551
iii,WLS,198811,-0.128423,,,3.494429,2525
iii,WLS,198812,7.052250,,,-1.043002,2498
iii,WLS,198901,-2.951340,,,0.364287,2481
iii,WLS,198902,0.181390,,,2.037938,2458
iii,WLS,198903,2.001925,,,4.687793,2439
iii,WLS,198904,-0.278512,,,6.381497,2428
iii,WLS,198905,-1.882308,,,-0.513180,2406
iii,WLS,198906,3.634375,,,7.443065,2677
iii,WLS,198907,6.168487,,,-7.770928,2657
iii,WLS,198908,-2.366922,,,2.169972,2635
iii,WLS,198909,-5.304865,,,2.900530,2613
iii,WLS,198910,-1.034091,,,3.761273,2594
iii,WLS,198911,3.597887,,,-3.309705,2570
iii,WLS,198912,-6.850426,,,-1.235048,2555
iii,WLS,199001,1.712319,,,-1.156437,2533
iii,WLS,199002,2.771800,,,0.428244,2520
iii,WLS,199003,-4.132517,,,2.234441,2506
iii,WLS,199004,7.321861,,,2.026069,2491
iii,WLS,199005,-4.436270,,,5.976749,2473
iii,WLS,199006,-1.666896,,,1.034471,2800
iii,WLS,199007,-12.614909,,,3.959450,2777
iii,WLS,199008,-6.007254,,,-0.221099,2756
iii,WLS,199009,-4.437675,,,4.022148,2746
iii,WLS,199010,8.190829,,,-4.046055,2730
iii,WLS,199011,4.749499,,,-3.229840,2725
iii,WLS,199012,6.722169,,,-3.075289,2712
iii,WLS,199101,4.859091,,,3.951551,2699
iii,WLS,199102,1.798560,,,1.686374,2689
iii,WLS,199103,0.632778,,,-1.285062,2674
iii,WLS,199104,4.796221,,,-0.806565,2659
iii,WLS,199105,-3.640836,,,-1.748826,2645
iii,WLS,199106,1.170268,,,4.543507,2801
iii,WLS,199107,-1.067488,,,4.479422,2778
iii,WLS,199108,-2.731674,,,0.460872,2765
iii,WLS,199109,3.502183,,,-3.486482,2757
iii,WLS,199110,-8.337878,,,6.078508,2740
iii,WLS,199111,4.562614,,,10.543704,2725
iii,WLS,199112,6.775985,,,-11.222553,2705
iii,WLS,199201,6.978907,,,-8.567133,2696
iii,WLS,199202,1.092994,,,-5.534758,2684
iii,WLS,199203,4.395881,,,-4.411751,2673
iii,WLS,199204,-2.943518,,,4.398478,2659
iii,WLS,199205,-5.418351,,,3.466140,2633
iii,WLS,199206,4.689361,,,-1.792792,2762
iii,WLS,199207,-1.417119,,,-1.202026,2734
iii,WLS,199208,0.825973,,,-0.006833,2710
iii,WLS,199209,1.212945,,,-1.163509,2698
iii,WLS,199210,1.937700,,,2.606874,2681
iii,WLS,199211,1.596487,,,-1.302486,2672
iii,WLS,199212,0.781645,,,-1.154842,2663
iii,WLS,199301,3.822377,,,-5.902965,2651
iii,WLS,199302,1.634336,,,0.315731,2642
iii,WLS,199303,-0.726020,,,-3.717635,2627
iii,WLS,199304,3.548515,,,-0.006035,2619
iii,WLS,199305,-1.454978,,,1.148415,2613
iii,WLS,199306,-3.970639,,,4.658237,2797
iii,WLS,199307,5.468879,,,-2.928818,2782
iii,WLS,199308,1.175383,,,-3.087964,2774
iii,WLS,199309,-0.580622,,,5.304150,2766
iii,WLS,199310,-2.111467,,,2.066694,2757
iii,WLS,199311,0.370348,,,1.817394,2744
iii,WLS,199312,0.324944,,,4.703096,2729
iii,WLS,199401,0.955141,,,-4.572447,2718
iii,WLS,199402,-1.871996,,,-4.465287,2698
iii,WLS,199403,1.448949,,,-1.403075,2689
iii,WLS,199404,1.789216,,,-2.045559,2676
iii,WLS,199405,-1.419109,,,-2.309666,2660
iii,WLS,199406,1.126741,,,2.834512,2893
iii,WLS,199407,9.149860,,,-7.784480,2884
iii,WLS,199408,-0.925010,,,-1.304514,2867
iii,WLS,199409,5.064728,,,-5.535445,2852
iii,WLS,199410,0.670693,,,-7.313886,2841
iii,WLS,199411,-1.184133,,,3.169897,2826
iii,WLS,199412,2.419016,,,-1.986240,2805
iii,WLS,199501,2.724301,,,1.659180,2795
iii,WLS,199502,4.799337,,,-3.198173,2780
iii,WLS,199503,5.645359,,,-5.229414,2761
iii,WLS,199504,3.558178,,,-1.876707,2746
iii,WLS,199505,4.808177,,,-3.131672,2729
iii,WLS,199506,2.977066,,,0.918605,3093
iii,WLS,199507,-0.819990,,,0.759758,3073
iii,WLS,199508,3.074219,,,0.106011,3052
iii,WLS,199509,1.908985,,,-5.352997,3029
iii,WLS,199510,-2.602364,,,9.771096,3013
iii,WLS,199511,-1.094268,,,3.423769,2995
iii,WLS,199512,-0.717713,,,4.960538,2981
iii,WLS,199601,5.028165,,,-5.786810,2966
iii,WLS,199602,-2.705810,,,5.365993,2949
iii,WLS,199603,6.794667,,,-6.705307,2930
iii,WLS,199604,5.606925,,,-4.728523,2916
iii,WLS,199605,-2.297270,,,1.630566,2894
iii,WLS,199606,-3.458745,,,-4.012791,3282
iii,WLS,199607,2.577383,,,-0.489895,3260
iii,WLS,199608,6.962104,,,-3.647482,3230
iii,WLS,199609,1.057529,,,-0.902574,3211
iii,WLS,199610,8.775730,,,-4.178315,3195
iii,WLS,199611,-1.005522,,,-0.329400,3182
iii,WLS,199612,8.657847,,,-5.096501,3150
iii,WLS,199701,-0.140995,,,-1.242305,3133
iii,WLS,199702,-1.554920,,,-4.581025,3116
iii,WLS,199703,5.959944,,,-2.775603,3097
iii,WLS,199704,4.986511,,,2.471138,3081
iii,WLS,199705,3.085838,,,0.598039,3065
iii,WLS,199706,7.274551,,,-0.388696,3313
iii,WLS,199707,-1.623706,,,-3.783932,3285
iii,WLS,199708,2.838394,,,2.202156,3260
iii,WLS,199709,-2.454050,,,-3.833165,3233
iii,WLS,199710,6.581606,,,-6.365493,3207
iii,WLS,199711,-3.115351,,,4.843176,3188
iii,WLS,199712,3.777219,,,-4.163693,3146
iii,WLS,199801,5.582596,,,2.842563,3118
iii,WLS,199802,0.170092,,,6.403541,3100
iii,WLS,199803,-1.457260,,,2.895984,3059
iii,WLS,199804,-2.829036,,,0.263902,3039
iii,WLS,199805,4.707873,,,-2.688398,3019
iii,WLS,199806,-1.968447,,,-1.021823,3229
iii,WLS,199807,-12.850399,,,-2.106905,3194
iii,WLS,199808,8.171069,,,-1.758845,3166
iii,WLS,199809,7.696351,,,-1.186504,3127
iii,WLS,199810,12.552494,,,-10.643709,3074
iii,WLS,199811,6.620978,,,-1.324231,3047
iii,WLS,199812,5.174183,,,-1.541019,3017
iii,WLS,199901,-7.586826,,,4.203132,2979
iii,WLS,199902,-0.596509,,,6.060198,2958
iii,WLS,199903,-0.984924,,,6.077143,2921
iii,WLS,199904,3.696140,,,-9.115016,2892
iii,WLS,199905,9.132254,,,-6.221195,2869
iii,WLS,199906,-1.137077,,,-1.530498,3202
iii,WLS,199907,-1.132977,,,1.481055,3174
iii,WLS,199908,-4.443486,,,1.464120,3139
iii,WLS,199909,0.096488,,,6.091788,3098
iii,WLS,199910,6.917627,,,-4.212468,3072
iii,WLS,199911,3.413939,,,5.129099,3023
iii,WLS,199912,-0.530333,,,-6.110747,2993
iii,WLS,200001,10.695478,,,-11.453752,2967
iii,WLS,200002,1.029684,,,7.537348,2942
iii,WLS,200003,3.233724,,,-10.059333,2908
iii,WLS,200004,0.645741,,,-6.844795,2886
iii,WLS,200005,0.992444,,,5.799112,2863
iii,WLS,200006,-1.891909,,,-3.014449,3130
iii,WLS,200007,-1.303371,,,8.852920,3105
iii,WLS,200008,7.016588,,,-20.824565,3065
iii,WLS,200009,9.999521,,,-13.672119,3033
iii,WLS,200010,16.448533,,,-35.198662,2986
iii,WLS,200011,18.240263,,,-27.808434,2949
iii,WLS,200012,-9.006937,,,18.448670,2908
iii,WLS,200101,15.836729,,,-36.880511,2875
iii,WLS,200102,0.074040,,,-10.828567,2856
iii,WLS,200103,-2.573170,,,14.278699,2831
iii,WLS,200104,4.788191,,,-6.238258,2796
iii,WLS,200105,0.583417,,,-4.548987,2761
iii,WLS,200106,3.273123,,,-5.317750,2907
iii,WLS,200107,5.728341,,,-16.759326,2880
iii,WLS,200108,-15.603735,,,9.754300,2844
iii,WLS,200109,7.775320,,,-6.207057,2820
iii,WLS,200110,9.850269,,,-2.825864,2805
iii,WLS,200111,8.357628,,,-10.767994,2774
iii,WLS,200112,4.999521,,,-6.642776,2752
iii,WLS,200201,1.900204,,,-5.177033,2731
iii,WLS,200202,6.975253,,,-5.069126,2708
iii,WLS,200203,7.428998,,,-18.527947,2686
iii,WLS,200204,-1.779618,,,1.241791,2667
iii,WLS,200205,-3.477809,,,-5.511723,2643
iii,WLS,200206,-7.771656,,,-1.491322,2824
iii,WLS,200207,1.737245,,,-2.832546,2801
iii,WLS,200208,-6.388887,,,-5.458790,2780
iii,WLS,200209,1.246557,,,10.971606,2766
iii,WLS,200210,-1.960017,,,12.362083,2733
iii,WLS,200211,1.666771,,,-11.646428,2716
iii,WLS,200212,-4.238789,,,2.019793,2692
iii,WLS,200301,-2.177284,,,0.997156,2668
iii,WLS,200302,1.618585,,,-0.961408,2648
iii,WLS,200303,1.197127,,,8.237230,2616
iii,WLS,200304,6.667835,,,-1.174884,2601
iii,WLS,200305,2.379553,,,-1.166216,2580
iii,WLS,200306,3.888392,,,-2.234985,2805
iii,WLS,200307,7.079011,,,-5.853573,2787
iii,WLS,200308,-2.534545,,,0.554730,2762
iii,WLS,200309,12.175008,,,-8.903851,2741
iii,WLS,200310,4.978994,,,-5.016353,2726
iii,WLS,200311,-3.482818,,,11.596670,2708
iii,WLS,200312,3.263307,,,-3.098339,2687
iii,WLS,200401,5.254706,,,-6.403129,2673
iii,WLS,200402,0.245075,,,-2.319288,2659
iii,WLS,200403,-3.953430,,,4.496695,2648
iii,WLS,200404,1.126601,,,-0.157408,2629
iii,WLS,200405,1.757549,,,0.625273,2611
iii,WLS,200406,-0.701329,,,-6.561467,2679
iii,WLS,200407,1.162723,,,-3.775336,2664
iii,WLS,200408,1.868312,,,0.195834,2650
iii,WLS,200409,3.410614,,,-2.895149,2642
iii,WLS,200410,4.229613,,,0.465359,2628
iii,WLS,200411,3.436292,,,-0.142737,2610
iii,WLS,200412,1.005432,,,-6.356923,2591
iii,WLS,200501,4.415684,,,-2.577826,2577
iii,WLS,200502,0.460174,,,-3.595625,2564
iii,WLS,200503,-4.461407,,,2.725920,2551
iii,WLS,200504,3.653471,,,0.314063,2532
iii,WLS,200505,3.086854,,,-5.448828,2515
iii,WLS,200506,5.485285,,,-1.516200,2566
iii,WLS,200507,-1.889218,,,1.072197,2549
iii,WLS,200508,-0.000408,,,0.186828,2526
iii,WLS,200509,-3.461312,,,1.624593,2511
iii,WLS,200510,2.317765,,,2.296037,2493
iii,WLS,200511,-0.675339,,,0.072971,2479
iii,WLS,200512,5.143919,,,-3.198758,2459
iii,WLS,200601,-0.756106,,,0.257653,2435
iii,WLS,200602,1.755244,,,0.339738,2425
iii,WLS,200603,0.750932,,,-1.124147,2407
iii,WLS,200604,-2.889054,,,-1.240671,2397
iii,WLS,200605,1.196340,,,-2.578356,2382
iii,WLS,200606,0.601798,,,-3.330688,2478
iii,WLS,200607,0.531916,,,2.616221,2467
iii,WLS,200608,2.776275,,,-1.452175,2454
iii,WLS,200609,3.740949,,,-1.100272,2444
iii,WLS,200610,0.884262,,,1.501974,2426
iii,WLS,200611,0.365073,,,-0.036701,2411
iii,WLS,200612,1.633817,,,0.150109,2389
iii,WLS,200701,-2.611638,,,1.594961,2360
iii,WLS,200702,0.510107,,,0.405292,2351
iii,WLS,200703,2.877514,,,1.600989,2332
iii,WLS,200704,3.337811,,,0.447488,2314
iii,WLS,200705,-1.157762,,,-0.181944,2293
iii,WLS,200706,-5.571367,,,5.584399,2413
iii,WLS,200707,-0.069781,,,1.449382,2396
iii,WLS,200708,-0.395871,,,7.113228,2369
iii,WLS,200709,-1.189320,,,6.235327,2351
iii,WLS,200710,-2.633214,,,-3.579594,2326
iii,WLS,200711,-0.630950,,,1.063618,2303
iii,WLS,200712,-4.196599,,,-5.250325,2279
iii,WLS,200801,0.742970,,,-3.940873,2268
iii,WLS,200802,-1.573523,,,3.279557,2261
iii,WLS,200803,6.216710,,,-3.891759,2243
iii,WLS,200804,2.895501,,,0.109470,2226
iii,WLS,200805,-3.985085,,,-5.177217,2210
iii,WLS,200806,2.508032,,,-6.870702,2369
iii,WLS,200807,6.180727,,,-7.177285,2353
iii,WLS,200808,-0.934453,,,-16.266369,2334
iii,WLS,200809,-11.941449,,,-9.158131,2323
iii,WLS,200810,-3.771344,,,-5.125967,2302
iii,WLS,200811,5.239651,,,-5.239032,2290
iii,WLS,200812,-8.068112,,,3.184728,2272
iii,WLS,200901,-6.170505,,,-4.859344,2259
iii,WLS,200902,8.662872,,,0.155945,2245
iii,WLS,200903,6.448755,,,5.315543,2231
iii,WLS,200904,-1.963426,,,10.200137,2212
iii,WLS,200905,2.049383,,,-2.202359,2197
iii,WLS,200906,5.411918,,,4.225010,2330
iii,WLS,200907,1.981831,,,0.606788,2317
iii,WLS,200908,2.127587,,,4.386585,2307
iii,WLS,200909,0.455939,,,-4.452210,2298
iii,WLS,200910,2.874791,,,5.289102,2284
iii,WLS,200911,2.922294,,,0.192286,2263
iii,WLS,200912,-3.950062,,,-0.476469,2250
iii,WLS,201001,5.565588,,,-3.053790,2238
iii,WLS,201002,4.665748,,,2.541454,2221
iii,WLS,201003,1.295814,,,1.900392,2209
iii,WLS,201004,-7.595504,,,-0.325710,2195
iii,WLS,201005,-8.354973,,,4.328876,2187
iii,WLS,201006,4.711980,,,4.046853,2319
iii,WLS,201007,-4.657447,,,0.668175,2299
iii,WLS,201008,9.051116,,,2.453375,2284
iii,WLS,201009,1.955126,,,4.239202,2271
iii,WLS,201010,0.399362,,,1.391777,2257
iii,WLS,201011,3.509813,,,4.496369,2235
iii,WLS,201012,-1.113456,,,5.360087,2212
iii,WLS,201101,2.146024,,,2.274288,2200
iii,WLS,201102,0.234423,,,1.435763,2186
iii,WLS,201103,6.084029,,,-4.500579,2174
iii,WLS,201104,1.082932,,,-3.700937,2162
iii,WLS,201105,-0.422312,,,-1.594032,2147
iii,WLS,201106,-3.629001,,,3.262997,2186
iii,WLS,201107,-2.633035,,,-5.332585,2178
iii,WLS,201108,-1.657661,,,-9.826930,2168
iii,WLS,201109,7.542630,,,6.613618,2158
iii,WLS,201110,1.919875,,,-2.701150,2146
iii,WLS,201111,3.231864,,,-5.408203,2132
iii,WLS,201112,1.687014,,,6.481775,2118
iii,WLS,201201,1.508795,,,4.706210,2105
iii,WLS,201202,3.477703,,,-1.321517,2097
iii,WLS,201203,-0.408002,,,-0.059395,2087
iii,WLS,201204,-1.973549,,,-7.493673,2076
iii,WLS,201205,4.161722,,,-0.863658,2069
iii,WLS,201206,1.557852,,,-1.104292,2126
iii,WLS,201207,2.244484,,,0.669210,2110
iii,WLS,201208,0.406283,,,2.966220,2099
iii,WLS,201209,-1.013578,,,-2.427628,2086
iii,WLS,201210,0.105273,,,1.893726,2072
iii,WLS,201211,-0.839763,,,2.580984,2060
iii,WLS,201212,6.173322,,,-1.732627,2044
iii,WLS,201301,1.629746,,,-1.042880,2036
iii,WLS,201302,4.093664,,,-0.385096,2029
iii,WLS,201303,3.914132,,,-4.492618,2019
iii,WLS,201304,3.139403,,,-1.478202,2009
iii,WLS,201305,-0.783932,,,-1.329156,2000
iii,WLS,201306,4.584793,,,1.593814,2085
iii,WLS,201307,-3.243483,,,1.616629,2072
iii,WLS,201308,2.183035,,,3.129170,2061
iii,WLS,201309,3.923069,,,0.776768,2051
iii,WLS,201310,3.974917,,,-1.900179,2035
iii,WLS,201311,1.072437,,,2.672291,2021
iii,WLS,201312,-5.981144,,,4.010390,2011
iii,WLS,201401,6.342376,,,-2.230883,1998
iii,WLS,201402,2.677495,,,-4.030859,1984
iii,WLS,201403,1.214541,,,-1.160487,1977
iii,WLS,201404,1.122096,,,1.941803,1971
iii,WLS,201405,1.873845,,,0.655271,1961
iii,WLS,201406,-0.520851,,,-2.133423,2021
iii,WLS,201407,3.892253,,,0.540959,2011
iii,WLS,201408,-0.324591,,,-3.410631,2003
iii,WLS,201409,2.788655,,,-1.039203,1995
iii,WLS,201410,6.270777,,,-5.984010,1984
iii,WLS,201411,1.289729,,,-3.600575,1976
iii,WLS,201412,-3.061622,,,1.590426,1966
iii,WLS,201501,4.151095,,,4.431611,1952
iii,WLS,201502,-1.272983,,,-0.688187,1941
iii,WLS,201503,-1.853541,,,5.029605,1927
iii,WLS,201504,1.266139,,,-0.038798,1923
iii,WLS,201505,-2.259933,,,0.446511,1916
iii,WLS,201506,0.372446,,,1.433381,1973
iii,WLS,201507,-5.343194,,,-1.112425,1957
iii,WLS,201508,-1.848201,,,-1.652780,1947
iii,WLS,201509,4.309460,,,7.289754,1935
iii,WLS,201510,-0.758855,,,2.195729,1919
iii,WLS,201511,-2.287272,,,0.123033,1916
iii,WLS,201512,0.034090,,,-10.084584,1900
iii,WLS,201601,0.848680,,,-0.285971,1879
iii,WLS,201602,5.808438,,,2.105078,1868
iii,WLS,201603,-2.262777,,,4.677795,1858
iii,WLS,201604,1.421158,,,0.526365,1843
iii,WLS,201605,1.902578,,,-2.026909,1829
iii,WLS,201606,4.893120,,,-1.035552,1901
iii,WLS,201607,0.227709,,,-0.964314,1888
iii,WLS,201608,-0.493681,,,1.878396,1878
iii,WLS,201609,-2.750361,,,0.078217,1862
iii,WLS,201610,2.499818,,,2.209159,1857
iii,WLS,201611,2.042882,,,-1.404312,1841
iii,WLS,201612,-1.281894,,,6.597265,1835
iii,WLS,201701,5.305846,,,-3.645459,1828
iii,WLS,201702,1.925740,,,-1.972073,1815
iii,WLS,201703,1.523743,,,-0.197267,1805
iii,WLS,201704,0.977286,,,1.061655,1791
iii,WLS,201705,-0.844735,,,1.326961,1779
iii,WLS,201706,0.055512,,,3.483048,1869
iii,WLS,201707,0.749569,,,-0.583877,1865
iii,WLS,201708,1.132177,,,2.156569,1853
iii,WLS,201709,2.752219,,,-0.618572,1839
iii,WLS,201710,6.705782,,,-6.284966,1830
iii,WLS,201711,0.201738,,,2.096761,1818
iii,WLS,201712,2.319654,,,6.936957,1806
iii,WLS,201801,-4.872164,,,2.571052,1802
iii,WLS,201802,-1.306586,,,-1.775759,1792
iii,WLS,201803,-1.143453,,,2.750503,1783
iii,WLS,201804,1.403149,,,3.606051,1778
iii,WLS,201805,2.210577,,,-2.878749,1773
iii,WLS,201806,4.235752,,,-2.532475,1834
iii,WLS,201807,4.642581,,,-0.641067,1827
iii,WLS,201808,-0.274604,,,1.768297,1821
iii,WLS,201809,-3.091341,,,-9.812783,1817
iii,WLS,201810,1.550418,,,-0.943984,1809
iii,WLS,201811,-7.991804,,,-2.667688,1796
iii,WLS,201812,4.519105,,,6.903375,1784
iii,WLS,201901,2.719500,,,1.551005,1777
iii,WLS,201902,0.803383,,,2.179608,1769
iii,WLS,201903,1.983498,,,3.390509,1757
iii,WLS,201904,-7.340510,,,-0.375661,1750
iii,WLS,201905,7.427598,,,0.767555,1744
iii,WLS,201906,0.949706,,,-0.374736,1833
iii,WLS,201907,-0.671692,,,-3.405418,1820
iii,WLS,201908,3.244716,,,-3.623127,1820
iii,WLS,201909,2.305016,,,0.046807,1809
iii,WLS,201910,1.448208,,,4.664969,1797
iii,WLS,201911,3.569250,,,-0.920416,1787
iii,WLS,201912,-6.332051,,,11.375836,1773
iii,WLS,202001,-7.384881,,,-0.456371,1771
iii,WLS,202002,-9.753513,,,-2.707885,1767
iii,WLS,202003,14.863145,,,-0.713047,1759
iii,WLS,202004,5.681064,,,-0.049694,1755
iii,WLS,202005,-1.355933,,,8.841020,1743
iii,WLS,202006,2.996219,,,6.884856,1797
iii,WLS,202007,1.800310,,,13.133035,1787
iii,WLS,202008,-1.498108,,,-4.847480,1782
iii,WLS,202009,-2.401570,,,-1.195273,1773
iii,WLS,202010,6.400616,,,9.930126,1767
iii,WLS,202011,-0.233631,,,9.613610,1761
iii,WLS,202012,-1.119421,,,1.999199,1752
iii,WLS,202101,3.546604,,,-3.527545,1746
iii,WLS,202102,8.700212,,,-10.923616,1738
iii,WLS,202103,3.287685,,,2.527126,1735
iii,WLS,202104,2.225932,,,-4.449565,1723
iii,WLS,202105,0.576348,,,6.022229,1719
iii,WLS,202106,2.322390,,,-1.112927,1784
iii,WLS,202107,2.018342,,,2.039164,1778
iii,WLS,202108,-8.510529,,,7.173109,1771
iii,WLS,202109,2.511931,,,8.612909,1761
iii,WLS,202110,0.680919,,,-0.918935,1753
iii,WLS,202111,7.459835,,,-8.685911,1746
iii,WLS,202112,-6.974241,,,0.665208,1735
iii,WLS,202201,-6.374800,,,7.046905,1734
iii,WLS,202202,0.275239,,,7.544785,1732
iii,WLS,202203,-2.420036,,,-13.644686,1721
iii,WLS,202204,-1.014843,,,0.835567,1714
iii,WLS,202205,-6.365756,,,-4.647852,1704
iii,WLS,202206,4.430490,,,12.042424,1793
iii,WLS,202207,-4.275559,,,0.009350,1785
iii,WLS,202208,-7.427094,,,-4.046827,1778
iii,WLS,202209,10.815078,,,-6.618359,1772
iii,WLS,202210,7.503755,,,-5.717092,1763
iii,WLS,202211,-0.673599,,,-12.184205,1757
iii,WLS,202212,1.997311,,,10.139594,1750
iii,WLS,202301,-6.103264,,,8.444637,1745
iii,WLS,202302,3.337904,,,3.119299,1735
iii,WLS,202303,4.462860,,,-8.359689,1727
iii,WLS,202304,-8.014478,,,18.631892,1725
iii,WLS,202305,4.202259,,,5.933867,1715
iii,WLS,202306,5.111166,,,-4.889846,1835
iii,WLS,202307,-1.350755,,,-0.612122,1827
iii,WLS,202308,-2.625934,,,-5.003673,1818
iii,WLS,202309,-1.150657,,,-4.440734,1808
iii,WLS,202310,2.859910,,,11.959219,1798
iii,WLS,202311,6.202880,,,-2.142631,1789
iii,WLS,202312,1.645410,,,0.466993,1779
iii,WLS,202401,8.658083,,,-3.601925,1773
iii,WLS,202402,5.391352,,,-4.731068,1766
iii,WLS,202403,-6.339580,,,1.670791,1760
iii,WLS,202404,3.457259,,,1.640702,1752
iii,WLS,202405,0.313997,,,6.350574,1742
iii,WLS,202406,1.689498,,,-3.671028,1950
iii,WLS,202407,0.878694,,,0.006418,1936
iii,WLS,202408,1.035592,,,2.537874,1927
iii,WLS,202409,-3.704592,,,4.203829,1918
iii,WLS,202410,4.524135,,,3.229787,1905
iii,WLS,202411,-4.990162,,,4.025952,1895
iii,WLS,202412,9.380900,,,-13.449310,1882
iv,OLS,196306,-0.854231,-1.376381,0.581746,,460
iv,OLS,196307,6.368585,-1.613535,-0.239408,,465
iv,OLS,196308,-3.955036,1.882626,1.597176,,469
iv,OLS,196309,2.293045,-0.476745,0.639039,,474
iv,OLS,196310,1.310979,-0.657567,-3.985385,,477
iv,OLS,196311,1.906431,-2.205291,-0.280328,,479
iv,OLS,196312,0.079891,2.270632,2.161179,,491
iv,OLS,196401,2.244331,1.222282,-0.999509,,471
iv,OLS,196402,4.155438,4.011474,-4.334992,,474
iv,OLS,196403,-0.314913,-0.288809,0.270715,,477
iv,OLS,196404,-0.267416,1.735209,0.655930,,476
iv,OLS,196405,0.926305,0.130502,1.136139,,488
iv,OLS,196406,1.210825,2.520393,0.383998,,708
iv,OLS,196407,-0.124441,0.118968,-1.582406,,717
iv,OLS,196408,6.816715,-3.049921,-3.896969,,721
iv,OLS,196409,-0.400280,3.230887,1.569533,,729
iv,OLS,196410,-0.072345,-1.555653,1.367779,,735
iv,OLS,196411,0.286276,-3.325981,0.931193,,740
iv,OLS,196412,3.519121,2.194209,2.430353,,770
iv,OLS,196501,1.662047,1.567363,1.427272,,720
iv,OLS,196502,-2.440698,4.018399,1.288833,,730
iv,OLS,196503,1.973905,2.604747,1.403851,,735
iv,OLS,196504,-0.892908,0.093226,0.849406,,740
iv,OLS,196505,-8.168447,-0.856420,0.373973,,771
iv,OLS,196506,3.129774,0.744185,-1.755089,,826
iv,OLS,196507,4.598445,-2.006619,1.503217,,833
iv,OLS,196508,3.703064,1.376645,-1.632534,,835
iv,OLS,196509,3.032175,4.665499,0.017588,,836
iv,OLS,196510,3.664498,1.546468,-1.069616,,838
iv,OLS,196511,1.352052,4.341723,-0.020572,,841
iv,OLS,196512,6.595650,1.328633,-4.543388,,845
iv,OLS,196601,0.268661,3.899440,-0.604091,,831
iv,OLS,196602,-2.646347,-0.549790,1.610254,,828
iv,OLS,196603,3.945334,0.965329,-0.746176,,832
iv,OLS,196604,-6.965468,-4.206245,1.341898,,835
iv,OLS,196605,-0.724374,1.124967,-0.687185,,843
iv,OLS,196606,-3.284226,1.908752,1.487616,,893
iv,OLS,196607,-11.706101,0.649518,3.001821,,899
iv,OLS,196608,-5.419236,3.064703,3.095714,,901
iv,OLS,196609,-1.208783,1.374006,-0.943059,,905
iv,OLS,196610,9.946963,-10.592400,-1.935239,,911
iv,OLS,196611,4.240055,-3.488984,-2.493426,,916
iv,OLS,196612,15.225656,3.499690,-2.249230,,927
iv,OLS,196701,0.683169,1.099611,3.239028,,899
iv,OLS,196702,6.356420,-0.822179,-0.725247,,904
iv,OLS,196703,4.676837,-1.676286,0.590483,,909
iv,OLS,196704,-3.385550,3.631164,0.277789,,913
iv,OLS,196705,5.660887,2.454850,0.375560,,924
iv,OLS,196706,6.075634,3.907940,0.072051,,1004
iv,OLS,196707,-2.922664,3.981173,1.458392,,1015
iv,OLS,196708,2.551293,2.518707,3.214963,,1020
iv,OLS,196709,-3.674268,-0.053533,2.031905,,1026
iv,OLS,196710,0.545846,-2.196072,0.823178,,1032
iv,OLS,196711,4.244408,5.314437,-0.503119,,1034
iv,OLS,196712,-6.118937,9.984428,2.240826,,1043
iv,OLS,196801,-6.558687,1.430761,0.519131,,1012
iv,OLS,196802,-0.768198,-1.173172,1.180012,,1017
iv,OLS,196803,12.109035,0.789847,2.509729,,1022
iv,OLS,196804,4.887289,4.181475,1.454686,,1025
iv,OLS,196805,-1.206955,3.218544,-0.205992,,1037
iv,OLS,196806,-7.390081,7.715602,-0.745304,,1197
iv,OLS,196807,0.921578,3.351956,1.815369,,1205
iv,OLS,196808,5.599740,2.151112,0.031819,,1203
iv,OLS,196809,-2.530575,3.175568,2.725269,,1212
iv,OLS,196810,8.636422,-2.680186,-1.195269,,1218
iv,OLS,196811,1.911169,-0.300682,-3.905711,,1221
iv,OLS,196812,-1.054016,0.654200,-1.516171,,1230
iv,OLS,196901,-12.340559,3.093079,3.903318,,1203
iv,OLS,196902,0.801855,0.563096,1.480578,,1211
iv,OLS,196903,-0.869615,-0.804359,1.934710,,1217
iv,OLS,196904,-0.300944,0.614751,-0.231408,,1218
iv,OLS,196905,-14.187847,0.751086,4.226005,,1227
iv,OLS,196906,-13.721012,3.619043,3.446463,,1282
iv,OLS,196907,5.888259,-3.810033,1.284233,,1295
iv,OLS,196908,-3.778366,-0.606507,2.480392,,1296
iv,OLS,196909,11.470852,-5.067468,-0.362143,,1306
iv,OLS,196910,-8.404036,0.804341,3.902239,,1312
iv,OLS,196911,-9.952603,0.483423,5.171370,,1317
iv,OLS,196912,-7.303071,3.864018,1.162839,,1331
iv,OLS,197001,4.589702,0.783656,-2.431001,,1293
iv,OLS,197002,-6.835588,7.536815,0.936235,,1303
iv,OLS,197003,-25.731187,12.818959,5.939500,,1309
iv,OLS,197004,-8.196708,-0.349581,-2.308489,,1313
iv,OLS,197005,-13.158437,5.382159,4.213955,,1326
iv,OLS,197006,4.424230,0.845456,1.030460,,1419
iv,OLS,197007,8.351165,-1.468846,-2.978783,,1424
iv,OLS,197008,19.413345,-8.532285,-4.938006,,1431
iv,OLS,197009,-10.490672,2.686359,4.191283,,1441
iv,OLS,197010,-1.719508,0.531356,2.164911,,1449
iv,OLS,197011,0.515544,7.507035,7.990573,,1451
iv,OLS,197012,13.305893,5.293579,-4.670362,,1469
iv,OLS,197101,4.075552,-1.123723,1.311292,,1435
iv,OLS,197102,4.521365,-1.117131,3.561906,,1442
iv,OLS,197103,3.130379,-0.134773,-0.050598,,1447
iv,OLS,197104,-6.697531,-0.346090,2.707836,,1449
iv,OLS,197105,-3.786085,-1.153844,3.895105,,1458
iv,OLS,197106,-7.215083,0.026593,1.760006,,1585
iv,OLS,197107,3.165049,2.210104,-0.080087,,1593
iv,OLS,197108,-2.054765,-1.713408,3.445081,,1596
iv,OLS,197109,-9.367338,0.507832,4.593190,,1603
iv,OLS,197110,-2.319772,-3.046658,0.505866,,1611
iv,OLS,197111,13.115733,-0.872997,-0.982543,,1607
iv,OLS,197112,8.485366,7.832439,-3.705299,,1608
iv,OLS,197201,3.812993,0.307712,1.073660,,1581
iv,OLS,197202,-0.406953,-1.551105,1.209376,,1588
iv,OLS,197203,-0.112062,1.244237,-0.909845,,1591
iv,OLS,197204,-1.234068,-2.813452,0.882672,,1588
iv,OLS,197205,-2.844668,-1.579680,-0.187592,,1594
iv,OLS,197206,-3.529120,1.423445,-1.141032,,1653
iv,OLS,197207,0.871240,2.341334,-2.161703,,1657
iv,OLS,197208,-3.813647,-0.610202,0.642879,,1657
iv,OLS,197209,-1.327197,-0.668117,-1.232051,,1663
iv,OLS,197210,2.582061,3.592035,1.172264,,1669
iv,OLS,197211,-0.381368,-3.083068,-0.912808,,1673
iv,OLS,197212,-5.513685,4.669869,-2.626060,,1681
iv,OLS,197301,-8.736678,2.704489,-1.104614,,1644
iv,OLS,197302,-2.721359,3.101210,-3.534327,,1649
iv,OLS,197303,-9.831243,6.055573,-1.993874,,1654
iv,OLS,197304,-9.328235,-0.103165,0.471013,,1654
iv,OLS,197305,-4.831150,2.420714,-0.317815,,1657
iv,OLS,197306,17.218784,-7.664748,-1.089696,,1730
iv,OLS,197307,-4.016381,-0.834043,-2.341006,,1739
iv,OLS,197308,14.215690,-6.144901,-4.961964,,1742
iv,OLS,197309,1.173535,2.611494,-5.654979,,1745
iv,OLS,197310,-19.684119,2.517779,-3.089199,,1745
iv,OLS,197311,1.622662,-4.563010,-7.346186,,1754
iv,OLS,197312,5.652091,16.262556,1.445419,,1765
iv,OLS,197401,-1.806766,4.451864,-0.816389,,1723
iv,OLS,197402,-4.793541,5.187005,4.258850,,1723
iv,OLS,197403,-7.975066,4.178247,0.919431,,1722
iv,OLS,197404,-9.437784,0.292508,2.985062,,1728
iv,OLS,197405,-1.997286,1.731656,-3.287552,,1733
iv,OLS,197406,-7.883125,6.474717,-2.021211,,2240
iv,OLS,197407,-9.512701,3.768960,-1.627527,,2291
iv,OLS,197408,-12.904084,5.580752,0.253577,,2310
iv,OLS,197409,20.504333,-14.586002,-6.446207,,2370
iv,OLS,197410,-3.861079,-3.346445,-0.951188,,2403
iv,OLS,197411,-5.448026,-5.248063,-1.112395,,2437
iv,OLS,197412,19.065855,17.215151,4.657392,,2543
iv,OLS,197501,7.809900,-4.515155,-0.455286,,2271
iv,OLS,197502,4.838762,4.443869,5.706396,,2337
iv,OLS,197503,7.264129,-5.833974,-0.280233,,2373
iv,OLS,197504,8.481752,-2.240494,-0.196868,,2406
iv,OLS,197505,7.318114,1.871702,-1.272008,,2518
iv,OLS,197506,-5.014423,6.430647,0.229706,,2773
iv,OLS,197507,-4.661724,-2.266700,0.192165,,2782
iv,OLS,197508,-5.925345,1.476866,2.267650,,2785
iv,OLS,197509,0.359171,-1.789691,4.742938,,2803
iv,OLS,197510,-1.962959,3.219725,4.999501,,2804
iv,OLS,197511,-0.615713,0.812834,-2.088704,,2799
iv,OLS,197512,14.089345,16.837811,-2.022351,,2802
iv,OLS,197601,1.952402,17.132206,1.109951,,2746
iv,OLS,197602,0.091214,0.421756,2.102319,,2761
iv,OLS,197603,-0.669602,-0.446298,-1.361644,,2754
iv,OLS,197604,1.403619,-4.812742,-3.436849,,2747
iv,OLS,197605,4.749947,-0.966559,-2.487102,,2759
iv,OLS,197606,-2.830217,2.857973,1.301384,,2857
iv,OLS,197607,-4.451924,1.523631,2.054575,,2849
iv,OLS,197608,2.361454,-1.032114,-0.689396,,2841
iv,OLS,197609,-2.309479,-0.586293,-1.156097,,2837
iv,OLS,197610,2.925796,-0.920049,-0.451457,,2833
iv,OLS,197611,7.616531,3.707064,0.202131,,2823
iv,OLS,197612,-1.441132,9.810652,-0.956217,,2824
iv,OLS,197701,-2.709099,2.929065,1.105268,,2789
iv,OLS,197702,0.347255,1.529832,-1.296040,,2783
iv,OLS,197703,1.054808,1.857880,-1.622366,,2776
iv,OLS,197704,-3.119101,3.667077,2.236321,,2768
iv,OLS,197705,5.833258,-0.329764,-0.188902,,2767
iv,OLS,197706,-2.726347,2.633646,2.482409,,2806
iv,OLS,197707,-2.116209,-2.083775,3.489847,,2796
iv,OLS,197708,-0.239684,0.552006,1.211556,,2790
iv,OLS,197709,-5.985337,3.402219,2.151408,,2790
iv,OLS,197710,6.356988,0.951537,1.198095,,2782
iv,OLS,197711,1.338774,0.197075,0.139225,,2770
iv,OLS,197712,-5.098593,6.107002,-0.647582,,2769
iv,OLS,197801,-0.899244,3.529998,2.540063,,2715
iv,OLS,197802,5.414260,2.473452,0.211211,,2715
iv,OLS,197803,8.002007,-0.050058,1.070223,,2706
iv,OLS,197804,4.695299,2.183701,2.365738,,2695
iv,OLS,197805,-1.474768,1.999382,0.271830,,2682
iv,OLS,197806,7.447830,-3.127485,-1.294989,,2741
iv,OLS,197807,6.136136,2.486449,3.212705,,2744
iv,OLS,197808,-1.165498,3.366930,-2.524625,,2730
iv,OLS,197809,-21.339578,1.148854,-0.673821,,2725
iv,OLS,197810,6.030228,-3.568296,1.742685,,2720
iv,OLS,197811,2.794213,-4.194270,-0.235877,,2705
iv,OLS,197812,7.284651,5.460835,-1.286685,,2707
iv,OLS,197901,-4.066301,2.224844,-0.831831,,2652
iv,OLS,197902,12.022868,-3.568818,-4.251409,,2648
iv,OLS,197903,1.785110,2.117583,-1.905362,,2641
iv,OLS,197904,-3.249331,2.161022,-0.008053,,2631
iv,OLS,197905,8.821442,-2.723040,-6.741441,,2630
iv,OLS,197906,1.168840,0.312500,0.322174,,2650
iv,OLS,197907,8.637191,-2.990781,0.699039,,2648
iv,OLS,197908,0.750317,-1.099409,-2.477165,,2636
iv,OLS,197909,-10.913632,-0.195358,0.465743,,2625
iv,OLS,197910,11.140329,-7.235238,-2.979071,,2621
iv,OLS,197911,9.090803,-3.413148,-3.553577,,2612
iv,OLS,197912,13.881836,-0.486160,-8.433272,,2606
iv,OLS,198001,-0.210767,-1.299985,-3.140059,,2553
iv,OLS,198002,-21.502509,2.267891,4.958344,,2549
iv,OLS,198003,5.347231,-3.216022,-0.901024,,2538
iv,OLS,198004,5.929359,-0.826936,2.311116,,2529
iv,OLS,198005,4.688995,-1.485801,-1.603359,,2531
iv,OLS,198006,11.113245,-4.994195,3.466766,,2647
iv,OLS,198007,9.349115,-4.538855,-0.331784,,2657
iv,OLS,198008,5.265660,-2.936238,-0.899759,,2655
iv,OLS,198009,4.640740,-3.393034,-0.648994,,2649
iv,OLS,198010,16.419842,-15.216402,-6.169213,,2646
iv,OLS,198011,-8.503288,1.916331,4.696992,,2640
iv,OLS,198012,-5.784352,9.732726,0.824792,,2674
iv,OLS,198101,-1.194233,3.838678,-0.988766,,2579
iv,OLS,198102,5.327457,1.247924,2.564164,,2575
iv,OLS,198103,-3.096456,4.185651,6.329812,,2568
iv,OLS,198104,1.096818,0.236621,1.838449,,2562
iv,OLS,198105,-7.835224,8.958435,2.545681,,2603
iv,OLS,198106,-1.915211,-0.025581,-2.770015,,2769
iv,OLS,198107,-13.628459,7.756050,1.142554,,2779
iv,OLS,198108,-15.546558,6.594540,5.375883,,2772
iv,OLS,198109,10.911208,-8.531251,-0.969204,,2785
iv,OLS,198110,-1.589183,3.474073,0.937767,,2789
iv,OLS,198111,-7.488126,4.005627,5.186476,,2790
iv,OLS,198112,-5.937799,4.145782,2.650274,,2787
iv,OLS,198201,-11.111964,9.174014,3.002066,,2697
iv,OLS,198202,-6.793773,5.054172,4.795966,,2710
iv,OLS,198203,4.586658,-2.427574,2.632275,,2707
iv,OLS,198204,-6.396816,3.163657,2.653295,,2705
iv,OLS,198205,-8.908276,7.277623,3.421362,,2710
iv,OLS,198206,-7.490505,3.900655,5.904342,,2832
iv,OLS,198207,8.344913,-3.219505,-1.301805,,2826
iv,OLS,198208,-4.513730,5.193355,8.207540,,2824
iv,OLS,198209,14.064135,-4.738271,1.982133,,2839
iv,OLS,198210,0.945099,6.444952,9.189489,,2833
iv,OLS,198211,-0.011903,1.719834,1.803318,,2838
iv,OLS,198212,20.783867,-8.783435,-11.629187,,2866
iv,OLS,198301,-3.787179,8.950955,8.858685,,2724
iv,OLS,198302,0.523425,6.058186,2.309076,,2749
iv,OLS,198303,5.131430,2.388510,0.566404,,2743
iv,OLS,198304,12.342954,-2.880889,-4.133659,,2746
iv,OLS,198305,3.530318,0.661786,1.755510,,2783
iv,OLS,198306,-6.805032,7.988281,-0.195492,,3032
iv,OLS,198307,-6.401641,3.909270,0.662601,,3047
iv,OLS,198308,-5.462282,4.294711,5.232118,,3036
iv,OLS,198309,-11.360583,7.675487,1.444808,,3072
iv,OLS,198310,0.792225,0.563567,3.648907,,3077
iv,OLS,198311,-7.371838,6.491779,2.505012,,3078
iv,OLS,198312,-1.256324,6.461441,-4.981674,,3103
iv,OLS,198401,-6.825411,2.445580,-1.990026,,2955
iv,OLS,198402,-2.678117,4.251358,1.546359,,2980
iv,OLS,198403,-6.626250,4.062962,4.005337,,2976
iv,OLS,198404,-8.867137,3.893189,2.660330,,2974
iv,OLS,198405,-0.659321,-1.471098,5.250481,,3006
iv,OLS,198406,-11.576816,5.212945,5.871019,,3112
iv,OLS,198407,9.803542,-4.342092,3.201027,,3096
iv,OLS,198408,-4.908448,5.302384,1.037426,,3078
iv,OLS,198409,-8.143629,2.419352,5.788019,,3066
iv,OLS,198410,-10.166937,5.174810,5.613304,,3047
iv,OLS,198411,-2.144437,-0.049083,4.168479,,3023
iv,OLS,198412,14.124390,-6.316461,1.247650,,3040
iv,OLS,198501,4.115616,-1.138131,0.472288,,2934
iv,OLS,198502,-4.191193,3.071698,0.342936,,2933
iv,OLS,198503,-5.238468,3.123120,1.976486,,2923
iv,OLS,198504,-0.720295,0.871184,4.427504,,2918
iv,OLS,198505,-3.538376,1.225287,4.178951,,2932
iv,OLS,198506,0.537284,1.299211,0.484799,,3189
iv,OLS,198507,-2.265887,1.222385,0.257277,,3202
iv,OLS,198508,-10.780415,4.185495,4.461291,,3187
iv,OLS,198509,-1.749678,0.359277,5.102643,,3216
iv,OLS,198510,2.381054,0.853726,4.310880,,3211
iv,OLS,198511,0.676061,-1.991527,4.923893,,3211
iv,OLS,198512,5.664228,-2.521755,-2.979197,,3243
iv,OLS,198601,3.680888,-1.057491,4.384380,,3055
iv,OLS,198602,2.478164,2.150987,2.037902,,3086
iv,OLS,198603,-1.211778,0.631844,2.904876,,3075
iv,OLS,198604,1.035506,0.634945,3.590609,,3112
iv,OLS,198605,-2.375710,1.152554,3.094913,,3149
iv,OLS,198606,-10.830802,3.469625,0.850084,,3299
iv,OLS,198607,1.166842,2.741821,-1.710503,,3290
iv,OLS,198608,-9.000917,6.670888,-1.189895,,3281
iv,OLS,198609,3.001043,-3.042390,2.439252,,3273
iv,OLS,198610,-4.669925,2.776701,5.601537,,3248
iv,OLS,198611,-7.595686,3.856454,3.710719,,3219
iv,OLS,198612,14.506451,-2.240148,-3.216736,,3193
iv,OLS,198701,11.083140,-5.585060,-0.358070,,3089
iv,OLS,198702,4.356123,2.540265,-5.062862,,3098
iv,OLS,198703,-2.982304,3.279720,-1.356737,,3081
iv,OLS,198704,0.355673,2.450363,-1.807144,,3078
iv,OLS,198705,0.044433,2.792693,1.893635,,3097
iv,OLS,198706,1.593418,7.551438,-2.457271,,3260
iv,OLS,198707,-1.918057,0.605689,5.560698,,3254
iv,OLS,198708,-3.300871,2.260240,1.736778,,3243
iv,OLS,198709,-33.497009,5.038310,2.076945,,3252
iv,OLS,198710,-7.913574,3.677134,0.476890,,3227
iv,OLS,198711,0.327019,-0.548219,8.245209,,3209
iv,OLS,198712,11.670740,-2.834142,-5.961935,,3231
iv,OLS,198801,5.887572,0.143956,2.895121,,3101
iv,OLS,198802,2.189321,3.771217,0.088987,,3104
iv,OLS,198803,0.188388,2.386233,0.289128,,3076
iv,OLS,198804,-5.909165,4.622331,2.667626,,3061
iv,OLS,198805,3.411944,0.124665,2.930067,,3069
iv,OLS,198806,-1.628862,1.690458,-0.382994,,3321
iv,OLS,198807,-6.123884,3.926121,2.035609,,3327
iv,OLS,198808,0.238639,-0.742396,3.332440,,3297
iv,OLS,198809,-5.346236,3.087930,3.252849,,3307
iv,OLS,198810,-7.015449,3.373411,1.170145,,3303
iv,OLS,198811,1.354598,0.883620,1.302752,,3286
iv,OLS,198812,6.442880,-0.107196,-0.636239,,3302
iv,OLS,198901,-1.202381,1.271611,0.740881,,3140
iv,OLS,198902,-0.514236,2.944234,1.206791,,3150
iv,OLS,198903,1.226197,0.654604,2.493860,,3150
iv,OLS,198904,0.421462,1.309427,2.833616,,3143
iv,OLS,198905,-4.363389,4.401144,-0.243689,,3168
iv,OLS,198906,2.956225,-2.114248,0.829557,,3384
iv,OLS,198907,0.988035,0.561041,-0.226982,,3377
iv,OLS,198908,-0.560113,-0.669631,0.953965,,3363
iv,OLS,198909,-5.223964,-1.390898,-0.123871,,3395
iv,OLS,198910,0.918893,-2.746366,-2.420104,,3381
iv,OLS,198911,-2.229438,-0.166318,1.894662,,3360
iv,OLS,198912,-6.384142,3.372682,-2.789366,,3363
iv,OLS,199001,2.072169,0.940142,-1.281400,,3224
iv,OLS,199002,1.380271,-0.011301,3.605181,,3268
iv,OLS,199003,-2.015616,-1.130312,-0.425214,,3245
iv,OLS,199004,6.851567,-5.374613,1.901227,,3236
iv,OLS,199005,1.239721,-2.116088,0.140030,,3236
iv,OLS,199006,-2.400266,2.028288,-4.076753,,3343
iv,OLS,199007,-13.210338,5.148535,-3.640558,,3326
iv,OLS,199008,-9.177956,3.088781,-1.887778,,3309
iv,OLS,199009,-6.717433,-0.818904,1.729551,,3307
iv,OLS,199010,4.190211,-4.844414,3.768029,,3288
iv,OLS,199011,-1.675238,-2.387907,5.373741,,3283
iv,OLS,199012,7.900085,3.268350,0.772428,,3300
iv,OLS,199101,16.869337,-5.803496,-3.063412,,3216
iv,OLS,199102,6.639470,1.087541,2.360826,,3214
iv,OLS,199103,2.013284,-2.259753,2.521596,,3194
iv,OLS,199104,1.572414,-0.177288,2.751610,,3177
iv,OLS,199105,-4.332917,0.397215,0.170274,,3195
iv,OLS,199106,4.242784,-0.732771,-1.684925,,3326
iv,OLS,199107,0.891695,-0.431758,3.891503,,3306
iv,OLS,199108,2.217395,-2.591766,-1.212242,,3297
iv,OLS,199109,3.879715,-2.316272,-1.133216,,3307
iv,OLS,199110,-2.800795,-0.610793,0.379437,,3293
iv,OLS,199111,4.721353,-4.786650,2.771111,,3269
iv,OLS,199112,11.271171,8.692244,-1.411625,,3266
iv,OLS,199201,-0.103510,7.042327,3.281611,,3181
iv,OLS,199202,-5.657601,6.682169,1.554877,,3185
iv,OLS,199203,-6.442522,4.416699,-0.602087,,3172
iv,OLS,199204,-0.845462,1.504152,-0.291803,,3160
iv,OLS,199205,-7.380311,3.920181,-0.097856,,3146
iv,OLS,199206,2.499914,-0.285967,-1.091325,,3278
iv,OLS,199207,-5.657522,2.364032,2.737211,,3246
iv,OLS,199208,1.981899,0.093630,-1.520160,,3218
iv,OLS,199209,-0.636963,0.730529,4.523178,,3226
iv,OLS,199210,4.164092,-0.531518,6.682338,,3207
iv,OLS,199211,-1.422851,5.091841,3.769870,,3203
iv,OLS,199212,3.283527,7.126054,-1.621868,,3231
iv,OLS,199301,-5.173243,8.801707,-1.470042,,3150
iv,OLS,199302,0.487495,4.124203,-0.585893,,3160
iv,OLS,199303,-2.991543,4.370636,-3.328969,,3145
iv,OLS,199304,5.817568,-0.216638,-0.975459,,3138
iv,OLS,199305,2.507519,1.206609,-3.772802,,3160
iv,OLS,199306,-1.778651,4.999414,-1.012767,,3368
iv,OLS,199307,6.984562,-3.953688,-1.972168,,3367
iv,OLS,199308,1.258533,1.873093,0.353816,,3367
iv,OLS,199309,4.994496,0.638176,-1.579368,,3384
iv,OLS,199310,-6.372608,3.896386,5.017078,,3381
iv,OLS,199311,-0.717467,1.115389,2.332328,,3380
iv,OLS,199312,4.465291,5.342983,-3.346670,,3403
iv,OLS,199401,-4.553667,5.376390,3.360289,,3292
iv,OLS,199402,-8.425975,5.571395,1.524773,,3290
iv,OLS,199403,-5.190805,4.236413,2.854687,,3277
iv,OLS,199404,-0.835329,1.942569,-1.375544,,3273
iv,OLS,199405,-7.028261,4.560517,1.737610,,3308
iv,OLS,199406,1.262233,-0.527612,0.684043,,3623
iv,OLS,199407,2.791708,-0.641407,3.277978,,3638
iv,OLS,199408,-1.883845,3.121629,2.151573,,3629
iv,OLS,199409,-4.601916,4.375454,5.306069,,3644
iv,OLS,199410,-7.477436,2.518496,4.668603,,3635
iv,OLS,199411,-5.960927,2.966376,4.829193,,3614
iv,OLS,199412,3.821016,-0.886622,-1.612705,,3619
iv,OLS,199501,2.639332,-0.340573,0.548482,,3519
iv,OLS,199502,1.754983,-1.281336,1.375125,,3530
iv,OLS,199503,-0.466154,3.253254,2.055478,,3512
iv,OLS,199504,2.662875,-0.270833,-2.145427,,3492
iv,OLS,199505,8.639103,-6.732316,0.236693,,3500
iv,OLS,199506,5.394181,-1.969158,2.189601,,3910
iv,OLS,199507,5.250592,-0.997658,-3.598714,,3914
iv,OLS,199508,2.697928,-1.146127,0.435754,,3892
iv,OLS,199509,-8.250656,1.563235,2.304594,,3907
iv,OLS,199510,1.559411,-2.041698,0.595969,,3891
iv,OLS,199511,3.434182,-0.388211,-6.177057,,3873
iv,OLS,199512,6.451667,0.388000,-7.229627,,3889
iv,OLS,199601,3.247910,0.023753,1.273533,,3757
iv,OLS,199602,0.936153,2.107348,1.674339,,3771
iv,OLS,199603,4.520133,1.197929,3.612724,,3747
iv,OLS,199604,7.406253,1.137504,0.222066,,3736
iv,OLS,199605,-6.406948,4.004501,-0.055143,,3759
iv,OLS,199606,-14.691685,6.811360,2.631361,,4117
iv,OLS,199607,4.677879,-1.551685,0.121871,,4112
iv,OLS,199608,3.962787,-2.791928,0.066067,,4081
iv,OLS,199609,-7.439250,6.954195,1.571611,,4098
iv,OLS,199610,0.043041,1.782982,2.435819,,4089
iv,OLS,199611,-2.241454,1.863010,0.214498,,4082
iv,OLS,199612,10.737394,-4.006582,-4.681388,,4069
iv,OLS,199701,-7.241893,7.016933,1.977041,,3932
iv,OLS,199702,-11.444457,9.606583,2.190844,,3949
iv,OLS,199703,-5.996110,2.418593,3.586936,,3919
iv,OLS,199704,11.804643,-5.820564,1.244000,,3906
iv,OLS,199705,0.563675,3.592736,2.106655,,3923
iv,OLS,199706,2.989622,0.846696,2.790411,,4280
iv,OLS,199707,3.108462,0.162321,0.675771,,4263
iv,OLS,199708,9.171194,1.505164,-3.858834,,4226
iv,OLS,199709,-4.562637,4.027521,-0.688353,,4235
iv,OLS,199710,-8.180895,3.407561,6.626585,,4202
iv,OLS,199711,-8.455634,2.173184,4.048764,,4186
iv,OLS,199712,2.105099,0.994155,-1.791315,,4170
iv,OLS,199801,4.293249,0.292441,3.636463,,4024
iv,OLS,199802,1.492019,3.143248,1.786523,,4020
iv,OLS,199803,-0.720423,2.797096,2.885990,,3976
iv,OLS,199804,-9.471202,5.792956,2.859044,,3960
iv,OLS,199805,-7.024446,0.156719,6.653231,,3980
iv,OLS,199806,-9.067176,2.102135,2.619074,,4451
iv,OLS,199807,-28.576554,7.941464,6.773344,,4435
iv,OLS,199808,11.280478,-10.240994,-3.593956,,4399
iv,OLS,199809,6.007096,-5.589710,1.361966,,4381
iv,OLS,199810,8.414711,-5.260567,5.459036,,4318
iv,OLS,199811,-0.099795,-3.806848,8.119780,,4282
iv,OLS,199812,10.013704,-1.739534,-2.540492,,4244
iv,OLS,199901,-8.168234,2.916959,1.365695,,4100
iv,OLS,199902,2.281434,-4.544967,-3.452836,,4094
iv,OLS,199903,7.316898,3.826659,-1.250051,,4027
iv,OLS,199904,1.916957,2.593689,2.036523,,3976
iv,OLS,199905,3.981124,-1.828067,2.410844,,3974
iv,OLS,199906,-1.027816,3.448873,0.187290,,4247
iv,OLS,199907,-3.617367,0.388156,-0.067043,,4227
iv,OLS,199908,-0.018553,-5.023240,1.701288,,4183
iv,OLS,199909,-1.061576,-5.210810,4.386517,,4153
iv,OLS,199910,15.919597,-9.773798,0.555970,,4116
iv,OLS,199911,20.346430,-13.728220,-6.456374,,4058
iv,OLS,199912,9.527094,5.800487,-10.599359,,4029
iv,OLS,200001,26.708001,-6.901421,-13.383500,,3935
iv,OLS,200002,-3.796293,3.597919,5.021729,,3916
iv,OLS,200003,-14.741101,6.567836,3.888095,,3871
iv,OLS,200004,-8.380654,2.683853,-0.151887,,3844
iv,OLS,200005,15.630995,-8.509058,-6.145288,,3829
iv,OLS,200006,-9.427950,11.060912,1.525961,,4022
iv,OLS,200007,12.924615,-8.706817,-3.203436,,4008
iv,OLS,200008,-9.337530,6.866460,1.751610,,3958
iv,OLS,200009,-10.396560,2.129455,4.668797,,3922
iv,OLS,200010,-25.592668,16.147123,8.187787,,3856
iv,OLS,200011,-3.426021,4.281232,-2.598086,,3806
iv,OLS,200012,34.792017,-16.822543,0.033875,,3768
iv,OLS,200101,-21.008508,19.495533,6.691109,,3682
iv,OLS,200102,-15.264498,12.127590,3.271200,,3655
iv,OLS,200103,14.982449,-12.332925,-2.267611,,3616
iv,OLS,200104,4.164025,5.998631,-0.553824,,3562
iv,OLS,200105,-2.339643,0.003744,5.726962,,3531
iv,OLS,200106,-11.745502,7.868859,8.321174,,3801
iv,OLS,200107,-11.109672,5.810503,6.628406,,3766
iv,OLS,200108,-21.259605,4.824481,6.855751,,3703
iv,OLS,200109,16.130839,-9.764115,-2.856958,,3695
iv,OLS,200110,9.203211,-5.093064,3.289752,,3671
iv,OLS,200111,5.905509,0.274675,0.877399,,3627
iv,OLS,200112,-10.186722,14.129904,10.725563,,3612
iv,OLS,200201,-11.610395,7.722608,6.658019,,3528
iv,OLS,200202,7.100405,3.464767,0.615480,,3510
iv,OLS,200203,-14.356664,16.032272,10.326012,,3480
iv,OLS,200204,-10.570441,8.848991,6.704653,,3452
iv,OLS,200205,-16.520258,9.028610,7.154865,,3444
iv,OLS,200206,-13.508079,1.644868,-1.276266,,3700
iv,OLS,200207,-2.329811,-0.145245,3.747313,,3680
iv,OLS,200208,-13.310606,1.612707,4.981717,,3647
iv,OLS,200209,10.285597,-9.997349,0.657314,,3636
iv,OLS,200210,21.408086,-4.765531,-8.169798,,3600
iv,OLS,200211,-14.126896,7.468369,6.874905,,3580
iv,OLS,200212,-2.075983,1.976583,0.811849,,3547
iv,OLS,200301,-5.544659,2.162259,2.840560,,3480
iv,OLS,200302,2.012341,-2.749483,0.471319,,3463
iv,OLS,200303,15.329545,-3.787730,-5.798949,,3413
iv,OLS,200304,28.325867,-9.456192,-16.246926,,3381
iv,OLS,200305,2.905887,3.781600,1.590311,,3363
iv,OLS,200306,2.356079,5.172794,6.218002,,3415
iv,OLS,200307,4.741054,2.267767,-0.217464,,3391
iv,OLS,200308,1.125078,5.530267,-3.393144,,3363
iv,OLS,200309,2.877843,7.526959,5.207402,,3344
iv,OLS,200310,-0.504006,5.227485,4.164550,,3319
iv,OLS,200311,4.580657,4.415806,-6.025728,,3299
iv,OLS,200312,5.341352,7.132985,-2.533408,,3271
iv,OLS,200401,-1.421802,1.957891,2.830314,,3241
iv,OLS,200402,-2.621905,2.789155,2.882263,,3224
iv,OLS,200403,-3.584388,-0.182956,1.354303,,3210
iv,OLS,200404,-1.448366,0.477665,2.407764,,3191
iv,OLS,200405,0.657860,2.919004,1.333435,,3181
iv,OLS,200406,-14.009353,9.091966,3.107169,,3226
iv,OLS,200407,-2.285372,1.295105,-1.462717,,3218
iv,OLS,200408,4.704032,-0.566113,-0.171693,,3202
iv,OLS,200409,0.935122,-0.739907,2.091650,,3201
iv,OLS,200410,7.645719,3.514111,0.203903,,3184
iv,OLS,200411,7.635836,-1.187845,-0.854749,,3166
iv,OLS,200412,-8.236920,4.266872,4.122543,,3143
iv,OLS,200501,-1.123423,3.541913,0.772450,,3116
iv,OLS,200502,-10.055291,6.465339,7.342356,,3107
iv,OLS,200503,-7.338905,0.307278,1.165456,,3090
iv,OLS,200504,5.940115,-2.578789,0.992146,,3070
iv,OLS,200505,0.635003,3.289261,1.340085,,3047
iv,OLS,200506,8.911674,0.740655,-3.848015,,3116
iv,OLS,200507,-3.078223,3.011578,0.066889,,3096
iv,OLS,200508,1.172284,0.008087,-1.290457,,3063
iv,OLS,200509,-6.317114,1.002901,3.625772,,3059
iv,OLS,200510,2.712809,-0.697796,2.702818,,3035
iv,OLS,200511,-1.039617,1.472483,1.481362,,3019
iv,OLS,200512,12.313052,-0.459461,-6.729045,,2993
iv,OLS,200601,0.070566,-0.611963,0.683872,,2945
iv,OLS,200602,2.292911,2.923356,1.136814,,2942
iv,OLS,200603,-3.146607,5.223738,1.866699,,2918
iv,OLS,200604,-10.020304,4.612446,2.807227,,2901
iv,OLS,200605,-3.694493,1.922243,2.093324,,2881
iv,OLS,200606,-7.835248,3.048359,3.436958,,3029
iv,OLS,200607,4.618393,-3.140655,-1.639414,,3018
iv,OLS,200608,-5.228224,3.747933,7.707881,,3005
iv,OLS,200609,7.691488,-2.195405,-2.846018,,2995
iv,OLS,200610,3.248953,0.316141,-2.055442,,2978
iv,OLS,200611,-3.198988,5.201255,2.727317,,2960
iv,OLS,200612,1.437806,0.786840,1.476418,,2934
iv,OLS,200701,-0.214603,1.081266,-0.032981,,2884
iv,OLS,200702,0.146620,-0.973341,1.161222,,2874
iv,OLS,200703,4.440815,-1.693783,-2.268618,,2849
iv,OLS,200704,1.604672,0.083551,1.600113,,2829
iv,OLS,200705,-2.068337,1.904300,0.825363,,2812
iv,OLS,200706,-5.550433,-0.030877,1.681593,,2951
iv,OLS,200707,2.296696,-6.087685,-2.192158,,2938
iv,OLS,200708,4.699607,-4.443480,-2.462601,,2907
iv,OLS,200709,4.072863,-3.463847,-1.212864,,2898
iv,OLS,200710,-9.603189,-1.908266,2.897694,,2868
iv,OLS,200711,-1.528909,-0.475202,0.652687,,2839
iv,OLS,200712,-7.306124,1.944299,-0.397397,,2823
iv,OLS,200801,-1.114454,-0.046277,-1.486195,,2785
iv,OLS,200802,-4.337992,1.420252,2.692921,,2784
iv,OLS,200803,4.061762,-1.086653,-1.175590,,2764
iv,OLS,200804,5.735202,-0.647776,-1.920537,,2739
iv,OLS,200805,-8.853926,1.102004,-0.507147,,2723
iv,OLS,200806,1.397375,-3.528071,1.252187,,2888
iv,OLS,200807,-3.681601,3.386850,8.592854,,2874
iv,OLS,200808,-18.459051,1.259463,8.939251,,2848
iv,OLS,200809,-23.505675,-3.375345,3.844430,,2840
iv,OLS,200810,-10.735858,-8.225435,-0.323697,,2815
iv,OLS,200811,5.860211,-3.832388,-0.096427,,2799
iv,OLS,200812,3.187319,-4.420364,-7.318207,,2785
iv,OLS,200901,-12.617253,-4.308503,6.537493,,2747
iv,OLS,200902,12.894160,2.947822,-3.133405,,2736
iv,OLS,200903,15.599309,15.496903,1.259464,,2710
iv,OLS,200904,16.179407,2.937773,-14.839695,,2689
iv,OLS,200905,3.308238,-0.955073,2.441298,,2680
iv,OLS,200906,7.007897,7.653630,-1.358975,,2782
iv,OLS,200907,-1.554934,16.568026,0.396122,,2771
iv,OLS,200908,9.690283,4.410680,-5.580763,,2758
iv,OLS,200909,-11.037723,1.675492,7.964560,,2757
iv,OLS,200910,2.868116,1.016506,-1.576116,,2742
iv,OLS,200911,6.241597,2.747668,0.027510,,2717
iv,OLS,200912,-4.377638,4.406873,0.196544,,2703
iv,OLS,201001,0.832773,3.538725,3.814804,,2669
iv,OLS,201002,3.569573,5.976535,3.862725,,2662
iv,OLS,201003,3.928968,8.120098,-1.227416,,2645
iv,OLS,201004,-9.278988,-2.092147,4.683006,,2627
iv,OLS,201005,-6.996829,-4.522335,3.215365,,2625
iv,OLS,201006,8.840495,-0.404108,-4.252739,,2678
iv,OLS,201007,-6.882496,-1.443199,1.615364,,2655
iv,OLS,201008,12.404562,-1.787458,2.106715,,2638
iv,OLS,201009,5.101444,0.423371,-0.667206,,2619
iv,OLS,201010,1.236322,2.066005,1.494119,,2603
iv,OLS,201011,11.721994,-0.555444,-5.909511,,2579
iv,OLS,201012,1.733885,2.814362,-2.543557,,2563
iv,OLS,201101,3.125564,3.341125,-0.203083,,2540
iv,OLS,201102,2.659409,-2.149419,0.998265,,2525
iv,OLS,201103,2.247367,-3.302015,2.501326,,2513
iv,OLS,201104,-2.136245,-2.269233,2.938727,,2497
iv,OLS,201105,-5.474134,2.381130,3.869336,,2483
iv,OLS,201106,-6.229086,4.891239,2.291366,,2532
iv,OLS,201107,-10.281378,-2.396450,3.690590,,2523
iv,OLS,201108,-15.339347,0.522132,7.587841,,2512
iv,OLS,201109,18.839092,-5.038095,-5.408792,,2504
iv,OLS,201110,-3.390974,1.326482,2.068247,,2494
iv,OLS,201111,-3.959053,3.182245,4.237499,,2476
iv,OLS,201112,14.831660,-3.794564,-6.311272,,2474
iv,OLS,201201,4.286538,0.284151,-1.266329,,2441
iv,OLS,201202,-0.171788,0.950749,4.520804,,2426
iv,OLS,201203,-4.119387,2.435650,2.381008,,2413
iv,OLS,201204,-9.925254,0.379102,3.838895,,2399
iv,OLS,201205,5.498602,-0.593294,-2.403256,,2404
iv,OLS,201206,1.697799,-2.744050,-2.833013,,2495
iv,OLS,201207,3.285532,-1.132600,0.654325,,2482
iv,OLS,201208,5.206884,-0.412019,-2.404604,,2470
iv,OLS,201209,-5.253493,3.458168,1.877697,,2457
iv,OLS,201210,0.482734,0.260936,0.551919,,2440
iv,OLS,201211,0.453805,3.229970,1.333046,,2425
iv,OLS,201212,7.120594,1.920148,-1.936373,,2413
iv,OLS,201301,-0.151439,1.255643,0.375692,,2386
iv,OLS,201302,5.266918,-1.928419,0.007886,,2383
iv,OLS,201303,0.018325,-2.800983,1.938846,,2368
iv,OLS,201304,3.886702,2.906722,0.231042,,2352
iv,OLS,201305,-3.656189,2.062067,3.824381,,2350
iv,OLS,201306,8.949576,-0.831747,-2.051825,,2402
iv,OLS,201307,-2.691893,1.560595,0.188027,,2390
iv,OLS,201308,7.614009,1.080194,-3.409447,,2377
iv,OLS,201309,-3.271319,6.706657,5.619156,,2366
iv,OLS,201310,5.266529,-2.091143,0.321367,,2348
iv,OLS,201311,4.214183,0.221437,-2.421118,,2331
iv,OLS,201312,3.802500,-1.581592,-6.488248,,2323
iv,OLS,201401,7.137085,-0.340070,-3.667249,,2303
iv,OLS,201402,-3.062858,5.131778,0.759045,,2290
iv,OLS,201403,-5.505347,1.508325,1.858674,,2283
iv,OLS,201404,0.481484,-0.784311,-0.333850,,2273
iv,OLS,201405,8.261975,-2.600424,-5.208105,,2268
iv,OLS,201406,-8.125342,2.213756,4.230733,,2339
iv,OLS,201407,4.668631,-1.112842,0.793969,,2338
iv,OLS,201408,-9.281199,-0.587554,7.973665,,2329
iv,OLS,201409,2.605746,-5.978379,5.585576,,2324
iv,OLS,201410,-1.197697,-2.927566,5.107356,,2315
iv,OLS,201411,-3.482964,1.799622,7.570313,,2307
iv,OLS,201412,-0.950661,-3.522825,-0.926044,,2294
iv,OLS,201501,13.873616,-3.079457,-9.459636,,2272
iv,OLS,201502,-2.346523,-1.209428,4.586125,,2261
iv,OLS,201503,-1.880357,5.413991,-1.809782,,2246
iv,OLS,201504,2.750853,-3.297592,-1.042084,,2241
iv,OLS,201505,-1.816719,-2.524419,4.299665,,2237
iv,OLS,201506,-1.408803,-10.956272,5.458955,,2349
iv,OLS,201507,-11.096153,8.561219,3.819108,,2337
iv,OLS,201508,-12.743177,0.865052,10.834461,,2326
iv,OLS,201509,7.377150,-1.827607,-0.682636,,2318
iv,OLS,201510,8.558085,-5.203457,-6.704579,,2298
iv,OLS,201511,-7.880174,-3.396096,8.432539,,2291
iv,OLS,201512,-18.880820,4.284376,14.089450,,2277
iv,OLS,201601,-2.412980,2.442839,4.359022,,2244
iv,OLS,201602,9.016837,5.682674,-5.718804,,2236
iv,OLS,201603,6.025699,4.160823,-8.953985,,2223
iv,OLS,201604,2.788328,-4.776096,-1.044836,,2209
iv,OLS,201605,-7.383133,8.209473,6.732015,,2199
iv,OLS,201606,4.885209,0.806605,1.487530,,2344
iv,OLS,201607,-0.588440,3.812182,0.873492,,2327
iv,OLS,201608,7.479531,-2.836400,-7.238476,,2312
iv,OLS,201609,-13.953950,3.956611,10.811915,,2296
iv,OLS,201610,3.621984,9.669174,0.066492,,2287
iv,OLS,201611,-4.393240,5.049509,5.579008,,2268
iv,OLS,201612,6.396674,-2.419906,-6.081735,,2255
iv,OLS,201701,6.621245,-7.551606,-2.573610,,2235
iv,OLS,201702,2.742219,-1.877955,-1.303421,,2223
iv,OLS,201703,-1.729395,-1.610551,5.846587,,2212
iv,OLS,201704,-3.960287,-2.635793,6.732685,,2195
iv,OLS,201705,8.796943,-2.472300,-8.320585,,2188
iv,OLS,201706,-0.283169,-0.363408,0.281960,,2272
iv,OLS,201707,-1.628015,-1.619898,1.635372,,2275
iv,OLS,201708,9.675581,2.970911,-7.103361,,2265
iv,OLS,201709,-1.246234,1.048526,1.707267,,2253
iv,OLS,201710,1.464221,2.700807,1.782853,,2245
iv,OLS,201711,1.226024,1.315125,-1.161125,,2235
iv,OLS,201712,6.808492,-2.222632,-4.588548,,2225
iv,OLS,201801,-5.683556,-1.683834,4.130020,,2204
iv,OLS,201802,-2.484389,0.726431,4.594292,,2198
iv,OLS,201803,-0.648726,1.442914,0.412539,,2192
iv,OLS,201804,5.991372,-2.446215,0.857922,,2185
iv,OLS,201805,-4.752157,1.532188,8.664810,,2184
iv,OLS,201806,-1.634502,-0.543940,4.917291,,2260
iv,OLS,201807,4.374595,-5.792811,4.375134,,2253
iv,OLS,201808,-0.183957,-2.812862,-0.697869,,2246
iv,OLS,201809,-16.986862,4.303111,7.325259,,2244
iv,OLS,201810,-0.837170,-3.851956,4.055892,,2235
iv,OLS,201811,-17.463793,-2.766627,9.979104,,2221
iv,OLS,201812,23.435639,-0.763575,-14.867831,,2211
iv,OLS,201901,6.418224,-3.650369,0.748871,,2194
iv,OLS,201902,6.011319,-6.576080,-7.390835,,2186
iv,OLS,201903,0.745039,-0.108804,2.809798,,2176
iv,OLS,201904,-6.925591,-5.228852,0.099316,,2169
iv,OLS,201905,9.268169,-7.320021,0.268195,,2164
iv,OLS,201906,-2.491030,-2.801378,4.840474,,2277
iv,OLS,201907,-4.260561,-5.749590,2.712336,,2271
iv,OLS,201908,-8.297023,11.543927,8.860422,,2268
iv,OLS,201909,1.896062,-6.407059,2.250234,,2259
iv,OLS,201910,9.776962,-8.889962,-3.495927,,2243
iv,OLS,201911,8.379464,4.048443,-10.632472,,2233
iv,OLS,201912,4.075294,-7.471109,-4.708494,,2218
iv,OLS,202001,-3.308029,-6.158813,-2.804567,,2205
iv,OLS,202002,-13.271450,-16.866564,-1.655156,,2205
iv,OLS,202003,21.685215,8.001284,-7.609178,,2194
iv,OLS,202004,14.615401,-4.409144,-6.735859,,2185
iv,OLS,202005,4.965792,6.119903,-1.779735,,2174
iv,OLS,202006,1.214485,6.697950,2.173424,,2274
iv,OLS,202007,1.715428,0.532964,5.474844,,2270
iv,OLS,202008,-0.686311,-3.275738,-1.097013,,2263
iv,OLS,202009,-3.529615,2.413023,5.277206,,2250
iv,OLS,202010,18.778646,11.729805,-5.209604,,2241
iv,OLS,202011,10.578872,-0.409134,-2.487552,,2235
iv,OLS,202012,2.720531,24.798591,-2.944149,,2225
iv,OLS,202101,3.960015,10.404929,0.065138,,2209
iv,OLS,202102,-5.156812,8.606649,5.112870,,2205
iv,OLS,202103,-3.915286,0.288566,10.162449,,2202
iv,OLS,202104,-5.550005,10.915272,3.892399,,2188
iv,OLS,202105,3.198494,0.187105,0.933803,,2186
iv,OLS,202106,-11.458481,1.099063,13.651104,,2289
iv,OLS,202107,4.928683,-0.519452,-4.781680,,2290
iv,OLS,202108,-4.818100,6.201064,-3.379063,,2282
iv,OLS,202109,-2.200249,0.439921,7.853122,,2281
iv,OLS,202110,-12.792091,3.423856,10.471896,,2275
iv,OLS,202111,-8.778303,6.176420,11.298279,,2264
iv,OLS,202112,-18.235377,13.727820,4.744784,,2256
iv,OLS,202201,-2.385061,5.552482,-0.992131,,2244
iv,OLS,202202,7.792734,1.075763,-10.510107,,2245
iv,OLS,202203,-24.715514,11.945600,14.056560,,2240
iv,OLS,202204,-9.182239,8.493678,5.470682,,2233
iv,OLS,202205,0.966570,-9.087402,-6.700185,,2231
iv,OLS,202206,11.578805,-7.204248,1.575290,,2393
iv,OLS,202207,7.361998,-2.325352,-12.367237,,2386
iv,OLS,202208,-10.322000,-6.530856,2.672237,,2380
iv,OLS,202209,-0.619777,7.366798,8.920087,,2371
iv,OLS,202210,-3.274203,-0.431252,9.432646,,2363
iv,OLS,202211,-3.844682,-3.291316,-1.315467,,2354
iv,OLS,202212,20.377006,4.660208,-13.573383,,2355
iv,OLS,202301,-9.356549,-0.688934,9.330443,,2328
iv,OLS,202302,-6.284403,-5.208037,7.398472,,2315
iv,OLS,202303,-0.830075,-0.483247,-2.586875,,2302
iv,OLS,202304,5.549988,-6.561808,-5.342557,,2296
iv,OLS,202305,-0.524156,4.840938,8.600177,,2295
iv,OLS,202306,-2.729268,6.323872,6.086818,,2551
iv,OLS,202307,-8.801977,-0.869578,5.960509,,2555
iv,OLS,202308,-10.828126,2.120854,4.945899,,2542
iv,OLS,202309,-10.925709,-0.648766,5.081592,,2535
iv,OLS,202310,7.251179,-2.355767,4.537534,,2519
iv,OLS,202311,17.907911,-0.715957,-10.749053,,2503
iv,OLS,202312,-2.267168,1.307379,-2.750713,,2492
iv,OLS,202401,14.981622,-3.573586,-13.257111,,2469
iv,OLS,202402,-0.358112,3.637781,1.921041,,2460
iv,OLS,202403,-10.267212,0.263180,4.052190,,2445
iv,OLS,202404,-5.935919,8.770809,10.507926,,2434
iv,OLS,202405,-6.023661,-4.383485,7.220173,,2425
iv,OLS,202406,6.822825,2.241531,-2.772074,,2486
iv,OLS,202407,-3.504304,-3.716196,3.886572,,2468
iv,OLS,202408,-0.303118,-0.320963,1.424176,,2458
iv,OLS,202409,4.431455,-3.647896,-6.925547,,2448
iv,OLS,202410,3.261560,0.460885,8.579885,,2433
iv,OLS,202411,-11.177363,6.997302,7.584318,,2421
iv,OLS,202412,1.815537,-4.347382,4.225713,,2410
iv,WLS,196306,0.433955,-1.138251,-1.117057,,460
iv,WLS,196307,1.817671,4.633959,4.618177,,465
iv,WLS,196308,-0.793687,-0.758918,-0.242823,,469
iv,WLS,196309,3.889200,-4.897257,2.224726,,474
iv,WLS,196310,3.627509,-4.429845,-6.742757,,477
iv,WLS,196311,3.730845,-2.615800,-2.093808,,479
iv,WLS,196312,5.663389,-4.518480,-3.220014,,491
iv,WLS,196401,-1.323219,5.225003,3.265033,,471
iv,WLS,196402,-0.653856,5.501841,1.914262,,474
iv,WLS,196403,2.374584,-0.569933,-3.973380,,477
iv,WLS,196404,-1.185118,2.887645,3.526205,,476
iv,WLS,196405,2.544178,-0.427148,-2.198469,,488
iv,WLS,196406,-0.288943,2.564477,2.136586,,708
iv,WLS,196407,-2.453446,2.147873,0.775301,,717
iv,WLS,196408,0.470434,4.369901,2.409138,,721
iv,WLS,196409,1.003093,1.258660,-1.603759,,729
iv,WLS,196410,0.253520,-1.852002,0.671481,,735
iv,WLS,196411,2.081988,-5.323264,-0.838976,,740
iv,WLS,196412,-2.913227,4.835351,9.915317,,770
iv,WLS,196501,-2.717369,3.180545,4.327373,,720
iv,WLS,196502,-3.980340,3.291400,2.903331,,730
iv,WLS,196503,1.759310,0.274603,3.668539,,735
iv,WLS,196504,1.683279,-1.937891,-3.101979,,740
iv,WLS,196505,-2.370133,-4.295730,-3.576997,,771
iv,WLS,196506,-0.141228,3.039528,1.453354,,826
iv,WLS,196507,0.559879,1.269340,3.778163,,833
iv,WLS,196508,4.398532,-1.927037,-1.072934,,835
iv,WLS,196509,-0.410130,4.961062,3.867372,,836
iv,WLS,196510,-4.799674,5.184574,6.493664,,838
iv,WLS,196511,-0.342947,3.727664,0.576347,,841
iv,WLS,196512,-1.313500,6.496426,0.700132,,845
iv,WLS,196601,-3.083809,2.762075,2.454258,,831
iv,WLS,196602,-5.903121,1.923487,5.781417,,828
iv,WLS,196603,1.331779,0.640236,1.299707,,832
iv,WLS,196604,-4.817541,-3.985872,0.354524,,835
iv,WLS,196605,-3.669210,4.935288,2.038214,,843
iv,WLS,196606,-3.849059,3.478596,2.214346,,893
iv,WLS,196607,-9.174693,2.484105,1.681998,,899
iv,WLS,196608,-2.016515,2.480253,-0.533610,,901
iv,WLS,196609,6.761891,0.558165,-6.957565,,905
iv,WLS,196610,-0.021275,-5.986650,7.103310,,911
iv,WLS,196611,0.987472,0.382147,-2.984399,,916
iv,WLS,196612,4.790266,5.164905,3.538032,,927
iv,WLS,196701,-0.775377,-1.865770,4.518448,,899
iv,WLS,196702,2.585698,1.707932,2.268620,,904
iv,WLS,196703,3.677311,-4.396563,4.002095,,909
iv,WLS,196704,-7.241132,4.982456,1.893917,,913
iv,WLS,196705,-2.227807,6.402499,5.006557,,924
iv,WLS,196706,1.270883,4.987316,3.534521,,1004
iv,WLS,196707,-2.173233,1.598932,1.322597,,1015
iv,WLS,196708,3.318911,-2.116634,1.645468,,1020
iv,WLS,196709,-2.959728,-4.860938,3.609782,,1026
iv,WLS,196710,-0.015014,-1.689533,1.324580,,1032
iv,WLS,196711,-1.119468,6.976023,3.055834,,1034
iv,WLS,196712,-7.328230,9.944051,-0.961082,,1043
iv,WLS,196801,-4.347479,0.282671,1.270273,,1012
iv,WLS,196802,-0.030361,-3.299619,3.426693,,1017
iv,WLS,196803,4.194960,2.200748,8.530023,,1022
iv,WLS,196804,-2.758464,3.987040,6.432339,,1025
iv,WLS,196805,0.415865,2.007366,-2.058874,,1037
iv,WLS,196806,-6.714223,10.040725,-0.295895,,1197
iv,WLS,196807,-0.335733,2.860579,1.129866,,1205
iv,WLS,196808,2.877105,4.488455,-1.465825,,1203
iv,WLS,196809,-0.120711,4.473443,-2.780284,,1212
iv,WLS,196810,4.697424,-0.724718,1.292143,,1218
iv,WLS,196811,-6.095609,3.509998,0.807862,,1221
iv,WLS,196812,-1.997006,2.037545,-1.343186,,1230
iv,WLS,196901,-6.382601,-0.906236,3.078303,,1203
iv,WLS,196902,2.249983,0.531745,1.570556,,1211
iv,WLS,196903,0.318385,-0.309093,2.989183,,1217
iv,WLS,196904,-2.608573,3.945686,1.719872,,1218
iv,WLS,196905,-8.598992,-4.310311,7.594009,,1227
iv,WLS,196906,-8.514688,-1.127026,3.973885,,1282
iv,WLS,196907,7.019004,-4.490147,-0.180094,,1295
iv,WLS,196908,-5.187540,-2.163972,6.235494,,1296
iv,WLS,196909,2.958335,-1.165277,3.645216,,1306
iv,WLS,196910,-3.835623,-1.278866,1.801188,,1312
iv,WLS,196911,-1.976593,-4.761366,3.144604,,1317
iv,WLS,196912,-14.586557,5.693777,6.846796,,1331
iv,WLS,197001,6.663228,2.084808,-4.942081,,1293
iv,WLS,197002,-3.834710,5.817977,0.606265,,1303
iv,WLS,197003,-15.273191,5.985796,4.135739,,1309
iv,WLS,197004,-7.428457,4.622174,-2.009828,,1313
iv,WLS,197005,-10.094971,4.564252,4.328312,,1326
iv,WLS,197006,6.953797,4.982682,-3.826162,,1419
iv,WLS,197007,3.039929,2.686717,0.954271,,1424
iv,WLS,197008,5.804222,-6.034234,1.122484,,1431
iv,WLS,197009,-2.632591,-1.085469,2.119664,,1441
iv,WLS,197010,3.859715,0.334760,0.663979,,1449
iv,WLS,197011,2.647559,4.722279,2.056755,,1451
iv,WLS,197012,3.817969,2.423214,-0.050682,,1469
iv,WLS,197101,-0.692762,1.337455,3.418662,,1435
iv,WLS,197102,6.363780,-5.892921,-0.299626,,1442
iv,WLS,197103,4.328247,0.794063,-1.088450,,1447
iv,WLS,197104,-3.764589,-2.024094,1.051708,,1449
iv,WLS,197105,-0.353043,-1.895712,1.264337,,1458
iv,WLS,197106,-3.104295,-2.976879,-1.520702,,1585
iv,WLS,197107,2.340183,1.668246,2.523264,,1593
iv,WLS,197108,-1.029934,-2.946082,2.163200,,1596
iv,WLS,197109,-7.225088,-0.027152,4.300210,,1603
iv,WLS,197110,0.600897,-3.924393,0.533842,,1611
iv,WLS,197111,7.645793,1.869248,1.403364,,1607
iv,WLS,197112,-0.942810,5.202366,3.714960,,1608
iv,WLS,197201,3.813271,-4.102947,1.556748,,1581
iv,WLS,197202,1.544441,-5.776009,0.896798,,1588
iv,WLS,197203,0.348668,-0.603140,0.543143,,1591
iv,WLS,197204,1.675125,-4.201124,2.172962,,1588
iv,WLS,197205,-1.732235,-5.131100,1.374130,,1594
iv,WLS,197206,-2.765830,-1.606761,4.642659,,1653
iv,WLS,197207,3.311625,7.930900,-4.308891,,1657
iv,WLS,197208,-0.829800,-1.371378,0.200896,,1657
iv,WLS,197209,2.712622,-2.191920,-3.369083,,1663
iv,WLS,197210,2.235255,10.319239,-1.378650,,1669
iv,WLS,197211,4.358267,-7.922826,-1.644469,,1673
iv,WLS,197212,-6.361540,3.995684,4.846277,,1681
iv,WLS,197301,-4.327898,-4.056521,1.819476,,1644
iv,WLS,197302,0.852044,0.583305,-3.273614,,1649
iv,WLS,197303,-6.856977,5.886442,0.060762,,1654
iv,WLS,197304,-0.652206,-6.150401,-0.170716,,1654
iv,WLS,197305,-0.244902,-2.110996,-1.054658,,1657
iv,WLS,197306,6.561058,-3.488829,-1.682993,,1730
iv,WLS,197307,-1.740495,-1.153281,-3.607606,,1739
iv,WLS,197308,7.677698,8.896410,-10.327321,,1742
iv,WLS,197309,1.266566,-1.367039,-2.397837,,1745
iv,WLS,197310,-10.758858,-2.274789,-2.029694,,1745
iv,WLS,197311,7.855154,2.485229,-14.761110,,1754
iv,WLS,197312,-11.254465,15.723608,11.657761,,1765
iv,WLS,197401,-0.786089,4.951911,-2.041260,,1723
iv,WLS,197402,-4.877587,0.557926,4.205210,,1723
iv,WLS,197403,-6.279521,1.652760,3.330983,,1722
iv,WLS,197404,-4.517911,-4.995011,4.596405,,1728
iv,WLS,197405,-1.261602,0.656025,-1.083115,,1733
iv,WLS,197406,-6.535012,8.793077,-7.730623,,2240
iv,WLS,197407,-8.523214,4.471768,-2.748614,,2291
iv,WLS,197408,-11.957042,11.611731,-6.979016,,2310
iv,WLS,197409,25.480309,-27.732145,-6.072606,,2370
iv,WLS,197410,-4.029846,-0.544892,-1.928874,,2403
iv,WLS,197411,-1.236043,0.557713,-4.565123,,2437
iv,WLS,197412,-1.600706,32.176913,14.187040,,2543
iv,WLS,197501,6.109648,-10.930383,6.508886,,2271
iv,WLS,197502,0.593985,6.580819,2.223510,,2337
iv,WLS,197503,8.939690,-5.186787,-5.277383,,2373
iv,WLS,197504,5.646852,-1.736780,-0.846396,,2406
iv,WLS,197505,5.392130,3.979708,-3.848217,,2518
iv,WLS,197506,-4.649877,5.164213,-6.272391,,2773
iv,WLS,197507,-1.546559,-1.297937,-1.276856,,2782
iv,WLS,197508,-5.649715,3.130409,1.768429,,2785
iv,WLS,197509,1.582111,-1.064213,8.480690,,2803
iv,WLS,197510,-0.383765,3.193199,4.276646,,2804
iv,WLS,197511,-0.354165,3.032628,-4.329114,,2799
iv,WLS,197512,9.003010,15.386187,0.651967,,2802
iv,WLS,197601,-2.927978,16.018391,-0.730614,,2746
iv,WLS,197602,2.648595,-1.565782,0.401623,,2761
iv,WLS,197603,1.656095,0.423476,-6.598794,,2754
iv,WLS,197604,-0.431408,-0.793272,-1.308628,,2747
iv,WLS,197605,1.944779,3.877212,2.335329,,2759
iv,WLS,197606,-4.431109,5.137676,3.323244,,2857
iv,WLS,197607,-1.541014,-0.114075,1.707899,,2849
iv,WLS,197608,2.503170,1.304107,-1.377386,,2841
iv,WLS,197609,0.163804,-3.120558,-4.506553,,2837
iv,WLS,197610,-2.160841,7.590270,0.477209,,2833
iv,WLS,197611,3.868856,6.868195,-1.006748,,2823
iv,WLS,197612,-9.253925,15.680402,1.413945,,2824
iv,WLS,197701,-2.900147,1.274926,1.693810,,2789
iv,WLS,197702,-3.290041,4.007986,1.432985,,2783
iv,WLS,197703,1.213048,5.090640,-5.904121,,2776
iv,WLS,197704,-2.474211,2.953967,-0.318811,,2768
iv,WLS,197705,1.997492,0.425371,5.374727,,2767
iv,WLS,197706,-5.129546,1.750856,5.321407,,2806
iv,WLS,197707,-2.455094,-5.916501,5.479316,,2796
iv,WLS,197708,-0.148330,1.393715,-1.611155,,2790
iv,WLS,197709,-7.311853,4.266234,3.645206,,2790
iv,WLS,197710,0.711794,4.981594,3.704292,,2782
iv,WLS,197711,-0.265678,1.670895,0.380780,,2770
iv,WLS,197712,-9.909936,6.421716,4.247229,,2769
iv,WLS,197801,-3.800295,6.672344,0.661297,,2715
iv,WLS,197802,0.661759,7.057379,0.081986,,2715
iv,WLS,197803,9.679248,-6.857874,2.304276,,2706
iv,WLS,197804,-1.620405,5.086120,4.564019,,2695
iv,WLS,197805,-4.164607,1.217985,3.680186,,2682
iv,WLS,197806,5.443955,-2.180366,1.766936,,2741
iv,WLS,197807,3.137725,1.795759,0.385741,,2744
iv,WLS,197808,-0.870524,4.071541,-4.294638,,2730
iv,WLS,197809,-8.916793,-6.314654,-2.048260,,2725
iv,WLS,197810,2.080794,1.734616,0.469353,,2720
iv,WLS,197811,1.922301,-4.584187,1.795029,,2705
iv,WLS,197812,1.461473,6.685763,0.485121,,2707
iv,WLS,197901,-2.034516,-0.076410,-3.620381,,2652
iv,WLS,197902,5.901322,2.095437,-1.739531,,2648
iv,WLS,197903,-1.472211,2.998460,1.233403,,2641
iv,WLS,197904,-2.105545,-0.877469,-0.904824,,2631
iv,WLS,197905,5.784825,0.491830,-5.914899,,2630
iv,WLS,197906,0.622127,2.868694,-2.394367,,2650
iv,WLS,197907,5.623941,0.342453,0.839343,,2648
iv,WLS,197908,1.270730,0.648345,-4.504091,,2636
iv,WLS,197909,-3.733844,-4.885910,-4.495012,,2625
iv,WLS,197910,10.040385,-7.260290,-5.265630,,2621
iv,WLS,197911,5.109552,-2.202485,-4.932538,,2612
iv,WLS,197912,11.311185,0.945306,-11.846112,,2606
iv,WLS,198001,3.699066,1.637299,-11.029169,,2553
iv,WLS,198002,-15.329950,-3.502926,8.078120,,2549
iv,WLS,198003,5.739598,-1.299938,-5.065789,,2538
iv,WLS,198004,2.134321,2.882659,4.067145,,2529
iv,WLS,198005,6.770464,-5.121818,-5.382368,,2531
iv,WLS,198006,4.962328,-2.337543,8.176770,,2647
iv,WLS,198007,5.663212,-4.006770,-4.539219,,2657
iv,WLS,198008,10.332962,-10.721289,-7.615358,,2655
iv,WLS,198009,6.552522,-5.621161,-6.362280,,2649
iv,WLS,198010,25.097538,-16.767034,-16.976512,,2646
iv,WLS,198011,-10.166537,1.828388,9.505975,,2640
iv,WLS,198012,-15.044574,15.296146,7.948242,,2674
iv,WLS,198101,0.894772,0.045775,0.548824,,2579
iv,WLS,198102,0.602523,3.008917,3.153766,,2575
iv,WLS,198103,-11.177351,10.023991,10.507415,,2568
iv,WLS,198104,-3.867562,2.635235,5.045596,,2562
iv,WLS,198105,-4.069459,5.393752,-1.769383,,2603
iv,WLS,198106,6.793625,-8.727498,-8.933127,,2769
iv,WLS,198107,-11.029122,5.347667,2.405523,,2779
iv,WLS,198108,-16.966412,11.860181,9.731037,,2772
iv,WLS,198109,14.292440,-15.323795,-5.926318,,2785
iv,WLS,198110,3.640473,0.284554,-1.412089,,2789
iv,WLS,198111,-8.645795,5.880574,5.528245,,2790
iv,WLS,198112,-12.566286,7.726326,12.213846,,2787
iv,WLS,198201,-18.949749,14.735694,12.472120,,2697
iv,WLS,198202,-8.044845,9.998661,3.806916,,2710
iv,WLS,198203,3.982508,-4.967193,3.396479,,2707
iv,WLS,198204,-5.324414,3.103997,0.499199,,2705
iv,WLS,198205,-8.677069,6.300901,6.380866,,2710
iv,WLS,198206,-8.453059,2.414204,8.399682,,2832
iv,WLS,198207,9.425702,4.144920,-0.280272,,2826
iv,WLS,198208,-1.498069,-0.224812,4.419213,,2824
iv,WLS,198209,14.546453,-4.656727,-2.173063,,2839
iv,WLS,198210,0.627994,0.007250,7.903551,,2833
iv,WLS,198211,0.829996,0.344471,-0.293504,,2838
iv,WLS,198212,7.338206,-0.067566,-6.643662,,2866
iv,WLS,198301,-0.336651,1.679672,3.996710,,2724
iv,WLS,198302,-2.481848,5.990103,4.610176,,2749
iv,WLS,198303,3.544385,5.588730,0.558092,,2743
iv,WLS,198304,3.437359,-3.142346,-3.659160,,2746
iv,WLS,198305,4.348352,-2.898223,2.057470,,2783
iv,WLS,198306,-9.199578,7.363923,2.755396,,3032
iv,WLS,198307,-7.616734,12.137759,2.900749,,3047
iv,WLS,198308,-1.220931,-1.403988,5.041816,,3036
iv,WLS,198309,-11.547735,9.178972,6.770916,,3072
iv,WLS,198310,6.428182,-2.907478,-5.088303,,3077
iv,WLS,198311,-3.703854,3.047756,1.478230,,3078
iv,WLS,198312,-8.755339,14.463028,-1.154486,,3103
iv,WLS,198401,-9.319339,6.784265,2.631431,,2955
iv,WLS,198402,-0.882995,1.797841,1.639613,,2980
iv,WLS,198403,-4.109269,4.189826,3.889900,,2976
iv,WLS,198404,-8.267978,0.671628,3.625466,,2974
iv,WLS,198405,2.711778,-4.176073,2.573718,,3006
iv,WLS,198406,-5.326013,-0.700009,4.727719,,3112
iv,WLS,198407,13.153742,-1.379662,-3.241749,,3096
iv,WLS,198408,-9.077383,9.070801,4.417634,,3078
iv,WLS,198409,-4.298750,-0.082372,5.392451,,3066
iv,WLS,198410,-6.919214,5.404277,3.092259,,3047
iv,WLS,198411,1.960857,-1.811078,0.680013,,3023
iv,WLS,198412,16.643773,-9.535408,-6.001061,,3040
iv,WLS,198501,-1.399507,2.855073,1.955347,,2934
iv,WLS,198502,-6.844195,5.819869,4.123909,,2933
iv,WLS,198503,-4.948343,4.757037,1.123517,,2923
iv,WLS,198504,2.920904,0.406536,3.560215,,2918
iv,WLS,198505,1.181339,-0.190108,-0.557199,,2932
iv,WLS,198506,1.580535,-0.564180,-2.032652,,3189
iv,WLS,198507,-3.873281,3.654637,1.469262,,3202
iv,WLS,198508,-12.210843,7.721760,8.079994,,3187
iv,WLS,198509,-1.115985,3.029158,4.831410,,3216
iv,WLS,198510,8.635430,-6.739275,2.126213,,3211
iv,WLS,198511,4.705271,-5.026157,2.386088,,3211
iv,WLS,198512,0.228575,-1.439315,0.071509,,3243
iv,WLS,198601,8.767682,-1.469854,-1.634303,,3055
iv,WLS,198602,5.554858,-2.310116,0.745210,,3086
iv,WLS,198603,-1.771838,-2.773986,4.474612,,3075
iv,WLS,198604,0.306726,3.307201,5.049858,,3112
iv,WLS,198605,-0.465604,-2.358094,3.301620,,3149
iv,WLS,198606,-13.103452,5.689090,5.118102,,3299
iv,WLS,198607,3.081907,9.673300,-2.607412,,3290
iv,WLS,198608,-11.455205,9.298846,-1.269706,,3281
iv,WLS,198609,6.549102,-1.792433,-0.841279,,3273
iv,WLS,198610,0.093857,1.313089,2.414190,,3248
iv,WLS,198611,-2.712924,-0.920281,-0.175490,,3219
iv,WLS,198612,14.483040,-1.060211,-1.111846,,3193
iv,WLS,198701,9.345310,-10.073311,0.645957,,3089
iv,WLS,198702,-1.708061,8.088770,1.375734,,3098
iv,WLS,198703,-4.355782,4.515950,2.006035,,3081
iv,WLS,198704,0.033986,-0.243802,1.417071,,3078
iv,WLS,198705,1.525081,2.268091,2.932935,,3097
iv,WLS,198706,5.653239,0.217904,-1.575004,,3260
iv,WLS,198707,2.111631,-1.354975,3.131811,,3254
iv,WLS,198708,0.977306,-1.338918,-5.345290,,3243
iv,WLS,198709,-29.083251,3.801093,5.653025,,3252
iv,WLS,198710,-7.726807,1.647452,-2.508363,,3227
iv,WLS,198711,7.729780,-0.350763,1.192246,,3209
iv,WLS,198712,-1.716677,7.581699,2.286131,,3231
iv,WLS,198801,3.510754,2.626239,1.984040,,3101
iv,WLS,198802,-3.611781,4.911036,-1.624009,,3104
iv,WLS,198803,-2.943090,7.095104,1.261581,,3076
iv,WLS,198804,-0.652598,0.590005,-0.708720,,3061
iv,WLS,198805,4.832158,-1.592163,1.260961,,3069
iv,WLS,198806,-2.569941,2.971842,-0.276497,,3321
iv,WLS,198807,-5.092748,1.328896,0.842760,,3327
iv,WLS,198808,2.921417,-2.385824,2.568492,,3297
iv,WLS,198809,-2.087653,5.036986,3.232970,,3307
iv,WLS,198810,-2.646966,1.914403,-0.558395,,3303
iv,WLS,198811,2.766339,-2.484119,0.127540,,3286
iv,WLS,198812,6.328481,1.045459,-0.735072,,3302
iv,WLS,198901,-3.079322,1.176713,-0.107482,,3140
iv,WLS,198902,2.356562,-0.192620,-1.775811,,3150
iv,WLS,198903,7.243003,-4.362618,-1.746342,,3150
iv,WLS,198904,6.241972,-4.538078,-2.286687,,3143
iv,WLS,198905,-2.037270,0.750855,-0.435777,,3168
iv,WLS,198906,10.527604,-7.918076,0.608647,,3384
iv,WLS,198907,-0.310174,5.869736,-0.922242,,3377
iv,WLS,198908,1.443968,-4.938049,-1.092535,,3363
iv,WLS,198909,-2.799386,-4.045800,1.758075,,3395
iv,WLS,198910,4.987905,-3.995193,-3.827884,,3381
iv,WLS,198911,1.027295,2.621536,-1.007861,,3360
iv,WLS,198912,-8.926696,2.666525,0.968028,,3363
iv,WLS,199001,0.217761,3.546790,-1.035053,,3224
iv,WLS,199002,1.609037,-1.341136,3.523550,,3268
iv,WLS,199003,-3.188172,-3.826798,3.912141,,3245
iv,WLS,199004,9.280647,-5.319231,3.201329,,3236
iv,WLS,199005,2.727028,-8.950952,0.063557,,3236
iv,WLS,199006,0.935755,-2.093317,-2.871510,,3343
iv,WLS,199007,-7.897416,-2.634442,-2.112299,,3326
iv,WLS,199008,-6.153892,0.292045,0.225878,,3309
iv,WLS,199009,-3.612240,-3.508563,5.642945,,3307
iv,WLS,199010,1.437835,2.020806,7.144672,,3288
iv,WLS,199011,1.835775,-1.383241,2.059664,,3283
iv,WLS,199012,0.097103,5.164099,6.140954,,3300
iv,WLS,199101,8.650756,-4.062500,-0.184747,,3216
iv,WLS,199102,1.943849,-4.325981,3.554675,,3214
iv,WLS,199103,0.680181,-0.607622,-1.739779,,3194
iv,WLS,199104,2.096667,2.758706,1.690269,,3177
iv,WLS,199105,-5.271915,-0.272906,0.659735,,3195
iv,WLS,199106,3.921370,-4.799263,3.184237,,3326
iv,WLS,199107,2.544207,-5.646620,2.384303,,3306
iv,WLS,199108,-0.407194,-2.216919,-2.030731,,3297
iv,WLS,199109,0.418578,0.092215,1.392855,,3307
iv,WLS,199110,-4.667767,-8.006928,5.270838,,3293
iv,WLS,199111,14.378255,-13.038959,1.612379,,3269
iv,WLS,199112,-5.097068,13.871668,0.342686,,3266
iv,WLS,199201,-4.849832,12.359460,4.004883,,3181
iv,WLS,199202,-6.423811,6.907617,2.712324,,3185
iv,WLS,199203,2.725800,5.249521,-5.614578,,3172
iv,WLS,199204,1.438423,-4.484998,-0.127254,,3160
iv,WLS,199205,-1.104306,0.243135,-3.527964,,3146
iv,WLS,199206,4.066203,-2.863317,1.107272,,3278
iv,WLS,199207,-0.774564,-4.625116,0.304696,,3246
iv,WLS,199208,3.209357,-1.886014,-3.201440,,3218
iv,WLS,199209,-0.041221,-3.420234,3.590680,,3226
iv,WLS,199210,4.398378,-0.892316,-0.322332,,3207
iv,WLS,199211,1.882828,1.505250,-3.059290,,3203
iv,WLS,199212,-3.252612,11.623427,-1.108860,,3231
iv,WLS,199301,-4.344373,11.643828,0.132102,,3150
iv,WLS,199302,2.159413,2.456214,-2.033395,,3160
iv,WLS,199303,-4.954179,8.783561,-2.303678,,3145
iv,WLS,199304,2.543960,-0.194329,2.150827,,3138
iv,WLS,199305,-1.591342,4.853960,-1.826926,,3160
iv,WLS,199306,1.455291,2.976240,-7.467017,,3368
iv,WLS,199307,2.034605,1.920057,1.785336,,3367
iv,WLS,199308,-2.273707,2.964488,0.857765,,3367
iv,WLS,199309,4.834652,-3.597994,-1.236143,,3384
iv,WLS,199310,-0.895836,-2.557876,2.299528,,3381
iv,WLS,199311,2.743636,0.499120,-2.963150,,3380
iv,WLS,199312,5.109128,1.969514,-5.414082,,3403
iv,WLS,199401,-5.361852,2.159084,5.302317,,3292
iv,WLS,199402,-8.413714,4.493152,3.735191,,3290
iv,WLS,199403,-0.490371,1.670990,0.802476,,3277
iv,WLS,199404,0.005625,0.987490,0.385784,,3273
iv,WLS,199405,-4.821708,2.763850,1.593529,,3308
iv,WLS,199406,2.976558,1.318558,-1.311113,,3623
iv,WLS,199407,0.175710,0.090666,8.447297,,3638
iv,WLS,199408,-3.518061,0.375739,3.114725,,3629
iv,WLS,199409,-3.115031,4.242176,6.319165,,3644
iv,WLS,199410,-6.918203,0.170708,5.937234,,3635
iv,WLS,199411,3.424068,-2.509620,-3.038995,,3614
iv,WLS,199412,0.677213,-1.126881,1.265774,,3619
iv,WLS,199501,5.375917,-1.117675,-2.372493,,3519
iv,WLS,199502,0.448662,3.304371,2.452681,,3530
iv,WLS,199503,0.171127,2.826421,2.582670,,3512
iv,WLS,199504,2.145966,-0.865169,0.988071,,3492
iv,WLS,199505,0.574608,0.122759,4.733531,,3500
iv,WLS,199506,4.912043,-0.657975,-1.813002,,3910
iv,WLS,199507,0.155153,-0.258926,-0.773310,,3914
iv,WLS,199508,2.970100,-4.040003,2.469667,,3892
iv,WLS,199509,-1.994310,-3.967011,3.487085,,3907
iv,WLS,199510,8.691521,-4.728919,-6.671911,,3891
iv,WLS,199511,4.859587,-0.707252,-7.131184,,3873
iv,WLS,199512,6.235654,-5.018408,-4.307251,,3889
iv,WLS,199601,-2.554554,3.183356,5.671027,,3757
iv,WLS,199602,2.025200,2.600415,-3.933063,,3771
iv,WLS,199603,-2.209971,5.869161,5.585071,,3747
iv,WLS,199604,0.359217,-0.702318,4.827878,,3736
iv,WLS,199605,1.621472,-6.916231,-1.310702,,3759
iv,WLS,199606,-8.358740,2.406356,2.695027,,4117
iv,WLS,199607,0.788772,3.291029,1.122318,,4112
iv,WLS,199608,5.986759,-7.181434,2.585965,,4081
iv,WLS,199609,0.952655,2.107842,-2.151147,,4098
iv,WLS,199610,4.157391,1.014806,3.518609,,4089
iv,WLS,199611,-2.884336,3.534395,0.106278,,4082
iv,WLS,199612,4.669551,-5.429790,4.400793,,4069
iv,WLS,199701,-2.316763,1.316737,1.397492,,3932
iv,WLS,199702,-7.438537,10.027089,-0.198474,,3949
iv,WLS,199703,4.134796,-6.542233,4.715244,,3919
iv,WLS,199704,6.874330,-0.629429,0.314323,,3906
iv,WLS,199705,5.397167,-3.923855,-0.964779,,3923
iv,WLS,199706,5.835693,1.036062,1.695717,,4280
iv,WLS,199707,-8.020179,10.840121,1.347189,,4263
iv,WLS,199708,6.397541,0.397525,-3.302477,,4226
iv,WLS,199709,-6.550280,0.870300,3.469747,,4235
iv,WLS,199710,3.362345,-4.845298,2.124319,,4202
iv,WLS,199711,1.024213,-0.250077,-1.764937,,4186
iv,WLS,199712,-0.157204,-3.106837,4.173409,,4170
iv,WLS,199801,3.100209,3.135789,4.830926,,4024
iv,WLS,199802,5.992180,-0.472133,-3.042488,,4020
iv,WLS,199803,1.165230,0.909955,-1.349471,,3976
iv,WLS,199804,-6.198193,3.597649,3.997899,,3960
iv,WLS,199805,1.890900,-7.357115,5.935851,,3980
iv,WLS,199806,-2.860794,-3.846945,2.523775,,4451
iv,WLS,199807,-14.079551,-4.527902,0.654131,,4435
iv,WLS,199808,5.373910,-0.454234,3.166704,,4399
iv,WLS,199809,7.790164,-0.561817,-0.867006,,4381
iv,WLS,199810,2.758059,-1.348746,6.511841,,4318
iv,WLS,199811,7.263449,-7.019157,2.476814,,4282
iv,WLS,199812,3.333245,-5.627019,3.906444,,4244
iv,WLS,199901,-2.913703,1.057228,-3.968526,,4100
iv,WLS,199902,8.892293,-8.371182,-5.624792,,4094
iv,WLS,199903,3.713586,14.344979,-6.857212,,4027
iv,WLS,199904,-6.223340,8.644102,3.925275,,3976
iv,WLS,199905,6.097479,-5.963130,1.745717,,3974
iv,WLS,199906,-4.143664,3.645739,1.030840,,4247
iv,WLS,199907,-0.937338,-8.403990,3.693593,,4227
iv,WLS,199908,3.338928,-8.622380,-7.109701,,4183
iv,WLS,199909,7.515260,-13.375925,-0.920587,,4153
iv,WLS,199910,0.827923,-1.902048,6.818190,,4116
iv,WLS,199911,15.580682,-13.759243,-7.696984,,4058
iv,WLS,199912,-8.142622,8.624937,2.256322,,4029
iv,WLS,200001,-1.356881,4.478564,6.053520,,3935
iv,WLS,200002,7.476707,-4.583519,-1.098567,,3916
iv,WLS,200003,-7.365747,4.908017,2.824043,,3871
iv,WLS,200004,-3.095353,-3.879861,-1.902583,,3844
iv,WLS,200005,5.835184,-12.988490,2.565966,,3829
iv,WLS,200006,-7.582232,10.413200,2.724951,,4022
iv,WLS,200007,15.263604,-14.008393,-11.104448,,4008
iv,WLS,200008,-10.342227,12.141035,1.797483,,3958
iv,WLS,200009,-9.318565,14.801129,8.137928,,3922
iv,WLS,200010,-26.416043,27.468296,18.498094,,3856
iv,WLS,200011,-7.632224,24.661537,2.989347,,3806
iv,WLS,200012,7.717317,-0.271188,-5.181589,,3768
iv,WLS,200101,-20.574306,29.658652,6.888684,,3682
iv,WLS,200102,-15.638973,18.658075,6.376093,,3655
iv,WLS,200103,19.853091,-16.210270,-13.165759,,3616
iv,WLS,200104,-1.640502,4.703354,1.421434,,3562
iv,WLS,200105,-3.185686,-0.227736,1.599710,,3531
iv,WLS,200106,-11.940290,10.153139,13.957414,,3801
iv,WLS,200107,-11.539980,7.715595,5.670570,,3766
iv,WLS,200108,-10.659896,-7.390345,4.075705,,3703
iv,WLS,200109,1.515324,-3.222146,4.740637,,3695
iv,WLS,200110,5.161304,4.223240,3.804826,,3671
iv,WLS,200111,-0.276626,8.071304,-0.624789,,3627
iv,WLS,200112,-8.692030,5.562176,11.582375,,3612
iv,WLS,200201,-3.777817,3.643939,1.115478,,3528
iv,WLS,200202,2.785997,6.284398,-0.969741,,3510
iv,WLS,200203,-16.796687,15.127391,12.306872,,3480
iv,WLS,200204,-0.897733,2.661701,-1.617513,,3452
iv,WLS,200205,-10.960542,3.904696,4.106181,,3444
iv,WLS,200206,-0.457427,-17.811219,-5.847486,,3700
iv,WLS,200207,-6.189846,7.223634,7.595814,,3680
iv,WLS,200208,-15.565323,5.419782,6.992492,,3647
iv,WLS,200209,12.664720,-12.375123,-2.512962,,3636
iv,WLS,200210,11.563239,0.247441,-8.555624,,3600
iv,WLS,200211,-11.763861,6.691573,6.647704,,3580
iv,WLS,200212,-3.237681,-1.204278,1.007003,,3547
iv,WLS,200301,0.347006,-5.603394,-0.688180,,3480
iv,WLS,200302,2.556431,-6.146641,0.210330,,3463
iv,WLS,200303,12.529123,-3.383604,-8.260449,,3413
iv,WLS,200304,4.965555,8.027282,-1.796844,,3381
iv,WLS,200305,-0.486506,2.413258,2.766685,,3363
iv,WLS,200306,0.251750,3.011604,2.055014,,3415
iv,WLS,200307,1.036410,7.955882,0.372791,,3391
iv,WLS,200308,-1.043992,-4.749650,0.464928,,3363
iv,WLS,200309,-1.155150,11.772390,7.999656,,3344
iv,WLS,200310,-1.495712,6.185485,2.948810,,3319
iv,WLS,200311,11.149281,-3.521371,-11.330382,,3299
iv,WLS,200312,1.353159,1.176411,-0.072517,,3271
iv,WLS,200401,-1.964806,3.385700,4.271495,,3241
iv,WLS,200402,-4.077177,3.801047,3.012919,,3224
iv,WLS,200403,1.545317,-7.354699,-1.184936,,3210
iv,WLS,200404,1.106647,-0.548893,0.184936,,3191
iv,WLS,200405,3.634309,2.042214,-3.788036,,3181
iv,WLS,200406,-5.887788,5.364857,-1.120796,,3226
iv,WLS,200407,-2.073781,1.129252,1.507823,,3218
iv,WLS,200408,3.308225,2.844702,-4.600651,,3202
iv,WLS,200409,-0.088397,1.989992,1.917169,,3201
iv,WLS,200410,5.107935,3.789658,-3.740002,,3184
iv,WLS,200411,2.593804,-1.288123,2.086805,,3166
iv,WLS,200412,-6.622460,4.202453,4.201161,,3143
iv,WLS,200501,1.060524,5.540542,-0.710978,,3116
iv,WLS,200502,-2.885509,1.804187,1.354575,,3107
iv,WLS,200503,-0.415736,-5.983294,-1.105663,,3090
iv,WLS,200504,2.320016,0.884938,2.484275,,3070
iv,WLS,200505,-4.552196,7.397155,3.262057,,3047
iv,WLS,200506,4.874075,0.212795,-0.527822,,3116
iv,WLS,200507,0.433563,1.551614,-4.227488,,3096
iv,WLS,200508,1.485627,1.899523,-3.922460,,3063
iv,WLS,200509,-1.290831,-5.485796,0.940328,,3059
iv,WLS,200510,5.651957,-2.706712,-2.063410,,3035
iv,WLS,200511,-0.921006,1.948815,-0.526700,,3019
iv,WLS,200512,-0.087621,9.327296,0.278246,,2993
iv,WLS,200601,-0.518186,-1.547795,0.998649,,2945
iv,WLS,200602,2.250301,1.691300,-1.751811,,2942
iv,WLS,200603,-0.842193,4.606562,-1.538804,,2918
iv,WLS,200604,-3.668936,0.822460,-0.752515,,2901
iv,WLS,200605,-3.066947,3.629557,2.384696,,2881
iv,WLS,200606,-6.306963,6.132937,4.709476,,3029
iv,WLS,200607,2.941764,-3.611422,1.317664,,3018
iv,WLS,200608,-1.583284,1.837352,5.217663,,3005
iv,WLS,200609,2.967791,0.531505,0.305250,,2995
iv,WLS,200610,4.435666,-0.324376,-4.386159,,2978
iv,WLS,200611,-1.307852,3.018739,0.314858,,2960
iv,WLS,200612,1.239125,-0.079602,1.292053,,2934
iv,WLS,200701,-1.259623,0.752334,-1.932073,,2884
iv,WLS,200702,1.678732,0.945845,-2.187008,,2874
iv,WLS,200703,5.333405,-3.365752,-0.346227,,2849
iv,WLS,200704,3.833195,2.565977,-2.314718,,2829
iv,WLS,200705,-0.980826,0.660394,-1.010094,,2812
iv,WLS,200706,3.276999,-6.835471,-5.825309,,2951
iv,WLS,200707,2.838221,-3.903213,-0.735540,,2938
iv,WLS,200708,10.400611,-7.032334,-7.495536,,2907
iv,WLS,200709,5.621973,-5.150757,-2.411850,,2898
iv,WLS,200710,-5.529456,-1.252808,2.651792,,2868
iv,WLS,200711,0.002261,2.677693,-1.935393,,2839
iv,WLS,200712,-10.916467,4.372201,3.723890,,2823
iv,WLS,200801,-1.351526,2.583569,-1.670672,,2785
iv,WLS,200802,0.227946,-0.660797,0.090068,,2784
iv,WLS,200803,3.081430,3.128151,0.075061,,2764
iv,WLS,200804,2.640778,2.503310,-0.948449,,2739
iv,WLS,200805,-9.331918,2.087186,3.249556,,2723
iv,WLS,200806,-5.825174,-1.355696,8.373982,,2888
iv,WLS,200807,-5.427743,7.648351,8.785568,,2874
iv,WLS,200808,-21.813991,7.094365,16.765883,,2848
iv,WLS,200809,-21.685827,-3.285337,10.687426,,2840
iv,WLS,200810,-8.653359,0.381484,3.235544,,2815
iv,WLS,200811,-0.819931,2.560191,3.628338,,2799
iv,WLS,200812,-1.842540,-9.953094,-1.599182,,2785
iv,WLS,200901,-15.165010,-2.932726,12.453737,,2747
iv,WLS,200902,6.702388,0.082392,2.766764,,2736
iv,WLS,200903,13.252534,7.126761,-10.704751,,2710
iv,WLS,200904,13.025643,-6.561582,-11.591635,,2689
iv,WLS,200905,-4.182547,-1.174996,9.131812,,2680
iv,WLS,200906,7.917176,5.860039,-3.206357,,2782
iv,WLS,200907,-0.581714,6.671263,1.825436,,2771
iv,WLS,200908,5.117830,5.079389,-3.267905,,2758
iv,WLS,200909,-3.094811,-5.456812,5.202358,,2757
iv,WLS,200910,10.478700,-7.129394,-4.585599,,2742
iv,WLS,200911,0.690030,7.985201,0.236962,,2717
iv,WLS,200912,-4.515988,-0.089565,0.636308,,2703
iv,WLS,201001,0.860229,5.871017,1.926327,,2669
iv,WLS,201002,6.399552,2.813651,-2.280868,,2662
iv,WLS,201003,0.433579,7.537207,-0.809521,,2645
iv,WLS,201004,-8.253400,-1.289234,1.783360,,2627
iv,WLS,201005,-1.110412,-9.989250,-3.218567,,2625
iv,WLS,201006,8.338477,0.503185,-2.772765,,2678
iv,WLS,201007,-4.170142,-1.425316,0.561240,,2655
iv,WLS,201008,9.859463,0.226632,0.881401,,2638
iv,WLS,201009,6.912949,-3.096411,-2.654855,,2619
iv,WLS,201010,1.301291,0.902754,-1.554700,,2603
iv,WLS,201011,8.124112,3.258973,-5.680568,,2579
iv,WLS,201012,7.210837,-2.740703,-8.166972,,2563
iv,WLS,201101,4.299791,3.458512,-3.473098,,2540
iv,WLS,201102,0.600791,1.338728,-0.247687,,2525
iv,WLS,201103,1.612013,-0.247801,3.771237,,2513
iv,WLS,201104,-4.044236,0.651352,5.470497,,2497
iv,WLS,201105,-2.922693,0.091306,2.506529,,2483
iv,WLS,201106,-0.363172,-5.179134,0.628695,,2532
iv,WLS,201107,-8.436326,-1.669047,6.744661,,2523
iv,WLS,201108,-14.191921,1.661503,12.305549,,2512
iv,WLS,201109,15.734899,0.403039,-8.876788,,2504
iv,WLS,201110,-1.235590,2.414379,1.153018,,2494
iv,WLS,201111,-1.885728,4.765107,1.227930,,2476
iv,WLS,201112,9.825826,-7.685291,-3.730053,,2474
iv,WLS,201201,6.328891,-2.441031,-2.219021,,2441
iv,WLS,201202,0.936581,-3.466279,5.625405,,2426
iv,WLS,201203,-0.987505,-0.293767,0.997306,,2413
iv,WLS,201204,-11.080533,4.414456,6.592968,,2399
iv,WLS,201205,3.137749,3.509591,-1.296447,,2404
iv,WLS,201206,0.462911,1.276987,0.413089,,2495
iv,WLS,201207,1.777584,0.796860,1.149775,,2482
iv,WLS,201208,3.536804,1.660316,-2.969349,,2470
iv,WLS,201209,-3.024896,2.938772,-0.898834,,2457
iv,WLS,201210,2.316395,-2.274449,-0.779064,,2440
iv,WLS,201211,1.571392,3.280634,-3.885918,,2425
iv,WLS,201212,3.267151,5.253900,0.402428,,2413
iv,WLS,201301,1.330108,0.598897,-0.646281,,2386
iv,WLS,201302,3.312981,0.936091,0.232199,,2383
iv,WLS,201303,-0.218084,-0.230074,3.131954,,2368
iv,WLS,201304,3.549463,0.270737,-2.158546,,2352
iv,WLS,201305,-1.262506,0.799005,-0.899414,,2350
iv,WLS,201306,6.592286,-1.212539,-1.282744,,2402
iv,WLS,201307,-0.368850,-2.819436,-1.782557,,2390
iv,WLS,201308,5.977362,-2.353588,-2.431550,,2377
iv,WLS,201309,2.708302,3.221784,1.270429,,2366
iv,WLS,201310,2.551411,-1.514545,1.894532,,2348
iv,WLS,201311,4.812030,-0.185422,-4.123491,,2331
iv,WLS,201312,-1.112036,-2.353825,-3.150509,,2323
iv,WLS,201401,5.033219,-0.963526,0.498847,,2303
iv,WLS,201402,-3.847779,7.613514,2.329460,,2290
iv,WLS,201403,0.955640,1.439853,-2.081882,,2283
iv,WLS,201404,3.377710,-0.885231,-1.759934,,2273
iv,WLS,201405,0.993218,3.254736,0.074257,,2268
iv,WLS,201406,-3.684961,1.182884,2.946620,,2339
iv,WLS,201407,6.858969,-5.121880,-1.139380,,2338
iv,WLS,201408,-3.565610,-3.390405,5.065037,,2329
iv,WLS,201409,3.558534,-5.038193,1.085500,,2324
iv,WLS,201410,-1.489221,-0.938455,8.784446,,2315
iv,WLS,201411,-2.926008,2.915400,2.356212,,2307
iv,WLS,201412,-0.196872,-6.372436,0.471768,,2294
iv,WLS,201501,9.908208,-2.750879,-4.540982,,2272
iv,WLS,201502,-1.006180,-2.225599,0.692355,,2261
iv,WLS,201503,1.571691,2.464260,-3.346331,,2246
iv,WLS,201504,2.102709,-3.714306,0.719321,,2241
iv,WLS,201505,-1.062769,-3.588752,0.962840,,2237
iv,WLS,201506,3.349873,-9.879982,2.409974,,2349
iv,WLS,201507,-9.352304,4.166929,3.384078,,2337
iv,WLS,201508,-4.824265,-0.608851,3.798350,,2326
iv,WLS,201509,12.249356,-1.417609,-5.822144,,2318
iv,WLS,201510,1.422946,-1.169867,-1.012184,,2298
iv,WLS,201511,-2.680367,-3.710933,3.430520,,2291
iv,WLS,201512,-13.295185,7.987525,9.191247,,2277
iv,WLS,201601,0.553628,1.142952,-0.960557,,2244
iv,WLS,201602,7.186773,2.340084,-1.807193,,2236
iv,WLS,201603,3.485943,1.824626,-6.632998,,2223
iv,WLS,201604,0.252918,-0.615149,2.974461,,2209
iv,WLS,201605,-1.584167,3.943909,1.403731,,2199
iv,WLS,201606,1.820386,-0.850871,4.850386,,2344
iv,WLS,201607,-0.453315,1.130438,-0.206741,,2327
iv,WLS,201608,0.515580,1.355037,-0.679841,,2312
iv,WLS,201609,-1.824521,-1.246308,-0.992400,,2296
iv,WLS,201610,4.356972,6.838905,-5.284389,,2287
iv,WLS,201611,0.056058,2.242482,0.864762,,2268
iv,WLS,201612,5.317064,-5.648320,-2.106089,,2255
iv,WLS,201701,3.533871,-4.704684,2.376506,,2235
iv,WLS,201702,0.256929,-1.927355,2.045056,,2223
iv,WLS,201703,0.668274,-2.142013,2.489490,,2212
iv,WLS,201704,1.653816,-5.019967,2.584215,,2195
iv,WLS,201705,2.594471,-2.458726,-3.463983,,2188
iv,WLS,201706,2.966450,-1.376112,-1.099398,,2272
iv,WLS,201707,2.534551,-4.802382,-0.964629,,2275
iv,WLS,201708,2.977938,2.872308,-3.045064,,2265
iv,WLS,201709,0.523557,-3.808854,5.198917,,2253
iv,WLS,201710,-0.711399,2.636294,5.346890,,2245
iv,WLS,201711,1.754876,1.534546,-1.856598,,2235
iv,WLS,201712,7.654303,-7.497550,1.261197,,2225
iv,WLS,201801,-2.256626,-6.376386,1.035188,,2204
iv,WLS,201802,-4.191573,3.219627,1.770488,,2198
iv,WLS,201803,1.111114,-0.316277,-1.411042,,2192
iv,WLS,201804,4.806729,-2.585542,-0.964514,,2185
iv,WLS,201805,-2.677664,1.844509,5.055224,,2184
iv,WLS,201806,2.863965,-0.683677,0.518827,,2260
iv,WLS,201807,2.847985,-6.328893,5.646061,,2253
iv,WLS,201808,2.940314,-2.142766,-2.955487,,2246
iv,WLS,201809,-10.388630,5.919921,0.265947,,2244
iv,WLS,201810,-0.840953,0.185678,3.660928,,2235
iv,WLS,201811,-9.493590,-3.606129,2.342351,,2221
iv,WLS,201812,10.339128,-0.704598,-2.835977,,2211
iv,WLS,201901,7.961599,-5.420271,-4.578634,,2194
iv,WLS,201902,2.813131,-3.813795,0.429048,,2186
iv,WLS,201903,4.112782,-3.431527,0.882120,,2176
iv,WLS,201904,-5.838955,-2.112418,-1.590878,,2169
iv,WLS,201905,9.818058,-1.702946,-2.962523,,2164
iv,WLS,201906,-0.185462,-0.089725,2.047260,,2277
iv,WLS,201907,-0.421347,-6.726030,0.259537,,2271
iv,WLS,201908,-2.566062,8.433960,2.342102,,2268
iv,WLS,201909,0.723152,-0.748538,2.666778,,2259
iv,WLS,201910,8.541404,-6.636579,-4.787914,,2243
iv,WLS,201911,0.942071,1.970022,2.326663,,2233
iv,WLS,201912,6.402602,-15.066661,-3.730858,,2218
iv,WLS,202001,-10.476347,-1.732376,5.377697,,2205
iv,WLS,202002,-15.701127,-14.739158,13.352013,,2205
iv,WLS,202003,11.687461,2.770203,3.334000,,2194
iv,WLS,202004,5.940837,-1.714881,0.368230,,2185
iv,WLS,202005,8.886280,-13.198751,-3.465726,,2174
iv,WLS,202006,8.886047,-9.054348,-0.122641,,2274
iv,WLS,202007,16.894957,-16.831434,-6.749986,,2270
iv,WLS,202008,-3.919969,1.467304,-0.739931,,2263
iv,WLS,202009,-5.235674,6.699480,1.301904,,2250
iv,WLS,202010,20.554440,1.631346,-14.490316,,2241
iv,WLS,202011,11.808593,-8.782887,-7.917638,,2235
iv,WLS,202012,-0.973388,5.913605,-0.618964,,2225
iv,WLS,202101,-1.327971,14.823719,-1.098826,,2209
iv,WLS,202102,-5.667301,11.618531,8.489673,,2205
iv,WLS,202103,4.072313,-3.835786,2.751912,,2202
iv,WLS,202104,-4.850846,10.966622,2.802854,,2188
iv,WLS,202105,5.854248,-11.013237,1.493557,,2186
iv,WLS,202106,0.623163,-4.964441,3.933763,,2289
iv,WLS,202107,1.617216,-3.122001,3.018259,,2290
iv,WLS,202108,0.065599,1.167166,-7.900310,,2282
iv,WLS,202109,10.977656,-10.542119,-2.178892,,2281
iv,WLS,202110,-6.259294,-3.606032,10.376682,,2275
iv,WLS,202111,-1.658188,8.844601,3.889735,,2264
iv,WLS,202112,-9.288043,12.980678,-1.202915,,2256
iv,WLS,202201,0.790708,4.269693,-7.047464,,2244
iv,WLS,202202,9.833118,-4.910236,-7.141482,,2245
iv,WLS,202203,-15.932490,12.396865,4.867361,,2240
iv,WLS,202204,-4.840284,13.913293,0.147314,,2233
iv,WLS,202205,-9.945669,-2.598315,3.484356,,2231
iv,WLS,202206,16.731433,-14.457932,-4.176667,,2393
iv,WLS,202207,0.699774,0.846615,-7.532191,,2386
iv,WLS,202208,-9.783008,-0.535723,0.440428,,2380
iv,WLS,202209,6.334274,12.960241,-3.290293,,2371
iv,WLS,202210,0.331285,3.519945,4.899692,,2363
iv,WLS,202211,-8.226475,5.640027,-0.028434,,2354
iv,WLS,202212,7.065487,-3.367914,1.306810,,2355
iv,WLS,202301,1.404382,-8.980052,-1.641002,,2328
iv,WLS,202302,-3.696448,-5.539380,14.714296,,2315
iv,WLS,202303,-7.072680,4.434561,8.983229,,2302
iv,WLS,202304,2.083356,-16.700229,4.913505,,2296
iv,WLS,202305,12.424719,-5.801995,-5.982572,,2295
iv,WLS,202306,-2.465862,7.694307,5.062153,,2551
iv,WLS,202307,-4.621293,-1.245335,4.276856,,2555
iv,WLS,202308,-8.114812,6.506487,1.651489,,2542
iv,WLS,202309,-8.658008,-2.342347,8.516507,,2535
iv,WLS,202310,12.223323,-6.938988,-2.524315,,2519
iv,WLS,202311,5.017089,5.705851,-2.194737,,2503
iv,WLS,202312,-1.455759,-2.034574,4.415652,,2492
iv,WLS,202401,2.127045,0.301585,5.173081,,2469
iv,WLS,202402,1.992865,6.921076,-1.560415,,2460
iv,WLS,202403,-3.512331,-3.102269,-1.132608,,2445
iv,WLS,202404,-0.330710,-4.060955,8.287277,,2434
iv,WLS,202405,-0.447309,-11.196016,9.626775,,2425
iv,WLS,202406,7.235293,2.408528,-11.182691,,2486
iv,WLS,202407,1.897801,-6.110072,0.964656,,2468
iv,WLS,202408,6.597498,-4.894278,-4.998894,,2458
iv,WLS,202409,-6.713322,3.263739,6.435192,,2448
iv,WLS,202410,11.057357,-4.408716,-6.258400,,2433
iv,WLS,202411,-4.928405,-9.350861,6.416527,,2421
iv,WLS,202412,2.293020,6.474929,-2.269561,,2410
v,OLS,197306,11.580108,-2.337233,,4.157190,1474
v,OLS,197307,-6.398237,1.144052,,0.856141,1473
v,OLS,197308,-4.530426,10.866508,,15.490774,1471
v,OLS,197309,-10.632796,12.849453,,8.373077,1470
v,OLS,197310,-16.623886,-1.896362,,-4.459351,1470
v,OLS,197311,-7.023392,2.013085,,4.424473,1471
v,OLS,197312,13.304088,8.694051,,-8.025533,1470
v,OLS,197401,-5.814293,7.882390,,3.791704,1469
v,OLS,197402,3.857729,-2.511476,,-5.837483,1467
v,OLS,197403,-2.716738,-0.190675,,-4.828763,1467
v,OLS,197404,-2.525152,-5.446696,,-4.634732,1468
v,OLS,197405,-5.363648,3.654462,,1.201477,1466
v,OLS,197406,-18.870023,16.917642,,9.334066,1589
v,OLS,197407,-7.845913,1.465050,,-2.293516,1589
v,OLS,197408,-9.430677,1.956449,,-3.379277,1587
v,OLS,197409,4.989058,-0.975542,,12.494305,1584
v,OLS,197410,-3.158540,-5.046458,,0.452597,1584
v,OLS,197411,-0.780354,-9.719066,,-4.090205,1581
v,OLS,197412,30.147035,11.729238,,-13.022921,1580
v,OLS,197501,2.682771,-0.028218,,4.144132,1578
v,OLS,197502,14.908313,-2.990622,,-8.295796,1575
v,OLS,197503,0.265234,1.077103,,5.964445,1576
v,OLS,197504,7.718350,-1.541131,,-0.418345,1572
v,OLS,197505,11.725988,-2.657807,,-5.444350,1573
v,OLS,197506,-0.751828,1.974017,,-4.955847,1993
v,OLS,197507,-4.771499,-2.670125,,1.207739,1992
v,OLS,197508,2.388861,-6.370749,,-7.086446,1991
v,OLS,197509,5.179900,-5.381878,,-1.272057,1992
v,OLS,197510,6.213013,-2.305126,,-4.876484,1993
v,OLS,197511,-6.622812,5.342228,,4.679487,1991
v,OLS,197512,33.315086,-0.330832,,-21.962655,1985
v,OLS,197601,4.181341,16.399899,,-3.692931,1984
v,OLS,197602,4.067752,-3.074244,,-3.000821,1976
v,OLS,197603,-0.509460,-1.913081,,-0.716506,1967
v,OLS,197604,-6.607721,1.440969,,6.272094,1961
v,OLS,197605,-2.028209,5.037859,,5.733744,1953
v,OLS,197606,0.010754,0.399266,,-2.328563,2418
v,OLS,197607,8.847545,-11.230095,,-11.801961,2411
v,OLS,197608,1.943944,-1.155320,,0.260603,2400
v,OLS,197609,-0.802051,-2.377947,,-1.975305,2394
v,OLS,197610,6.388449,-3.928319,,-4.151496,2391
v,OLS,197611,9.898217,1.478203,,-2.513990,2383
v,OLS,197612,-1.308769,9.736286,,-1.963969,2373
v,OLS,197701,5.391611,-4.899147,,-7.394522,2358
v,OLS,197702,0.882770,0.395851,,-1.567543,2352
v,OLS,197703,-0.367699,2.368996,,0.372425,2344
v,OLS,197704,5.468588,-4.387976,,-6.961037,2335
v,OLS,197705,-1.626900,7.282427,,6.950070,2320
v,OLS,197706,4.252653,-3.016160,,-5.781194,2477
v,OLS,197707,3.729276,-6.126438,,-4.490029,2462
v,OLS,197708,0.581058,0.146854,,-0.049017,2451
v,OLS,197709,1.961385,-3.806219,,-6.394047,2440
v,OLS,197710,7.467186,0.718164,,-0.687241,2431
v,OLS,197711,-1.675347,3.052856,,2.907635,2419
v,OLS,197712,-3.720373,4.510941,,-2.122686,2407
v,OLS,197801,3.966336,-0.137011,,-3.762825,2384
v,OLS,197802,4.600004,3.559576,,0.775544,2374
v,OLS,197803,4.504842,3.662397,,4.096119,2363
v,OLS,197804,4.240872,3.189855,,1.320253,2347
v,OLS,197805,0.032570,0.442314,,-1.684198,2327
v,OLS,197806,1.309581,1.891419,,5.416542,2422
v,OLS,197807,5.617082,4.016879,,1.909223,2411
v,OLS,197808,-6.947155,8.117922,,3.977970,2395
v,OLS,197809,-11.483483,-8.837020,,-9.272876,2387
v,OLS,197810,6.703273,-3.537827,,0.274086,2384
v,OLS,197811,3.052761,-4.974057,,-0.301351,2370
v,OLS,197812,4.567431,7.946821,,1.398745,2361
v,OLS,197901,-7.293517,4.783692,,3.000708,2326
v,OLS,197902,-1.675681,8.556332,,10.479655,2317
v,OLS,197903,-2.109983,4.812015,,3.221739,2312
v,OLS,197904,-3.164386,2.067642,,0.215104,2302
v,OLS,197905,-4.625188,7.476821,,9.555604,2291
v,OLS,197906,8.452112,-6.692761,,-6.683862,2372
v,OLS,197907,4.502907,1.349238,,4.525136,2357
v,OLS,197908,-4.040070,1.910991,,3.835852,2345
v,OLS,197909,-3.768794,-7.062668,,-6.613728,2334
v,OLS,197910,-2.465606,4.794293,,11.529822,2327
v,OLS,197911,-4.397293,8.176020,,11.381149,2318
v,OLS,197912,-3.229204,13.518916,,11.446454,2296
v,OLS,198001,-6.373175,3.279387,,3.733952,2263
v,OLS,198002,-6.197779,-10.980507,,-11.551113,2256
v,OLS,198003,1.651173,0.218102,,2.849660,2245
v,OLS,198004,10.717709,-4.825181,,-3.266027,2235
v,OLS,198005,0.888586,1.451249,,2.831782,2228
v,OLS,198006,13.342024,-5.649983,,-0.726459,2318
v,OLS,198007,6.446538,-1.927554,,1.952206,2319
v,OLS,198008,0.507701,1.279157,,4.262048,2313
v,OLS,198009,5.203510,-4.040505,,-1.867032,2298
v,OLS,198010,1.609323,-3.492941,,11.012123,2294
v,OLS,198011,1.705925,-6.128171,,-6.927636,2286
v,OLS,198012,1.207050,3.343662,,-6.736623,2282
v,OLS,198101,1.290093,0.913414,,-2.868840,2242
v,OLS,198102,7.046799,1.020764,,-0.275674,2234
v,OLS,198103,4.580671,-0.445737,,-4.401831,2224
v,OLS,198104,2.842063,-0.241372,,-1.601493,2213
v,OLS,198105,3.885467,-1.516539,,-9.944350,2214
v,OLS,198106,0.127652,-3.527506,,-3.381429,2353
v,OLS,198107,-2.352294,-2.837414,,-9.982219,2348
v,OLS,198108,-3.081754,-3.263726,,-8.505212,2335
v,OLS,198109,13.009545,-11.193955,,-2.018927,2322
v,OLS,198110,4.855048,-3.498576,,-4.432169,2316
v,OLS,198111,4.479401,-5.287421,,-8.469313,2314
v,OLS,198112,-0.501140,0.284458,,-4.211679,2296
v,OLS,198201,-2.881984,2.120296,,-6.050490,2275
v,OLS,198202,-0.324138,1.188047,,-3.564674,2262
v,OLS,198203,1.843558,1.616332,,3.373498,2251
v,OLS,198204,4.193747,-5.690113,,-9.211782,2242
v,OLS,198205,-5.573234,5.742491,,-1.076710,2229
v,OLS,198206,4.484445,-5.056309,,-7.734117,2422
v,OLS,198207,7.821217,-3.956496,,1.475567,2411
v,OLS,198208,7.523847,-2.880735,,-6.979334,2400
v,OLS,198209,10.813510,-0.434423,,3.997394,2379
v,OLS,198210,3.416645,9.265726,,1.854491,2367
v,OLS,198211,1.748031,0.852751,,-0.912607,2357
v,OLS,198212,1.627269,5.293205,,7.969449,2338
v,OLS,198301,5.273584,4.292719,,-3.887026,2314
v,OLS,198302,-2.192156,9.573282,,4.326580,2304
v,OLS,198303,6.321269,1.570598,,-1.363626,2291
v,OLS,198304,0.022495,6.659143,,8.907985,2281
v,OLS,198305,4.474732,0.601571,,-0.368032,2276
v,OLS,198306,-5.326057,6.538383,,-2.030720,2457
v,OLS,198307,-1.660931,-0.333603,,-4.178999,2444
v,OLS,198308,5.865990,-3.680107,,-7.752592,2429
v,OLS,198309,-6.128345,3.448436,,-3.821613,2418
v,OLS,198310,6.853773,-2.735462,,-3.286695,2407
v,OLS,198311,-1.319938,1.636347,,-3.423465,2400
v,OLS,198312,-8.056994,10.585753,,3.442518,2380
v,OLS,198401,-8.965688,4.060207,,0.732451,2366
v,OLS,198402,1.319388,1.644991,,-3.286550,2346
v,OLS,198403,3.263198,-3.677787,,-6.564361,2328
v,OLS,198404,-1.549780,-1.684411,,-5.769237,2316
v,OLS,198405,7.442214,-6.264121,,-4.834927,2303
v,OLS,198406,2.077221,-4.591648,,-10.513059,2586
v,OLS,198407,15.533288,-8.538134,,-3.337159,2569
v,OLS,198408,0.276042,1.146864,,-4.821334,2551
v,OLS,198409,5.113825,-6.635772,,-10.511175,2528
v,OLS,198410,2.774326,-3.603613,,-9.743102,2509
v,OLS,198411,5.615359,-5.173679,,-5.761051,2484
v,OLS,198412,10.299387,-2.071070,,4.088031,2456
v,OLS,198501,4.501121,-1.433417,,-0.571406,2434
v,OLS,198502,-1.035098,0.544031,,-3.402357,2415
v,OLS,198503,1.020882,-1.369844,,-5.707321,2404
v,OLS,198504,6.194540,-3.382640,,-4.450683,2390
v,OLS,198505,3.344488,-3.067170,,-4.374563,2371
v,OLS,198506,3.479248,-1.424593,,-2.243119,2605
v,OLS,198507,-0.317011,-0.115584,,-2.182794,2586
v,OLS,198508,-0.498225,-2.718464,,-7.670004,2567
v,OLS,198509,8.232518,-6.461534,,-7.107719,2548
v,OLS,198510,9.270564,-5.234191,,-3.638978,2531
v,OLS,198511,13.574709,-11.210742,,-11.186053,2510
v,OLS,198512,0.905716,0.200050,,2.699039,2487
v,OLS,198601,13.745205,-8.416273,,-7.761362,2470
v,OLS,198602,6.173765,-0.227450,,-3.689128,2449
v,OLS,198603,2.936632,-2.581276,,-2.047778,2428
v,OLS,198604,4.165026,-0.726267,,-1.252309,2404
v,OLS,198605,-0.319486,0.808483,,-0.004273,2390
v,OLS,198606,-7.898218,1.477499,,-2.966004,2682
v,OLS,198607,2.615023,0.994615,,-2.397741,2659
v,OLS,198608,-10.123787,6.933353,,1.148269,2647
v,OLS,198609,8.438049,-7.323549,,-2.948158,2621
v,OLS,198610,4.397757,-3.502475,,-5.425480,2595
v,OLS,198611,-1.554985,0.343741,,-4.594883,2564
v,OLS,198612,11.406676,-0.592536,,1.341928,2505
v,OLS,198701,5.214356,-0.324475,,4.922685,2484
v,OLS,198702,-2.344994,6.713172,,4.132422,2473
v,OLS,198703,-3.315177,2.440561,,0.302059,2446
v,OLS,198704,-0.110876,1.610505,,0.001909,2430
v,OLS,198705,3.600275,-0.125587,,-2.123377,2417
v,OLS,198706,-4.305616,11.255922,,5.989039,2800
v,OLS,198707,6.948393,-4.589108,,-6.731524,2773
v,OLS,198708,-1.770071,1.686012,,-0.936139,2754
v,OLS,198709,-27.436121,0.827564,,-5.068638,2731
v,OLS,198710,-2.716728,-0.569595,,-4.825656,2702
v,OLS,198711,13.485610,-8.840917,,-8.209864,2674
v,OLS,198712,2.036914,3.952710,,4.882743,2650
v,OLS,198801,10.207617,-2.060572,,-3.822092,2629
v,OLS,198802,4.178996,2.007313,,-2.595510,2608
v,OLS,198803,0.855760,1.740343,,-0.727117,2578
v,OLS,198804,-2.184083,2.403041,,-2.445847,2556
v,OLS,198805,6.121448,-1.266985,,-0.426256,2527
v,OLS,198806,-0.139925,0.477344,,-2.326652,2625
v,OLS,198807,-2.095485,0.764509,,-2.358250,2602
v,OLS,198808,5.005300,-3.648293,,-2.216737,2575
v,OLS,198809,1.161975,-1.457644,,-4.245952,2549
v,OLS,198810,-0.866931,-2.033920,,-5.131765,2526
v,OLS,198811,6.825678,-3.434002,,-4.602184,2500
v,OLS,198812,1.457695,3.921613,,3.819945,2466
v,OLS,198901,0.424641,0.312069,,-1.674889,2446
v,OLS,198902,0.630932,1.719521,,1.191709,2423
v,OLS,198903,4.161453,-1.485580,,-0.797320,2405
v,OLS,198904,2.889277,-0.050149,,-0.570780,2394
v,OLS,198905,-4.671932,4.411464,,0.079740,2368
v,OLS,198906,6.134226,-4.804229,,-2.759890,2661
v,OLS,198907,1.854794,0.325904,,-1.639937,2640
v,OLS,198908,2.109023,-3.272606,,-1.964185,2614
v,OLS,198909,-0.712157,-5.577982,,-5.342357,2592
v,OLS,198910,-1.173472,-1.702520,,0.789627,2571
v,OLS,198911,1.474249,-2.411482,,-2.376026,2545
v,OLS,198912,-7.361239,2.998134,,-1.036028,2515
v,OLS,199001,-2.884892,4.902351,,4.008382,2494
v,OLS,199002,5.071297,-1.398335,,-2.633748,2482
v,OLS,199003,-1.386539,-1.970037,,-1.349104,2460
v,OLS,199004,7.121171,-5.093609,,1.453578,2445
v,OLS,199005,0.515019,-2.163178,,1.372148,2425
v,OLS,199006,-7.201249,4.260500,,2.999498,2785
v,OLS,199007,-15.519200,5.925935,,-0.481666,2762
v,OLS,199008,-10.279642,3.920225,,-0.289967,2740
v,OLS,199009,-2.884168,-3.069708,,-3.506722,2726
v,OLS,199010,11.573112,-10.186330,,-4.609555,2711
v,OLS,199011,10.599133,-10.556542,,-9.870736,2707
v,OLS,199012,5.052597,5.457452,,3.400297,2683
v,OLS,199101,12.017078,-2.288882,,3.131751,2666
v,OLS,199102,6.060456,2.196736,,1.830512,2653
v,OLS,199103,3.287949,-1.873467,,-1.336293,2634
v,OLS,199104,3.730327,-1.650068,,0.978501,2619
v,OLS,199105,-2.318208,-0.688307,,-2.950341,2606
v,OLS,199106,4.647183,-3.212796,,-0.213337,2785
v,OLS,199107,3.498243,-1.161091,,-0.105371,2759
v,OLS,199108,-1.409952,0.209405,,2.703393,2745
v,OLS,199109,0.415530,0.245039,,3.682794,2737
v,OLS,199110,-3.063696,-0.472208,,0.442849,2718
v,OLS,199111,17.001563,-14.459809,,-10.700302,2699
v,OLS,199112,-5.457084,20.338743,,20.364206,2671
v,OLS,199201,1.089008,7.021685,,1.007276,2657
v,OLS,199202,-3.546041,6.075886,,-1.628794,2645
v,OLS,199203,-1.987997,0.261597,,-4.403746,2627
v,OLS,199204,-0.244197,1.001608,,-1.556890,2614
v,OLS,199205,-4.265847,0.959759,,-2.320578,2583
v,OLS,199206,1.810363,-0.123602,,0.528218,2748
v,OLS,199207,0.524589,-2.407245,,-4.628242,2716
v,OLS,199208,-0.020242,1.034218,,1.861940,2689
v,OLS,199209,7.692707,-4.582882,,-6.630394,2675
v,OLS,199210,12.055432,-4.880883,,-3.817283,2657
v,OLS,199211,3.180360,2.628455,,-2.486463,2647
v,OLS,199212,-2.895514,12.472364,,3.799584,2634
v,OLS,199301,-8.363776,10.604127,,3.172745,2617
v,OLS,199302,-1.542157,4.839076,,2.754546,2608
v,OLS,199303,-6.240701,5.495416,,1.016567,2587
v,OLS,199304,4.700968,0.075052,,0.803479,2577
v,OLS,199305,-6.082044,6.977780,,5.955161,2570
v,OLS,199306,-2.896942,4.927481,,1.421538,2781
v,OLS,199307,4.663290,-2.913905,,2.101574,2766
v,OLS,199308,2.929051,0.248212,,-1.788468,2758
v,OLS,199309,0.646935,4.114454,,3.192773,2747
v,OLS,199310,-0.613481,1.117447,,-2.807390,2738
v,OLS,199311,3.280303,-1.370614,,-1.985824,2724
v,OLS,199312,-4.097201,11.280903,,7.009354,2704
v,OLS,199401,-0.846666,3.458728,,-1.598568,2687
v,OLS,199402,-4.770821,3.026704,,-2.809180,2665
v,OLS,199403,-1.612473,2.195225,,-1.203869,2650
v,OLS,199404,-0.920556,1.235283,,-0.060256,2636
v,OLS,199405,-3.587410,2.445847,,-2.293881,2622
v,OLS,199406,1.404730,0.394410,,-0.830920,2873
v,OLS,199407,6.699222,-2.309672,,-3.183773,2863
v,OLS,199408,0.722715,1.934125,,-1.675880,2846
v,OLS,199409,2.475387,0.287355,,-4.198111,2830
v,OLS,199410,-0.504822,-1.036244,,-5.424599,2817
v,OLS,199411,-0.023969,-0.702668,,-2.704797,2802
v,OLS,199412,3.170389,-1.299617,,0.983601,2778
v,OLS,199501,4.188557,-1.015827,,-1.063934,2766
v,OLS,199502,3.613315,-2.176369,,-1.468599,2749
v,OLS,199503,1.474715,2.286335,,-0.264653,2726
v,OLS,199504,1.841264,0.256030,,-0.621728,2709
v,OLS,199505,7.521170,-5.340843,,0.706646,2689
v,OLS,199506,8.567372,-4.251508,,-2.396141,3077
v,OLS,199507,0.063881,2.220730,,3.249146,3056
v,OLS,199508,2.235949,0.394696,,0.457157,3035
v,OLS,199509,-2.127072,-2.186939,,-5.576514,3012
v,OLS,199510,3.531838,-3.687833,,-1.151592,2995
v,OLS,199511,-1.461882,1.230321,,2.583907,2976
v,OLS,199512,-2.205120,3.881653,,4.946505,2953
v,OLS,199601,3.099823,0.417625,,0.727970,2936
v,OLS,199602,1.443868,1.191778,,1.579118,2918
v,OLS,199603,5.103182,1.442742,,1.384547,2894
v,OLS,199604,6.212238,0.909013,,3.071102,2880
v,OLS,199605,-4.986521,2.985048,,-1.761244,2856
v,OLS,199606,-8.348514,2.988724,,-5.458443,3267
v,OLS,199607,4.990747,-1.717059,,-0.786438,3244
v,OLS,199608,4.290129,-2.732343,,-0.590585,3214
v,OLS,199609,-1.885733,2.931499,,-4.558655,3196
v,OLS,199610,4.903835,-1.408726,,-3.672812,3180
v,OLS,199611,1.451405,-0.310413,,-3.942555,3167
v,OLS,199612,4.436368,-0.433663,,3.691405,3126
v,OLS,199701,-3.458469,4.517717,,-2.457283,3103
v,OLS,199702,-7.178162,7.172425,,-3.007732,3086
v,OLS,199703,-0.639136,-0.238510,,-3.675814,3054
v,OLS,199704,12.907206,-6.516895,,-0.261065,3034
v,OLS,199705,2.291784,3.247310,,-0.598841,3017
v,OLS,199706,6.449806,-1.829263,,-1.382378,3298
v,OLS,199707,3.899582,-0.678990,,-0.471348,3268
v,OLS,199708,5.223958,2.977930,,1.991442,3242
v,OLS,199709,-4.355362,3.871744,,-0.898404,3213
v,OLS,199710,1.876490,-1.477797,,-6.757638,3186
v,OLS,199711,-1.717013,-1.608243,,-3.430384,3167
v,OLS,199712,-0.240505,1.480858,,1.271525,3115
v,OLS,199801,6.933818,-1.015884,,0.241985,3086
v,OLS,199802,1.845023,3.208423,,1.302621,3064
v,OLS,199803,1.447066,1.644977,,-0.573237,3021
v,OLS,199804,-5.049189,3.991822,,-3.176094,2997
v,OLS,199805,0.845798,-2.842863,,-4.946268,2978
v,OLS,199806,-6.671928,1.192310,,-1.423590,3218
v,OLS,199807,-16.679638,1.627209,,-8.162853,3183
v,OLS,199808,7.785165,-8.699087,,1.097710,3154
v,OLS,199809,11.336964,-9.752540,,-4.609334,3114
v,OLS,199810,13.042410,-3.960327,,-6.943912,3062
v,OLS,199811,10.353045,-8.173255,,-8.332950,3035
v,OLS,199812,1.491818,5.464136,,2.177213,2990
v,OLS,199901,-4.821218,0.058524,,-1.620686,2950
v,OLS,199902,-2.272910,-2.941656,,4.022660,2929
v,OLS,199903,4.118974,3.678871,,5.882413,2881
v,OLS,199904,5.799566,0.241173,,-3.193298,2851
v,OLS,199905,7.114411,-2.370997,,-3.288742,2827
v,OLS,199906,-1.028082,3.948627,,-0.155387,3189
v,OLS,199907,-1.645959,-0.831855,,-2.353818,3160
v,OLS,199908,2.605176,-6.322347,,-2.719221,3124
v,OLS,199909,5.815591,-9.060365,,-5.592464,3084
v,OLS,199910,11.821397,-4.141206,,-1.432763,3057
v,OLS,199911,11.863547,-8.799723,,3.149537,3007
v,OLS,199912,-5.414020,14.641372,,5.710134,2973
v,OLS,200001,10.856929,1.963529,,2.905402,2945
v,OLS,200002,2.540912,-1.038724,,-0.574864,2919
v,OLS,200003,-6.724987,1.233017,,-3.089203,2878
v,OLS,200004,-6.822518,1.223538,,0.233775,2853
v,OLS,200005,6.764334,-2.518301,,2.133291,2828
v,OLS,200006,-7.054700,10.186461,,-1.708273,3118
v,OLS,200007,7.366090,-5.914890,,4.081763,3093
v,OLS,200008,-3.992194,3.234214,,-5.063890,3053
v,OLS,200009,1.848372,-6.055849,,-9.202947,3020
v,OLS,200010,-9.309082,5.999123,,-11.033634,2973
v,OLS,200011,-2.492760,2.486628,,-0.106768,2935
v,OLS,200012,19.759114,-4.369257,,10.974245,2887
v,OLS,200101,-8.698981,12.176040,,-7.959948,2850
v,OLS,200102,-10.172212,8.386173,,-1.400858,2829
v,OLS,200103,11.000766,-9.464036,,1.593376,2798
v,OLS,200104,2.799427,7.477203,,-0.058330,2763
v,OLS,200105,6.547344,-4.645215,,-6.442874,2728
v,OLS,200106,2.167718,0.431801,,-9.529529,2893
v,OLS,200107,1.077147,-0.824832,,-8.443453,2865
v,OLS,200108,-7.333262,-3.867215,,-9.764765,2828
v,OLS,200109,11.110356,-8.185992,,1.763916,2802
v,OLS,200110,11.565180,-4.843084,,-2.728191,2788
v,OLS,200111,8.577858,-1.572618,,-3.283173,2758
v,OLS,200112,2.898361,7.570166,,-7.465028,2729
v,OLS,200201,0.308847,0.473164,,-6.511413,2707
v,OLS,200202,7.010544,3.908593,,-0.100995,2681
v,OLS,200203,1.480791,7.458173,,-9.471249,2654
v,OLS,200204,-1.743426,4.506019,,-4.175721,2632
v,OLS,200205,-2.425294,1.001961,,-10.719742,2610
v,OLS,200206,-11.585403,-0.055192,,-2.937575,2817
v,OLS,200207,0.847813,-1.332676,,-1.504877,2794
v,OLS,200208,-4.527456,-2.403123,,-6.816987,2773
v,OLS,200209,10.485378,-10.075266,,-0.957734,2757
v,OLS,200210,-1.961943,9.468398,,20.624757,2724
v,OLS,200211,-1.207507,0.212786,,-9.323776,2707
v,OLS,200212,-1.756737,2.071845,,-0.719181,2677
v,OLS,200301,-3.014031,1.355093,,-0.910232,2654
v,OLS,200302,1.136140,-1.829346,,0.951213,2633
v,OLS,200303,7.450133,-0.759150,,6.242325,2598
v,OLS,200304,5.420176,2.696372,,12.371254,2580
v,OLS,200305,1.792297,4.906111,,1.573000,2559
v,OLS,200306,5.751805,5.066943,,-0.419140,2798
v,OLS,200307,6.348166,0.268218,,-1.588399,2777
v,OLS,200308,-5.200808,10.052009,,3.429086,2753
v,OLS,200309,5.676306,7.015280,,0.660244,2734
v,OLS,200310,4.753044,2.134761,,-3.369142,2719
v,OLS,200311,-2.471262,7.080374,,5.078130,2701
v,OLS,200312,-3.049709,12.695611,,7.475728,2670
v,OLS,200401,2.132819,0.480097,,-2.765340,2656
v,OLS,200402,1.466384,0.794565,,-2.758640,2641
v,OLS,200403,-0.735502,-1.704288,,-2.082467,2629
v,OLS,200404,2.865732,-1.827405,,-2.896443,2611
v,OLS,200405,3.531154,1.151875,,-2.043870,2594
v,OLS,200406,-8.276486,6.119891,,-4.454605,2673
v,OLS,200407,-1.850836,0.624965,,-1.761044,2658
v,OLS,200408,4.231153,0.083395,,0.272412,2644
v,OLS,200409,2.865031,-1.781360,,-0.295828,2634
v,OLS,200410,7.617196,2.616886,,0.707813,2619
v,OLS,200411,5.925940,-0.233064,,1.377953,2601
v,OLS,200412,-1.220212,0.469081,,-5.368442,2579
v,OLS,200501,-0.182080,2.517991,,0.632394,2565
v,OLS,200502,-0.107520,1.407105,,-6.579425,2551
v,OLS,200503,-2.847084,-2.555501,,-4.503885,2538
v,OLS,200504,7.820925,-4.022784,,-0.882849,2520
v,OLS,200505,0.791733,4.281838,,-0.258074,2503
v,OLS,200506,3.200520,3.627856,,3.676783,2559
v,OLS,200507,-2.259376,2.014644,,-0.718123,2542
v,OLS,200508,-1.717456,1.605507,,2.570348,2518
v,OLS,200509,-0.306782,-2.761568,,-3.375132,2500
v,OLS,200510,6.047322,-1.929222,,-2.299336,2483
v,OLS,200511,0.097046,0.932032,,0.160516,2469
v,OLS,200512,2.962899,3.956422,,6.134475,2446
v,OLS,200601,1.201090,-1.125995,,-1.436092,2421
v,OLS,200602,1.480498,3.907156,,1.555168,2410
v,OLS,200603,-2.144107,4.634739,,0.790454,2390
v,OLS,200604,-5.378503,2.088067,,-2.829963,2378
v,OLS,200605,-1.319492,0.762952,,-1.118887,2361
v,OLS,200606,-2.446133,0.356660,,-4.060081,2472
v,OLS,200607,1.423735,-1.176442,,2.835105,2460
v,OLS,200608,5.168956,-1.944627,,-6.634228,2447
v,OLS,200609,3.960008,0.085118,,1.470999,2435
v,OLS,200610,0.674541,1.250671,,2.308915,2419
v,OLS,200611,-0.865722,4.384527,,-0.857033,2404
v,OLS,200612,1.971196,0.807128,,0.401133,2375
v,OLS,200701,-1.355633,2.228934,,1.018413,2347
v,OLS,200702,2.111050,-2.242692,,-1.184052,2336
v,OLS,200703,2.266694,-0.816335,,1.089656,2314
v,OLS,200704,2.879682,0.064960,,-0.390186,2296
v,OLS,200705,-1.074902,0.696251,,0.105172,2274
v,OLS,200706,-3.849312,-0.570126,,-0.910127,2408
v,OLS,200707,0.327069,-5.179477,,0.833352,2392
v,OLS,200708,1.719226,-3.457520,,2.190858,2365
v,OLS,200709,2.682322,-3.289705,,2.164024,2347
v,OLS,200710,-4.104899,-4.527926,,-4.501918,2322
v,OLS,200711,0.864793,-1.924969,,-2.304917,2299
v,OLS,200712,-7.451861,2.637082,,-0.171007,2272
v,OLS,200801,-1.770673,-0.564018,,0.533351,2259
v,OLS,200802,-0.296832,-0.365091,,-2.125291,2252
v,OLS,200803,4.004201,-1.881088,,-0.223218,2232
v,OLS,200804,2.571871,0.607103,,2.761236,2213
v,OLS,200805,-9.694329,2.091674,,0.368449,2196
v,OLS,200806,4.995997,-5.159083,,-4.401014,2362
v,OLS,200807,5.838223,-0.680136,,-5.307777,2346
v,OLS,200808,-5.992768,-4.026515,,-8.996638,2326
v,OLS,200809,-15.836774,-7.118041,,-7.839425,2315
v,OLS,200810,-8.488552,-10.130916,,-1.450663,2294
v,OLS,200811,8.920749,-4.815257,,-5.045128,2281
v,OLS,200812,-7.591930,-0.002274,,7.620898,2261
v,OLS,200901,-1.878795,-9.814368,,-8.393899,2249
v,OLS,200902,8.759529,4.579747,,1.960788,2233
v,OLS,200903,15.549796,14.603450,,2.214334,2216
v,OLS,200904,-1.681567,11.098638,,8.587787,2198
v,OLS,200905,4.200586,-0.244365,,-0.020843,2185
v,OLS,200906,2.753522,9.201029,,5.584720,2324
v,OLS,200907,-8.178501,20.959738,,9.404411,2310
v,OLS,200908,1.700671,7.062521,,6.035192,2299
v,OLS,200909,0.306398,-3.452128,,-8.481287,2290
v,OLS,200910,3.587318,1.412482,,-2.958724,2276
v,OLS,200911,5.508297,1.935150,,2.278068,2254
v,OLS,200912,-5.557394,4.723731,,2.166320,2238
v,OLS,201001,5.016042,2.135725,,-2.646882,2225
v,OLS,201002,4.750681,6.438296,,1.013805,2205
v,OLS,201003,-0.448413,11.064383,,4.127922,2194
v,OLS,201004,-2.679204,-5.143579,,-5.151253,2180
v,OLS,201005,-2.034764,-7.280107,,-3.335039,2172
v,OLS,201006,4.158695,0.650116,,4.369964,2317
v,OLS,201007,-4.456089,-2.606033,,-1.796103,2296
v,OLS,201008,12.866249,-1.300630,,0.154404,2279
v,OLS,201009,3.556388,0.842852,,1.654951,2264
v,OLS,201010,3.311119,0.638625,,-0.873228,2250
v,OLS,201011,4.095946,3.232048,,4.652483,2227
v,OLS,201012,-2.502243,4.779954,,3.974790,2203
v,OLS,201101,2.576472,3.456452,,0.810018,2191
v,OLS,201102,3.813643,-3.049345,,-0.088604,2177
v,OLS,201103,6.357784,-5.037971,,-3.413661,2164
v,OLS,201104,1.369405,-3.597744,,-2.430714,2151
v,OLS,201105,-0.197980,0.387300,,-3.989747,2137
v,OLS,201106,-2.107601,2.262431,,-3.167081,2184
v,OLS,201107,-3.577463,-5.682428,,-5.861051,2176
v,OLS,201108,-3.902521,-4.280855,,-9.693813,2166
v,OLS,201109,11.584599,-2.516232,,6.038906,2155
v,OLS,201110,-0.431374,-0.295157,,-1.164891,2143
v,OLS,201111,0.297793,1.648764,,-2.129208,2129
v,OLS,201112,6.879623,-0.242744,,4.917425,2114
v,OLS,201201,2.506514,1.619522,,0.805570,2102
v,OLS,201202,4.577906,0.099631,,-3.697049,2094
v,OLS,201203,-0.745213,0.114239,,-1.370023,2083
v,OLS,201204,-3.947489,-1.336923,,-5.868561,2071
v,OLS,201205,2.434743,1.246132,,1.900960,2063
v,OLS,201206,-0.931476,-1.049044,,0.516533,2123
v,OLS,201207,2.645288,-1.143078,,1.975763,2107
v,OLS,201208,1.876207,1.325390,,1.888659,2097
v,OLS,201209,-2.623057,1.640844,,-1.063485,2081
v,OLS,201210,2.083710,-0.565067,,-1.760544,2067
v,OLS,201211,0.661555,3.483055,,1.198183,2054
v,OLS,201212,4.539234,3.399214,,1.527886,2038
v,OLS,201301,0.749329,1.248965,,-1.450832,2030
v,OLS,201302,3.600927,0.103545,,1.100022,2023
v,OLS,201303,2.160134,-3.823814,,-0.915497,2011
v,OLS,201304,4.048068,3.063354,,0.161935,2002
v,OLS,201305,0.690645,0.517084,,-2.988913,1994
v,OLS,201306,6.611420,-0.155830,,1.566682,2084
v,OLS,201307,-1.975319,1.397007,,-1.132920,2070
v,OLS,201308,3.770132,2.539521,,2.465849,2059
v,OLS,201309,1.849246,4.423634,,-1.477584,2048
v,OLS,201310,6.854969,-2.819566,,-2.140486,2031
v,OLS,201311,0.502716,1.906837,,2.647071,2017
v,OLS,201312,-4.896511,2.350742,,5.384277,2004
v,OLS,201401,3.457709,1.285935,,1.883257,1990
v,OLS,201402,-2.501989,5.172703,,0.243203,1976
v,OLS,201403,-2.848745,-0.358497,,-0.579402,1968
v,OLS,201404,-0.073254,-0.497808,,0.566604,1961
v,OLS,201405,1.438183,-0.043496,,5.703632,1951
v,OLS,201406,-2.658126,-0.317363,,-3.606899,2017
v,OLS,201407,5.395542,-1.041950,,-0.920362,2008
v,OLS,201408,1.390652,-5.225500,,-7.451817,2000
v,OLS,201409,11.592669,-10.211643,,-7.240760,1991
v,OLS,201410,6.635046,-6.412488,,-6.297567,1979
v,OLS,201411,5.603480,-1.833214,,-6.550216,1971
v,OLS,201412,-0.335629,-3.121261,,-2.317236,1957
v,OLS,201501,3.122892,1.068014,,6.794743,1942
v,OLS,201502,4.159569,-3.733953,,-5.349378,1932
v,OLS,201503,-4.879612,6.056159,,3.409063,1919
v,OLS,201504,3.301270,-3.628357,,-2.466986,1915
v,OLS,201505,4.006212,-4.699634,,-4.947632,1908
v,OLS,201506,8.161973,-15.374812,,-7.931641,1969
v,OLS,201507,-8.366445,7.288630,,0.823596,1951
v,OLS,201508,1.157625,-5.731693,,-9.103240,1941
v,OLS,201509,5.857706,-0.907021,,1.809704,1928
v,OLS,201510,2.272590,-1.997015,,0.778285,1912
v,OLS,201511,4.013683,-8.669205,,-9.001298,1909
v,OLS,201512,-1.547674,-3.699399,,-9.898437,1890
v,OLS,201601,3.507179,-0.759322,,-3.187069,1871
v,OLS,201602,0.119756,9.191524,,7.298152,1860
v,OLS,201603,-6.014731,9.829267,,8.251720,1847
v,OLS,201604,1.248320,-4.359900,,1.732703,1834
v,OLS,201605,-0.588294,5.984534,,-3.453118,1819
v,OLS,201606,4.793848,2.749187,,0.278718,1896
v,OLS,201607,-0.721369,3.827023,,0.455583,1881
v,OLS,201608,-0.856460,1.843928,,3.052188,1871
v,OLS,201609,-0.169162,-2.248970,,-8.175486,1855
v,OLS,201610,3.093090,10.013457,,1.140032,1850
v,OLS,201611,2.591493,2.326834,,-4.254674,1833
v,OLS,201612,-0.892527,-1.388699,,6.307317,1821
v,OLS,201701,4.261138,-6.919322,,0.665275,1814
v,OLS,201702,1.792277,-1.703312,,-0.336647,1799
v,OLS,201703,4.673496,-4.013498,,-3.548381,1790
v,OLS,201704,3.065278,-4.906972,,-4.003082,1775
v,OLS,201705,2.864639,-1.066770,,0.145515,1763
v,OLS,201706,0.238291,-0.886225,,-0.066612,1867
v,OLS,201707,0.759406,-3.697048,,-0.876959,1862
v,OLS,201708,1.701980,5.239580,,4.789628,1849
v,OLS,201709,0.960243,-0.500336,,-0.499331,1834
v,OLS,201710,4.148837,2.444461,,-3.349114,1825
v,OLS,201711,-0.577802,2.967814,,0.781572,1814
v,OLS,201712,2.503795,-1.168436,,2.213260,1800
v,OLS,201801,-1.577662,-2.764446,,-2.708235,1795
v,OLS,201802,1.896196,-0.360462,,-2.700973,1786
v,OLS,201803,-0.294280,0.861931,,0.420704,1776
v,OLS,201804,6.508680,-1.436720,,-1.675747,1772
v,OLS,201805,3.822905,-1.028624,,-4.578818,1767
v,OLS,201806,4.711310,-2.529706,,-4.518971,1831
v,OLS,201807,9.224745,-7.180608,,-4.115775,1822
v,OLS,201808,-0.899533,-2.335963,,0.188514,1816
v,OLS,201809,-6.914557,-0.002353,,-7.434495,1812
v,OLS,201810,5.929429,-7.521208,,-4.859743,1803
v,OLS,201811,-3.541408,-7.524098,,-11.004957,1789
v,OLS,201812,5.092405,5.158422,,11.151727,1775
v,OLS,201901,5.034049,-2.537946,,2.259173,1767
v,OLS,201902,-0.166557,-4.943837,,1.373910,1759
v,OLS,201903,5.244325,-1.866060,,-3.654470,1747
v,OLS,201904,-3.834568,-6.751507,,-4.278267,1740
v,OLS,201905,10.081209,-7.322262,,-0.099758,1734
v,OLS,201906,3.549793,-5.042771,,-2.838488,1827
v,OLS,201907,-0.331576,-6.762347,,-3.275053,1814
v,OLS,201908,2.014640,8.998696,,-7.751292,1814
v,OLS,201909,6.947231,-8.199183,,-5.400648,1802
v,OLS,201910,6.194969,-8.093427,,3.298903,1790
v,OLS,201911,-2.805133,8.665301,,4.654420,1780
v,OLS,201912,-1.212691,-7.081720,,5.324100,1765
v,OLS,202001,-5.509207,-4.634889,,0.219997,1763
v,OLS,202002,-9.911790,-20.370594,,-5.388785,1759
v,OLS,202003,7.250254,15.272710,,11.691222,1751
v,OLS,202004,6.665935,-2.696809,,4.567115,1746
v,OLS,202005,-1.243425,8.789919,,6.934792,1734
v,OLS,202006,2.214946,3.546352,,2.107824,1793
v,OLS,202007,5.430176,1.555985,,-1.375281,1782
v,OLS,202008,-0.504018,-3.253395,,-1.901984,1777
v,OLS,202009,2.399374,0.381892,,-2.883803,1767
v,OLS,202010,7.174868,16.674189,,11.166483,1761
v,OLS,202011,3.648803,4.756269,,5.017587,1755
v,OLS,202012,-8.366117,29.604544,,9.175312,1744
v,OLS,202101,1.949778,11.524740,,3.338063,1738
v,OLS,202102,1.341911,7.061203,,-4.756192,1730
v,OLS,202103,5.984298,-4.289493,,-4.284372,1725
v,OLS,202104,-2.851844,10.014664,,0.291774,1713
v,OLS,202105,0.515954,1.411499,,4.384478,1708
v,OLS,202106,5.944229,-4.630846,,-12.691504,1780
v,OLS,202107,0.561602,0.007832,,2.227801,1773
v,OLS,202108,-10.154683,8.553964,,5.010919,1766
v,OLS,202109,7.202499,-3.096485,,-4.576086,1756
v,OLS,202110,2.646335,-2.231293,,-12.168362,1748
v,OLS,202111,4.511425,2.846145,,-7.938979,1741
v,OLS,202112,-13.776303,12.392927,,-0.454466,1727
v,OLS,202201,-4.847394,6.318252,,4.276228,1726
v,OLS,202202,-5.297257,5.373961,,9.543771,1723
v,OLS,202203,-6.896927,6.180988,,-12.300664,1711
v,OLS,202204,-2.285892,6.549292,,-4.265119,1705
v,OLS,202205,-3.848763,-7.160605,,-0.545288,1696
v,OLS,202206,13.364341,-6.477192,,-2.210500,1790
v,OLS,202207,-6.424845,3.113871,,6.198656,1780
v,OLS,202208,-4.976284,-7.824221,,-5.759557,1773
v,OLS,202209,10.906850,4.714067,,-8.631957,1766
v,OLS,202210,9.093987,-4.209990,,-8.042089,1756
v,OLS,202211,-3.982451,-2.174604,,-1.930298,1749
v,OLS,202212,3.599606,7.141813,,12.375046,1742
v,OLS,202301,3.342170,-4.766357,,-9.459601,1737
v,OLS,202302,3.065440,-7.720196,,-6.760994,1726
v,OLS,202303,-1.136668,-1.711280,,-1.682053,1715
v,OLS,202304,-1.550304,-3.159389,,4.176941,1713
v,OLS,202305,9.460676,1.711883,,-6.884130,1703
v,OLS,202306,2.114774,6.214197,,-2.321672,1834
v,OLS,202307,2.136591,-5.581803,,-9.679293,1826
v,OLS,202308,-2.769234,-0.940358,,-6.899740,1815
v,OLS,202309,-1.204186,-4.277616,,-10.106961,1804
v,OLS,202310,8.431602,-3.256227,,2.871151,1796
v,OLS,202311,5.092489,4.536866,,7.625602,1786
v,OLS,202312,-0.016762,-5.176175,,-2.009649,1774
v,OLS,202401,4.319150,-2.239716,,3.267714,1768
v,OLS,202402,1.715942,3.422974,,-0.553119,1761
v,OLS,202403,-3.847735,-2.287492,,-5.586666,1753
v,OLS,202404,1.156104,8.114750,,-0.917090,1746
v,OLS,202405,0.482961,-7.456150,,-1.167038,1736
v,OLS,202406,4.240494,4.028830,,1.372114,1949
v,OLS,202407,1.929936,-4.977645,,-4.384620,1932
v,OLS,202408,2.712586,-2.862750,,-1.671215,1923
v,OLS,202409,-4.530921,-0.401087,,5.322641,1914
v,OLS,202410,11.656328,-2.915413,,-3.005314,1900
v,OLS,202411,-8.541741,5.297470,,3.350675,1890
v,OLS,202412,5.745217,-5.124891,,-1.777922,1877
v,WLS,197306,12.769331,-8.698020,,-7.698188,1474
v,WLS,197307,-2.674513,0.705219,,-1.931117,1473
v,WLS,197308,-6.220994,23.010731,,5.889856,1471
v,WLS,197309,-10.892555,9.568884,,10.813765,1470
v,WLS,197310,-42.019898,26.019512,,30.488186,1470
v,WLS,197311,-17.856081,27.549635,,14.912805,1471
v,WLS,197312,24.467801,-17.350133,,-27.758384,1470
v,WLS,197401,-8.335228,12.012841,,6.408662,1469
v,WLS,197402,9.699228,-13.345149,,-11.448377,1467
v,WLS,197403,7.788491,-11.212502,,-11.866864,1467
v,WLS,197404,5.134723,-13.549281,,-6.355648,1468
v,WLS,197405,-12.328925,10.948786,,10.644400,1466
v,WLS,197406,-26.887607,27.806836,,14.526939,1589
v,WLS,197407,-27.850909,22.136994,,17.605818,1589
v,WLS,197408,-40.475815,37.832617,,23.884074,1587
v,WLS,197409,-5.858016,1.621159,,27.379128,1584
v,WLS,197410,-12.675400,7.851059,,7.271985,1584
v,WLS,197411,-16.637398,15.365444,,12.250424,1581
v,WLS,197412,58.465629,-23.389356,,-51.048015,1580
v,WLS,197501,18.615531,-23.550632,,-7.980506,1578
v,WLS,197502,26.525091,-16.147413,,-24.653322,1575
v,WLS,197503,11.038028,-6.384092,,-6.068178,1576
v,WLS,197504,-6.107285,8.225015,,11.219961,1572
v,WLS,197505,4.895501,4.476722,,-2.201057,1573
v,WLS,197506,-16.236826,16.182356,,7.288933,1993
v,WLS,197507,4.012428,-6.133621,,-6.227802,1992
v,WLS,197508,-0.316079,-2.006812,,-4.360048,1991
v,WLS,197509,24.337799,-22.683005,,-16.906689,1992
v,WLS,197510,8.970571,-5.423506,,-6.373823,1993
v,WLS,197511,-10.578594,12.496787,,7.283696,1991
v,WLS,197512,27.533627,-1.195314,,-17.787275,1985
v,WLS,197601,0.072106,13.460330,,-3.314297,1984
v,WLS,197602,-0.548889,0.889726,,3.476294,1976
v,WLS,197603,-13.240218,14.457314,,10.555365,1967
v,WLS,197604,-8.712993,6.828047,,7.165298,1961
v,WLS,197605,5.507534,0.790976,,-2.080940,1953
v,WLS,197606,-2.988470,3.591718,,0.596807,2418
v,WLS,197607,-10.016484,7.059819,,9.772439,2411
v,WLS,197608,4.516189,-0.223068,,-2.951700,2400
v,WLS,197609,-15.803649,11.776049,,13.137979,2394
v,WLS,197610,-5.992491,11.153877,,4.086434,2391
v,WLS,197611,16.361855,-4.537659,,-13.323775,2383
v,WLS,197612,4.557778,2.698671,,-12.974054,2373
v,WLS,197701,-4.636498,2.738583,,2.909901,2358
v,WLS,197702,0.403450,0.279819,,-2.831476,2352
v,WLS,197703,-2.598612,9.197722,,-0.194006,2344
v,WLS,197704,-6.489622,6.629087,,3.827908,2335
v,WLS,197705,14.407135,-11.791279,,-9.111138,2320
v,WLS,197706,3.571961,-6.022044,,-5.578978,2477
v,WLS,197707,1.319960,-9.676114,,-0.237281,2462
v,WLS,197708,-3.452823,4.351089,,2.235571,2451
v,WLS,197709,4.172649,-5.941163,,-9.197893,2440
v,WLS,197710,9.353685,-2.986446,,-6.317422,2431
v,WLS,197711,-0.456027,1.828751,,0.457855,2419
v,WLS,197712,-2.859047,-0.057914,,-4.443186,2407
v,WLS,197801,-4.164986,6.766175,,0.865022,2384
v,WLS,197802,4.594180,3.733755,,-4.125977,2374
v,WLS,197803,17.121079,-13.378705,,-6.049876,2363
v,WLS,197804,7.846812,-3.279402,,-7.022884,2347
v,WLS,197805,-0.627787,-2.293902,,-1.303243,2327
v,WLS,197806,18.087357,-13.099299,,-11.650846,2422
v,WLS,197807,3.464424,1.615116,,-0.366116,2411
v,WLS,197808,-10.525270,12.474001,,6.890415,2395
v,WLS,197809,-18.428759,1.448936,,8.982456,2387
v,WLS,197810,2.056092,1.799716,,0.226313,2384
v,WLS,197811,4.330909,-6.725788,,-1.181120,2370
v,WLS,197812,5.465038,3.373304,,-3.946610,2361
v,WLS,197901,-15.486396,11.554328,,11.480997,2326
v,WLS,197902,7.881388,0.909604,,-3.559653,2317
v,WLS,197903,5.455382,-3.043534,,-6.322833,2312
v,WLS,197904,-8.468715,4.616548,,5.999219,2302
v,WLS,197905,-0.998624,6.871531,,2.839036,2291
v,WLS,197906,1.298365,2.875209,,-2.544306,2372
v,WLS,197907,-0.495443,7.371898,,6.797864,2357
v,WLS,197908,-4.189642,6.010143,,2.132717,2345
v,WLS,197909,-11.540211,1.030454,,4.740705,2334
v,WLS,197910,-18.157661,19.017571,,25.189217,2327
v,WLS,197911,-11.148462,14.292660,,13.254130,2318
v,WLS,197912,-1.953372,14.941295,,4.662568,2296
v,WLS,198001,-9.023261,13.059796,,4.971136,2263
v,WLS,198002,8.129563,-26.991093,,-18.194698,2256
v,WLS,198003,-10.682608,13.140937,,13.190559,2245
v,WLS,198004,2.980074,2.481534,,1.964918,2235
v,WLS,198005,-8.824089,9.918494,,12.222021,2228
v,WLS,198006,18.314927,-11.512526,,-9.318093,2318
v,WLS,198007,-6.222564,6.022802,,9.212159,2319
v,WLS,198008,-18.396152,16.835307,,23.771248,2313
v,WLS,198009,-10.141370,10.647340,,11.939100,2298
v,WLS,198010,-12.908375,19.302488,,26.622719,2294
v,WLS,198011,13.180207,-20.203617,,-17.325180,2286
v,WLS,198012,5.441274,-5.077040,,-14.940778,2282
v,WLS,198101,5.798581,-3.391114,,-4.781237,2242
v,WLS,198102,-9.410834,14.702862,,12.315365,2234
v,WLS,198103,10.684707,-10.925140,,-15.454272,2224
v,WLS,198104,0.513418,-2.102747,,-0.772827,2213
v,WLS,198105,-2.922817,4.479544,,-2.199828,2214
v,WLS,198106,-6.118226,0.827112,,7.187706,2353
v,WLS,198107,9.628187,-15.681036,,-18.251153,2348
v,WLS,198108,17.459663,-22.138254,,-26.844798,2335
v,WLS,198109,-8.790264,5.190847,,19.478889,2322
v,WLS,198110,-8.110864,11.602871,,10.868157,2316
v,WLS,198111,7.605628,-8.433117,,-12.551433,2314
v,WLS,198112,28.344212,-29.897184,,-32.182165,2296
v,WLS,198201,15.460680,-13.713324,,-27.174663,2275
v,WLS,198202,6.526136,-3.467259,,-11.851559,2262
v,WLS,198203,-0.064039,1.690745,,5.679435,2251
v,WLS,198204,17.950941,-18.985530,,-23.563765,2242
v,WLS,198205,7.591863,-6.814464,,-12.477511,2229
v,WLS,198206,20.510123,-24.899302,,-22.434474,2422
v,WLS,198207,1.788641,11.430127,,8.202765,2411
v,WLS,198208,9.481556,-8.928036,,-8.169620,2400
v,WLS,198209,-0.369236,10.614479,,12.718440,2379
v,WLS,198210,19.049941,-14.963368,,-12.969993,2367
v,WLS,198211,6.083878,-3.945789,,-6.061738,2357
v,WLS,198212,-7.287350,11.042641,,9.744365,2338
v,WLS,198301,11.048539,-6.397163,,-9.325646,2314
v,WLS,198302,4.556626,0.782130,,-3.804402,2304
v,WLS,198303,3.526795,5.283678,,0.549554,2291
v,WLS,198304,-20.975216,20.324708,,21.496021,2281
v,WLS,198305,9.032990,-5.327468,,-3.806311,2276
v,WLS,198306,0.347908,-1.449174,,-7.638444,2457
v,WLS,198307,0.116304,4.101818,,-5.094863,2444
v,WLS,198308,9.581796,-10.712901,,-6.845409,2429
v,WLS,198309,4.491573,-4.643009,,-10.603477,2418
v,WLS,198310,-11.623871,13.309003,,14.637173,2407
v,WLS,198311,4.735738,-4.144775,,-7.345653,2400
v,WLS,198312,-2.842141,8.243513,,-7.309157,2380
v,WLS,198401,4.279155,-4.980931,,-12.796345,2366
v,WLS,198402,-5.120151,6.153907,,6.335211,2346
v,WLS,198403,9.425199,-8.125378,,-10.832735,2328
v,WLS,198404,5.562562,-11.637178,,-11.510224,2316
v,WLS,198405,4.665684,-6.152242,,0.289819,2303
v,WLS,198406,10.528691,-14.066609,,-14.140921,2586
v,WLS,198407,3.912136,5.944007,,8.670878,2569
v,WLS,198408,1.982654,-0.335654,,-8.718741,2551
v,WLS,198409,7.095561,-8.526322,,-8.747055,2528
v,WLS,198410,-0.105229,-0.571890,,-4.442546,2509
v,WLS,198411,2.323937,-1.967069,,-0.113170,2484
v,WLS,198412,3.174025,1.358256,,10.557666,2456
v,WLS,198501,4.788379,-2.261996,,-5.801521,2434
v,WLS,198502,-0.650629,0.155491,,-2.798714,2415
v,WLS,198503,-0.717169,1.248688,,-3.912403,2404
v,WLS,198504,6.787460,-3.085805,,-0.167437,2390
v,WLS,198505,-0.840433,1.451810,,1.842873,2371
v,WLS,198506,-1.050628,2.405518,,0.877421,2605
v,WLS,198507,0.103195,0.093892,,-3.118493,2586
v,WLS,198508,5.541572,-6.731235,,-12.803982,2567
v,WLS,198509,7.974001,-3.790370,,-5.920511,2548
v,WLS,198510,10.395826,-7.587648,,-0.074483,2531
v,WLS,198511,9.113093,-8.680989,,-2.462893,2510
v,WLS,198512,-1.832178,1.128529,,2.738711,2487
v,WLS,198601,9.381778,-1.750782,,-2.529361,2470
v,WLS,198602,7.878836,-4.839186,,-1.732003,2449
v,WLS,198603,3.517631,-7.138728,,-1.774022,2428
v,WLS,198604,6.930531,-1.341233,,-2.748056,2404
v,WLS,198605,5.655583,-6.583706,,-4.559182,2390
v,WLS,198606,-0.947870,-4.629471,,-9.511681,2682
v,WLS,198607,3.175833,8.852931,,-2.490758,2659
v,WLS,198608,-14.033166,12.898093,,1.157559,2647
v,WLS,198609,1.569440,2.819900,,4.979865,2621
v,WLS,198610,4.573928,-2.723205,,-2.734074,2595
v,WLS,198611,-0.352936,-2.702648,,-3.106518,2564
v,WLS,198612,8.951059,4.577206,,5.461410,2505
v,WLS,198701,6.124214,-5.272038,,4.164009,2484
v,WLS,198702,1.973267,6.456555,,-3.689964,2473
v,WLS,198703,-3.456924,3.638660,,1.354145,2446
v,WLS,198704,0.867555,-0.623602,,0.223432,2430
v,WLS,198705,7.160635,-2.353747,,-3.926820,2417
v,WLS,198706,0.749467,4.582167,,4.817430,2800
v,WLS,198707,6.613093,-4.540118,,-2.833113,2773
v,WLS,198708,-8.262537,5.135941,,6.406389,2754
v,WLS,198709,-16.762189,-6.851920,,-9.271486,2731
v,WLS,198710,-11.318147,4.495224,,1.604306,2702
v,WLS,198711,10.346110,-1.283235,,-2.616283,2674
v,WLS,198712,3.943237,3.330191,,-5.064098,2650
v,WLS,198801,4.170348,2.880950,,1.007262,2629
v,WLS,198802,-5.107641,5.814766,,0.166443,2608
v,WLS,198803,0.243671,4.854286,,-3.226286,2578
v,WLS,198804,0.567621,-0.156409,,-2.630173,2556
v,WLS,198805,4.902663,-0.907225,,1.185905,2527
v,WLS,198806,-2.349457,2.360205,,-0.404113,2625
v,WLS,198807,-6.206060,1.206814,,2.489476,2602
v,WLS,198808,4.927720,-3.654065,,0.354043,2575
v,WLS,198809,3.519155,0.793558,,-3.462317,2549
v,WLS,198810,-2.847855,1.980750,,-0.257372,2526
v,WLS,198811,0.296842,-0.547691,,3.146076,2500
v,WLS,198812,5.212668,2.179396,,0.646329,2466
v,WLS,198901,-6.273653,3.704689,,3.680157,2446
v,WLS,198902,-3.781671,4.454664,,5.945046,2423
v,WLS,198903,2.475924,-0.636027,,4.339486,2405
v,WLS,198904,-0.252196,-0.027914,,6.353636,2394
v,WLS,198905,-2.085328,0.252852,,-0.345056,2368
v,WLS,198906,9.807030,-8.028865,,2.590783,2661
v,WLS,198907,2.240816,5.169109,,-4.687479,2640
v,WLS,198908,1.564563,-5.155259,,-0.916744,2614
v,WLS,198909,0.251266,-7.166403,,-1.522999,2592
v,WLS,198910,-0.749927,-0.378628,,3.542633,2571
v,WLS,198911,1.945929,2.141691,,-1.982521,2545
v,WLS,198912,-8.373513,1.954166,,0.007635,2515
v,WLS,199001,-2.940142,5.999022,,2.642882,2494
v,WLS,199002,5.963357,-4.097440,,-2.124599,2482
v,WLS,199003,2.043844,-7.885317,,-2.799503,2460
v,WLS,199004,13.785638,-8.265189,,-3.250136,2445
v,WLS,199005,2.880972,-9.425224,,0.039991,2425
v,WLS,199006,-2.424730,0.954157,,1.676183,2785
v,WLS,199007,-12.540468,-0.133803,,3.934904,2762
v,WLS,199008,-3.209769,-3.380288,,-2.750028,2740
v,WLS,199009,3.747398,-9.836821,,-3.462744,2726
v,WLS,199010,12.929583,-5.570850,,-8.496756,2711
v,WLS,199011,8.864399,-4.961237,,-7.009504,2707
v,WLS,199012,7.115121,-0.556287,,-3.346200,2683
v,WLS,199101,7.315984,-3.054208,,1.756245,2666
v,WLS,199102,6.504509,-5.851245,,-2.546264,2653
v,WLS,199103,-1.391411,2.474167,,0.579088,2634
v,WLS,199104,2.572995,2.677726,,1.322453,2619
v,WLS,199105,-2.036762,-1.922799,,-3.256703,2606
v,WLS,199106,7.346195,-7.652378,,-1.124070,2785
v,WLS,199107,5.559883,-8.222554,,-1.589522,2759
v,WLS,199108,-1.323506,-1.734392,,-0.835742,2745
v,WLS,199109,4.895767,-1.700285,,-4.768783,2737
v,WLS,199110,3.063767,-14.050803,,-4.375266,2718
v,WLS,199111,16.074876,-14.112122,,-0.118198,2699
v,WLS,199112,-4.647972,13.877370,,-0.526843,2671
v,WLS,199201,0.010983,8.536537,,-2.084016,2657
v,WLS,199202,-1.277352,2.886161,,-3.342740,2645
v,WLS,199203,-4.138049,10.415548,,3.439782,2627
v,WLS,199204,0.541949,-4.211210,,1.194818,2614
v,WLS,199205,-10.395885,6.007182,,8.084179,2583
v,WLS,199206,7.647487,-4.798120,,-3.762595,2748
v,WLS,199207,2.264748,-5.894672,,-3.709844,2716
v,WLS,199208,-0.187733,1.630097,,0.685746,2689
v,WLS,199209,5.412668,-6.650279,,-4.096727,2675
v,WLS,199210,2.045159,-0.276154,,2.622820,2657
v,WLS,199211,-0.977478,4.058372,,0.540361,2647
v,WLS,199212,-8.208287,14.616760,,4.909681,2634
v,WLS,199301,-2.833911,10.852190,,-1.445188,2617
v,WLS,199302,-0.475543,3.380584,,1.738531,2608
v,WLS,199303,-7.239754,10.800806,,0.433861,2587
v,WLS,199304,4.214340,-1.112990,,-0.422932,2577
v,WLS,199305,-5.814943,7.286945,,3.830066,2570
v,WLS,199306,-9.135869,10.503208,,6.821805,2781
v,WLS,199307,5.615565,-0.229185,,-3.035828,2766
v,WLS,199308,-0.259690,2.810265,,-2.434915,2758
v,WLS,199309,0.496081,-2.193417,,4.894709,2747
v,WLS,199310,0.435016,-5.184896,,1.074663,2738
v,WLS,199311,-1.148131,3.000723,,2.475140,2724
v,WLS,199312,-3.003715,6.534314,,6.272996,2704
v,WLS,199401,1.728239,-1.399937,,-4.951244,2687
v,WLS,199402,-2.158455,0.738099,,-4.407363,2665
v,WLS,199403,1.590343,-0.169647,,-1.441829,2650
v,WLS,199404,1.485927,0.323239,,-1.797905,2636
v,WLS,199405,-2.082614,1.239461,,-2.004395,2622
v,WLS,199406,0.418484,1.673455,,2.983775,2873
v,WLS,199407,11.908333,-6.438465,,-8.352460,2863
v,WLS,199408,0.550590,-2.961066,,-2.022588,2846
v,WLS,199409,5.663164,-1.392394,,-5.678222,2830
v,WLS,199410,2.438631,-4.011470,,-7.846535,2817
v,WLS,199411,-0.940182,-0.417140,,2.994880,2802
v,WLS,199412,3.801519,-2.815202,,-2.673500,2778
v,WLS,199501,2.162714,0.999324,,2.057975,2766
v,WLS,199502,4.214943,1.317340,,-2.982583,2749
v,WLS,199503,5.990866,-0.593680,,-5.437701,2726
v,WLS,199504,4.061348,-1.210254,,-1.982630,2709
v,WLS,199505,6.087313,-3.104085,,-3.364786,2689
v,WLS,199506,2.718261,0.873953,,0.830363,3077
v,WLS,199507,-0.939877,0.053179,,0.956656,3056
v,WLS,199508,5.966844,-6.561001,,-0.992154,3035
v,WLS,199509,5.283556,-7.445756,,-6.801680,3012
v,WLS,199510,-3.379099,1.171435,,10.491594,2995
v,WLS,199511,-3.160893,4.519160,,4.372323,2976
v,WLS,199512,-0.054577,-2.290771,,5.266912,2953
v,WLS,199601,5.420022,-0.969391,,-5.877138,2936
v,WLS,199602,-5.467415,6.320608,,6.403863,2918
v,WLS,199603,5.890463,1.699389,,-6.159654,2894
v,WLS,199604,7.906414,-4.784562,,-5.854241,2880
v,WLS,199605,0.605466,-6.687371,,0.549247,2856
v,WLS,199606,-2.644888,-1.835453,,-4.387611,3267
v,WLS,199607,1.152666,3.209936,,0.166387,3244
v,WLS,199608,11.390255,-9.917104,,-5.691287,3214
v,WLS,199609,-0.103203,2.603908,,-0.345419,3196
v,WLS,199610,9.966435,-2.701676,,-4.718375,3180
v,WLS,199611,-2.171919,2.632914,,0.215496,3167
v,WLS,199612,13.149853,-9.953599,,-7.239310,3126
v,WLS,199701,-0.003409,-0.054600,,-1.459123,3103
v,WLS,199702,-5.886297,9.620855,,-2.406213,3086
v,WLS,199703,10.465028,-10.478887,,-4.673769,3054
v,WLS,199704,4.887809,0.282498,,2.493434,3034
v,WLS,199705,4.381314,-3.200652,,0.108576,3017
v,WLS,199706,7.170747,0.270807,,-0.340709,3298
v,WLS,199707,-4.523709,9.525650,,-3.764599,3268
v,WLS,199708,1.512318,4.181329,,2.271494,3242
v,WLS,199709,-2.024854,-1.416946,,-3.808425,3213
v,WLS,199710,8.493100,-6.257452,,-6.307553,3186
v,WLS,199711,-3.351832,0.671300,,4.901682,3167
v,WLS,199712,5.633184,-6.153994,,-4.108780,3115
v,WLS,199801,6.190441,-2.064132,,2.859822,3086
v,WLS,199802,-0.493327,2.309251,,6.351365,3064
v,WLS,199803,-1.966040,1.745382,,2.878145,3021
v,WLS,199804,-3.149779,0.902150,,0.364897,2997
v,WLS,199805,8.216316,-11.815528,,-2.560107,2978
v,WLS,199806,-0.147945,-5.462610,,-1.661525,3218
v,WLS,199807,-10.840255,-6.147912,,-2.775592,3183
v,WLS,199808,9.051747,-2.866573,,-2.005843,3154
v,WLS,199809,7.136836,1.913400,,-1.062643,3114
v,WLS,199810,14.076856,-4.863099,,-11.125790,3062
v,WLS,199811,8.275433,-5.181859,,-1.902908,3035
v,WLS,199812,7.888305,-8.668256,,-2.483743,2990
v,WLS,199901,-8.771629,4.007924,,4.549323,2950
v,WLS,199902,-0.085668,-1.713832,,5.921584,2929
v,WLS,199903,-6.437531,19.867813,,7.165337,2881
v,WLS,199904,2.525428,4.268441,,-8.966798,2851
v,WLS,199905,11.203493,-6.872550,,-6.763854,2827
v,WLS,199906,-1.521077,0.834623,,-1.215518,3189
v,WLS,199907,4.656826,-12.706574,,-3.229780,3160
v,WLS,199908,-4.306203,-0.328525,,1.354579,3124
v,WLS,199909,6.785871,-15.057881,,0.644728,3084
v,WLS,199910,10.268118,-7.882720,,-6.913845,3057
v,WLS,199911,5.678789,-5.168017,,3.214610,3007
v,WLS,199912,-0.255004,-0.663818,,-6.330560,2973
v,WLS,200001,11.506177,-2.137528,,-12.043873,2945
v,WLS,200002,2.586830,-3.933622,,6.356068,2919
v,WLS,200003,1.643227,4.141831,,-8.873619,2878
v,WLS,200004,1.858016,-3.120425,,-7.729985,2853
v,WLS,200005,7.252763,-15.822035,,1.108071,2828
v,WLS,200006,-7.455786,11.308633,,1.712333,3118
v,WLS,200007,-0.024549,-2.556431,,7.770261,3093
v,WLS,200008,1.990472,9.822961,,-16.490433,3053
v,WLS,200009,7.864809,4.373261,,-11.891609,3020
v,WLS,200010,14.325648,4.343559,,-33.439964,2973
v,WLS,200011,7.530878,22.424661,,-19.183170,2935
v,WLS,200012,-12.406870,7.860951,,20.884724,2887
v,WLS,200101,7.967864,17.737369,,-31.184400,2850
v,WLS,200102,-6.198996,14.149876,,-6.461668,2829
v,WLS,200103,-3.194837,1.264307,,14.737785,2798
v,WLS,200104,3.352950,3.204233,,-5.251521,2763
v,WLS,200105,0.991116,-0.835023,,-4.846471,2728
v,WLS,200106,4.082190,-1.623430,,-5.972499,2893
v,WLS,200107,5.834789,-0.266864,,-16.841069,2865
v,WLS,200108,-10.418596,-9.521071,,5.335244,2828
v,WLS,200109,12.906172,-9.747656,,-10.511279,2802
v,WLS,200110,8.063109,3.155226,,-1.208877,2788
v,WLS,200111,4.601523,6.925970,,-7.534724,2758
v,WLS,200112,8.381450,-6.390896,,-9.459468,2729
v,WLS,200201,0.227749,3.104334,,-3.754547,2707
v,WLS,200202,3.588561,6.197998,,-2.168909,2681
v,WLS,200203,6.512040,1.649701,,-17.741199,2654
v,WLS,200204,-3.567561,3.246840,,2.761265,2632
v,WLS,200205,-3.684656,0.312390,,-5.312388,2610
v,WLS,200206,-2.184816,-12.936739,,-5.161704,2817
v,WLS,200207,1.450711,0.653806,,-2.635033,2794
v,WLS,200208,-5.198603,-2.737569,,-6.266898,2773
v,WLS,200209,5.908101,-10.668591,,7.823931,2757
v,WLS,200210,-6.049509,9.409348,,15.149024,2724
v,WLS,200211,1.518998,0.314294,,-11.536335,2707
v,WLS,200212,-3.933392,-0.654611,,1.797798,2677
v,WLS,200301,0.102710,-5.061735,,-0.582586,2654
v,WLS,200302,4.215466,-5.801636,,-2.740745,2633
v,WLS,200303,-0.639712,4.235062,,9.441753,2598
v,WLS,200304,3.021123,8.338033,,1.176788,2580
v,WLS,200305,2.102649,0.384904,,-0.865847,2559
v,WLS,200306,3.434236,1.084690,,-1.949295,2798
v,WLS,200307,3.071990,9.014536,,-3.168893,2777
v,WLS,200308,-0.359266,-4.852721,,-0.880336,2753
v,WLS,200309,8.958311,7.102150,,-6.740309,2734
v,WLS,200310,3.312307,3.647724,,-3.902010,2719
v,WLS,200311,-5.972693,5.435566,,13.242448,2701
v,WLS,200312,2.544516,1.559716,,-2.634622,2670
v,WLS,200401,5.741759,-1.047077,,-6.728675,2656
v,WLS,200402,-0.438821,1.458700,,-1.859859,2641
v,WLS,200403,-0.646756,-6.922174,,2.274270,2629
v,WLS,200404,1.297405,-0.330690,,-0.278657,2611
v,WLS,200405,-0.501071,4.732863,,2.158992,2594
v,WLS,200406,-3.741959,5.364620,,-4.634314,2673
v,WLS,200407,1.312005,-0.246402,,-3.878764,2658
v,WLS,200408,-1.936894,6.553317,,2.626901,2644
v,WLS,200409,3.648069,-0.393104,,-3.053586,2634
v,WLS,200410,-0.463774,8.135332,,3.427458,2619
v,WLS,200411,5.361585,-3.293391,,-1.351570,2601
v,WLS,200412,1.387763,-0.652756,,-6.599089,2579
v,WLS,200501,1.232728,5.507849,,-0.576060,2565
v,WLS,200502,0.637113,-0.313762,,-3.703186,2551
v,WLS,200503,-0.826372,-6.135683,,0.394294,2538
v,WLS,200504,3.483027,0.268534,,0.434280,2520
v,WLS,200505,0.072671,5.119321,,-3.491791,2503
v,WLS,200506,4.591817,1.619966,,-1.023808,2559
v,WLS,200507,-4.569455,4.704777,,2.634431,2542
v,WLS,200508,-2.399711,4.146443,,1.607566,2518
v,WLS,200509,-0.045767,-5.800249,,-0.422710,2500
v,WLS,200510,2.415039,-0.171609,,2.241273,2483
v,WLS,200511,-1.838295,2.017896,,0.760687,2469
v,WLS,200512,-0.310539,9.406273,,0.123264,2446
v,WLS,200601,0.727515,-2.472697,,-0.692735,2421
v,WLS,200602,-0.185229,3.271386,,1.564183,2410
v,WLS,200603,-2.291892,5.124000,,0.786411,2390
v,WLS,200604,-3.042872,0.242571,,-1.139143,2378
v,WLS,200605,0.224111,1.638547,,-1.965637,2361
v,WLS,200606,0.380602,0.410090,,-3.213975,2472
v,WLS,200607,2.822124,-4.200586,,1.386418,2460
v,WLS,200608,3.600285,-1.524349,,-1.893425,2447
v,WLS,200609,2.939308,1.501761,,-0.683256,2435
v,WLS,200610,-0.738892,3.038258,,2.347519,2419
v,WLS,200611,-1.107385,2.725723,,0.746302,2404
v,WLS,200612,1.984420,-0.647554,,-0.030398,2375
v,WLS,200701,-3.597901,1.860856,,2.075657,2347
v,WLS,200702,-0.604593,2.084837,,0.951469,2336
v,WLS,200703,4.444244,-2.956124,,0.849393,2314
v,WLS,200704,0.649021,4.919652,,1.842194,2296
v,WLS,200705,-2.009368,1.553846,,0.249995,2274
v,WLS,200706,-4.107720,-2.746047,,4.866945,2408
v,WLS,200707,1.904525,-3.664972,,0.462009,2392
v,WLS,200708,0.680848,-1.998531,,6.563955,2365
v,WLS,200709,0.137852,-2.458829,,5.548924,2347
v,WLS,200710,-0.153038,-4.549558,,-4.910319,2322
v,WLS,200711,-2.656256,3.760302,,2.142612,2299
v,WLS,200712,-4.862121,1.204804,,-4.875663,2272
v,WLS,200801,-0.054249,1.542829,,-3.558833,2259
v,WLS,200802,-1.400830,-0.327561,,3.177031,2252
v,WLS,200803,4.562739,3.171823,,-3.108787,2232
v,WLS,200804,0.638628,4.308472,,1.207179,2213
v,WLS,200805,-3.194874,-1.485741,,-5.556943,2196
v,WLS,200806,5.756863,-6.138668,,-8.947547,2362
v,WLS,200807,5.719555,0.895226,,-6.882285,2346
v,WLS,200808,2.323360,-6.395710,,-18.257104,2326
v,WLS,200809,-5.655290,-12.584190,,-12.935401,2315
v,WLS,200810,-1.245901,-5.160950,,-6.660327,2294
v,WLS,200811,5.034764,0.461778,,-5.141628,2281
v,WLS,200812,-4.431213,-7.448464,,1.044123,2261
v,WLS,200901,-1.104770,-10.400568,,-7.888230,2249
v,WLS,200902,9.867132,-2.449823,,-0.582047,2233
v,WLS,200903,-1.761008,16.876499,,10.241781,2216
v,WLS,200904,-2.339672,0.737019,,10.429781,2198
v,WLS,200905,5.298350,-6.453360,,-4.146664,2185
v,WLS,200906,2.490659,9.098952,,5.081461,2324
v,WLS,200907,0.214864,5.569806,,1.049273,2310
v,WLS,200908,-0.288835,7.550256,,4.986990,2299
v,WLS,200909,3.408812,-9.382361,,-5.014340,2290
v,WLS,200910,4.187153,-4.165925,,5.023913,2276
v,WLS,200911,0.314288,8.382664,,0.683988,2254
v,WLS,200912,-3.762725,-0.607769,,-0.506373,2238
v,WLS,201001,4.121627,4.513178,,-2.744378,2225
v,WLS,201002,3.217489,4.398369,,2.895783,2205
v,WLS,201003,-1.051939,7.375408,,2.216837,2194
v,WLS,201004,-6.768458,-2.581854,,-0.446228,2180
v,WLS,201005,-5.445212,-8.982680,,3.872335,2172
v,WLS,201006,4.050370,1.791418,,4.148183,2317
v,WLS,201007,-4.115420,-1.466321,,0.584078,2296
v,WLS,201008,8.999243,0.135774,,2.463945,2279
v,WLS,201009,1.855929,0.276788,,4.251451,2264
v,WLS,201010,-0.251653,1.687342,,1.536225,2250
v,WLS,201011,1.232001,5.811493,,5.033449,2227
v,WLS,201012,-1.537842,1.070326,,5.460126,2203
v,WLS,201101,-0.201968,5.936386,,2.805070,2191
v,WLS,201102,-0.820677,2.612896,,1.691239,2177
v,WLS,201103,7.177032,-2.730482,,-4.730915,2164
v,WLS,201104,1.912894,-2.099626,,-3.868807,2151
v,WLS,201105,0.333369,-1.927494,,-1.735841,2137
v,WLS,201106,-0.495498,-6.251926,,1.799654,2184
v,WLS,201107,0.662008,-6.705794,,-6.840871,2176
v,WLS,201108,1.631184,-6.666231,,-11.385039,2166
v,WLS,201109,4.190286,6.807528,,8.263063,2155
v,WLS,201110,1.056226,1.762812,,-2.291846,2143
v,WLS,201111,1.838407,2.826695,,-4.750495,2129
v,WLS,201112,3.586403,-3.815341,,5.577798,2114
v,WLS,201201,2.035875,-1.067961,,4.460076,2102
v,WLS,201202,7.053246,-7.141002,,-3.082570,2094
v,WLS,201203,-0.161015,-0.525765,,-0.158464,2083
v,WLS,201204,-1.858862,-0.233910,,-7.548584,2071
v,WLS,201205,2.485281,3.497570,,-0.144586,2063
v,WLS,201206,1.055523,1.201286,,-0.912535,2123
v,WLS,201207,2.516973,-0.652579,,0.570328,2107
v,WLS,201208,-0.781142,2.853910,,3.394879,2097
v,WLS,201209,-2.573000,3.763165,,-1.874595,2081
v,WLS,201210,0.558395,-1.087305,,1.734985,2067
v,WLS,201211,-3.190794,5.659473,,3.394258,2054
v,WLS,201212,3.731356,5.766326,,-0.861855,2038
v,WLS,201301,1.184641,1.041434,,-0.883347,2030
v,WLS,201302,3.447604,1.502407,,-0.152245,2023
v,WLS,201303,4.658618,-1.754087,,-4.727133,2011
v,WLS,201304,2.568120,1.371706,,-1.309500,2002
v,WLS,201305,-1.559643,1.831931,,-1.084972,1994
v,WLS,201306,4.729626,-0.349924,,1.556543,2084
v,WLS,201307,-2.580387,-1.580454,,1.435979,2070
v,WLS,201308,2.061672,0.288348,,3.161505,2059
v,WLS,201309,2.418921,3.570699,,1.181714,2048
v,WLS,201310,5.040463,-2.528405,,-2.181852,2031
v,WLS,201311,-0.038125,2.622664,,2.970005,2017
v,WLS,201312,-5.967774,0.069028,,3.938777,2004
v,WLS,201401,7.013213,-1.561178,,-2.422713,1990
v,WLS,201402,0.092374,5.865447,,-3.185771,1976
v,WLS,201403,0.450643,1.723770,,-0.914404,1968
v,WLS,201404,0.739113,0.868407,,2.062030,1961
v,WLS,201405,0.654640,2.808639,,1.002576,1951
v,WLS,201406,-0.408534,-0.243516,,-2.162464,2017
v,WLS,201407,6.025804,-4.637025,,-0.001740,2008
v,WLS,201408,2.305676,-5.745593,,-4.084664,2000
v,WLS,201409,5.454657,-5.904379,,-1.704348,1991
v,WLS,201410,8.772454,-5.586253,,-6.596882,1979
v,WLS,201411,0.662789,1.418259,,-3.451683,1971
v,WLS,201412,-0.150453,-6.560911,,0.884027,1957
v,WLS,201501,4.060833,0.208497,,4.456095,1942
v,WLS,201502,-0.473710,-1.804712,,-0.898938,1932
v,WLS,201503,-3.540141,3.830255,,5.469824,1919
v,WLS,201504,2.741093,-3.297173,,-0.448252,1915
v,WLS,201505,-0.739846,-3.391801,,0.004316,1908
v,WLS,201506,5.069649,-12.337153,,0.620804,1969
v,WLS,201507,-6.061492,1.942039,,-1.009410,1951
v,WLS,201508,-0.398258,-3.836357,,-1.893272,1941
v,WLS,201509,4.009262,0.778867,,7.355581,1928
v,WLS,201510,-0.589115,-0.475286,,2.176930,1912
v,WLS,201511,0.228771,-6.635893,,-0.327566,1909
v,WLS,201512,-0.911237,2.486481,,-9.902873,1890
v,WLS,201601,0.058041,2.162842,,-0.168698,1871
v,WLS,201602,4.787939,2.679660,,2.299652,1860
v,WLS,201603,-4.798568,6.738070,,5.077353,1847
v,WLS,201604,2.539494,-2.974554,,0.374323,1834
v,WLS,201605,0.584329,3.483312,,-1.803235,1819
v,WLS,201606,5.895727,-2.938445,,-1.099616,1896
v,WLS,201607,-0.218787,1.329617,,-0.941349,1881
v,WLS,201608,-1.207228,2.086557,,1.928640,1871
v,WLS,201609,-2.358122,-1.171191,,0.059754,1855
v,WLS,201610,-0.916943,9.985718,,2.479879,1850
v,WLS,201611,1.653389,1.111758,,-1.370906,1833
v,WLS,201612,0.063316,-3.997899,,6.565146,1821
v,WLS,201701,7.293592,-5.902297,,-3.729449,1814
v,WLS,201702,2.848148,-2.868184,,-1.942066,1799
v,WLS,201703,2.734132,-3.669663,,-0.233785,1790
v,WLS,201704,3.163394,-6.436562,,0.850029,1775
v,WLS,201705,-0.524350,-0.873541,,1.273915,1763
v,WLS,201706,0.535761,-1.495748,,3.504117,1867
v,WLS,201707,2.213319,-4.582233,,-0.517576,1862
v,WLS,201708,-0.528323,5.221678,,2.090938,1849
v,WLS,201709,5.251354,-7.818670,,-0.499825,1834
v,WLS,201710,6.570126,0.427518,,-6.286025,1825
v,WLS,201711,-0.799497,3.032762,,2.126167,1814
v,WLS,201712,5.385881,-9.405442,,6.932602,1800
v,WLS,201801,-2.599755,-6.905654,,2.450209,1795
v,WLS,201802,-2.494418,3.587968,,-1.672717,1786
v,WLS,201803,-1.048041,-0.324582,,2.756713,1776
v,WLS,201804,2.068657,-1.968735,,3.557338,1772
v,WLS,201805,2.873302,-2.088420,,-2.885017,1767
v,WLS,201806,4.596403,-1.012358,,-2.606586,1831
v,WLS,201807,8.154077,-9.605324,,-1.665275,1822
v,WLS,201808,-0.169222,-0.186418,,1.679459,1816
v,WLS,201809,-5.395732,6.444009,,-9.162004,1812
v,WLS,201810,2.606730,-2.773044,,-1.337858,1803
v,WLS,201811,-5.840637,-5.906840,,-3.289920,1789
v,WLS,201812,3.710157,2.283161,,7.095561,1775
v,WLS,201901,3.244954,-1.354946,,1.302829,1767
v,WLS,201902,2.779229,-5.528257,,1.660534,1759
v,WLS,201903,3.421739,-3.836140,,2.771085,1747
v,WLS,201904,-6.757385,-1.752066,,-0.528827,1740
v,WLS,201905,6.989460,1.061882,,1.023268,1734
v,WLS,201906,1.517436,-1.695525,,-0.533317,1827
v,WLS,201907,1.195263,-5.731757,,-3.804282,1814
v,WLS,201908,1.070801,6.812727,,-3.138179,1814
v,WLS,201909,3.376795,-3.351692,,-0.151139,1802
v,WLS,201910,2.798204,-4.119863,,4.318001,1790
v,WLS,201911,3.677045,-0.419017,,-0.891190,1780
v,WLS,201912,-1.808345,-14.177976,,10.480366,1765
v,WLS,202001,-5.675148,-5.330142,,-0.899843,1763
v,WLS,202002,-1.622000,-25.638030,,-4.667027,1759
v,WLS,202003,14.942809,-0.268552,,-0.730345,1751
v,WLS,202004,6.278762,-1.863782,,-0.274709,1746
v,WLS,202005,2.336740,-11.711514,,7.632114,1734
v,WLS,202006,5.738415,-9.389840,,6.183546,1793
v,WLS,202007,5.963341,-14.597419,,12.160301,1782
v,WLS,202008,-2.505876,3.483538,,-4.553473,1777
v,WLS,202009,-3.532959,3.942411,,-0.893522,1767
v,WLS,202010,2.998656,11.803800,,10.854468,1761
v,WLS,202011,0.838479,-3.685256,,9.335713,1755
v,WLS,202012,-2.357827,4.140567,,2.413865,1744
v,WLS,202101,-1.542405,16.808372,,-1.940947,1738
v,WLS,202102,6.830894,6.285693,,-10.496910,1730
v,WLS,202103,5.354964,-6.804374,,1.985852,1725
v,WLS,202104,-0.656146,9.535112,,-3.664410,1713
v,WLS,202105,4.296155,-12.378378,,5.201522,1708
v,WLS,202106,4.856817,-8.276059,,-1.627873,1780
v,WLS,202107,4.259347,-7.156470,,1.456842,1773
v,WLS,202108,-10.544704,6.412134,,7.813957,1766
v,WLS,202109,5.940759,-10.829829,,7.630177,1756
v,WLS,202110,3.773225,-9.820721,,-1.919583,1748
v,WLS,202111,4.794343,8.321826,,-7.660683,1741
v,WLS,202112,-11.927118,15.191125,,2.515851,1727
v,WLS,202201,-8.904246,7.918743,,7.747335,1726
v,WLS,202202,1.083057,-2.533477,,7.356198,1723
v,WLS,202203,-6.313283,12.445625,,-12.716003,1711
v,WLS,202204,-5.642260,14.690382,,1.688271,1705
v,WLS,202205,-5.033622,-4.358552,,-4.734819,1696
v,WLS,202206,10.203275,-12.415455,,6.957349,1790
v,WLS,202207,-6.886907,5.717293,,2.324420,1780
v,WLS,202208,-6.930008,-1.078746,,-4.492605,1773
v,WLS,202209,3.288105,16.909299,,-0.201806,1766
v,WLS,202210,7.609747,-0.407191,,-5.709223,1756
v,WLS,202211,-2.755383,4.892006,,-10.777723,1749
v,WLS,202212,3.573206,-3.727710,,9.067713,1742
v,WLS,202301,-3.030992,-6.903859,,6.061796,1737
v,WLS,202302,10.091216,-14.932905,,-2.619079,1726
v,WLS,202303,5.738011,-2.574609,,-9.664426,1715
v,WLS,202304,0.874381,-19.645043,,10.575166,1713
v,WLS,202305,4.634942,-0.926542,,5.428366,1703
v,WLS,202306,4.003408,2.756590,,-3.951023,1834
v,WLS,202307,1.270545,-6.476112,,-2.844970,1826
v,WLS,202308,-4.291527,4.075778,,-3.551396,1815
v,WLS,202309,2.418493,-8.564681,,-7.586530,1804
v,WLS,202310,3.503580,-1.558426,,11.391577,1796
v,WLS,202311,4.098255,5.088125,,-0.263092,1786
v,WLS,202312,4.568019,-7.082216,,-2.050735,1774
v,WLS,202401,12.442637,-9.200599,,-6.913548,1768
v,WLS,202402,4.201137,2.893799,,-3.669429,1761
v,WLS,202403,-4.408530,-4.646880,,-0.061694,1753
v,WLS,202404,7.059850,-8.733128,,-1.564595,1746
v,WLS,202405,7.075684,-16.327076,,0.256557,1736
v,WLS,202406,-3.512286,12.474888,,1.169420,1949
v,WLS,202407,2.957997,-4.857716,,-1.930152,1932
v,WLS,202408,2.060574,-2.470877,,1.605162,1923
v,WLS,202409,-3.174625,-1.276722,,3.728822,1914
v,WLS,202410,4.535595,-0.038814,,3.208814,1900
v,WLS,202411,1.448967,-15.570536,,-1.809571,1890
v,WLS,202412,8.469109,2.267930,,-12.643530,1877
vi,OLS,197306,8.917980,,0.442659,6.682970,1449
vi,OLS,197307,-4.331030,,-2.277020,0.112619,1449
vi,OLS,197308,8.034464,,-4.916564,6.117538,1447
vi,OLS,197309,4.328609,,-6.109818,-2.647799,1446
vi,OLS,197310,-17.255833,,-3.518729,-1.786943,1446
vi,OLS,197311,-2.081308,,-7.858421,4.121435,1446
vi,OLS,197312,22.265320,,-1.703091,-15.621355,1445
vi,OLS,197401,2.449851,,-1.153310,-3.640110,1445
vi,OLS,197402,0.208281,,3.295844,-4.238735,1443
vi,OLS,197403,-3.222069,,0.570452,-4.581498,1443
vi,OLS,197404,-8.909477,,3.050087,-0.266218,1443
vi,OLS,197405,-0.691924,,-2.889189,-1.642666,1442
vi,OLS,197406,-0.025591,,-4.342230,-6.686750,1564
vi,OLS,197407,-5.563254,,-1.611859,-3.763747,1563
vi,OLS,197408,-7.910917,,1.094496,-5.363165,1562
vi,OLS,197409,5.699912,,-4.221448,14.001374,1558
vi,OLS,197410,-7.869361,,-0.797900,5.311899,1558
vi,OLS,197411,-10.659538,,0.279680,5.183795,1555
vi,OLS,197412,40.200409,,3.405897,-23.991596,1554
vi,OLS,197501,2.956356,,-1.754900,4.938217,1552
vi,OLS,197502,10.748518,,3.228142,-5.949505,1549
vi,OLS,197503,2.149757,,-1.773071,5.063178,1550
vi,OLS,197504,6.528431,,-0.659276,0.994760,1546
vi,OLS,197505,9.225026,,-0.274584,-2.923478,1547
vi,OLS,197506,1.919508,,-1.453870,-6.798815,1962
vi,OLS,197507,-7.553551,,0.080812,3.850193,1961
vi,OLS,197508,-4.560588,,1.544238,-1.209393,1961
vi,OLS,197509,-1.907967,,4.333062,3.132173,1962
vi,OLS,197510,1.573517,,5.582802,-3.411971,1963
vi,OLS,197511,-0.460837,,-2.240588,0.009069,1961
vi,OLS,197512,34.085276,,-2.283249,-21.568805,1955
vi,OLS,197601,20.596393,,-0.929393,-18.736680,1954
vi,OLS,197602,0.111376,,2.236244,-0.419656,1947
vi,OLS,197603,-1.531795,,-2.377749,1.579123,1939
vi,OLS,197604,-3.946467,,-2.689168,5.113208,1933
vi,OLS,197605,4.308409,,-3.164429,1.335607,1925
vi,OLS,197606,-0.064308,,0.967637,-2.677965,2381
vi,OLS,197607,-2.939800,,1.883033,-1.424346,2374
vi,OLS,197608,1.007373,,-0.475808,1.380761,2363
vi,OLS,197609,-2.720289,,-0.969167,0.421476,2357
vi,OLS,197610,2.845948,,-0.954664,-0.123000,2354
vi,OLS,197611,11.698676,,-0.631407,-3.922309,2346
vi,OLS,197612,8.820954,,-1.298356,-11.055300,2337
vi,OLS,197701,0.088149,,1.337017,-3.021842,2322
vi,OLS,197702,1.960939,,-1.754026,-1.615886,2317
vi,OLS,197703,2.859519,,-2.014206,-1.738541,2308
vi,OLS,197704,0.771519,,1.180127,-2.910524,2299
vi,OLS,197705,5.405391,,0.095511,0.255748,2284
vi,OLS,197706,0.423318,,1.675607,-2.745009,2442
vi,OLS,197707,-3.981389,,3.733609,0.995582,2430
vi,OLS,197708,0.270295,,1.121626,-0.350579,2417
vi,OLS,197709,-2.488490,,1.890027,-3.200080,2410
vi,OLS,197710,7.720662,,0.522215,-1.127571,2402
vi,OLS,197711,1.309654,,-0.008307,0.182562,2391
vi,OLS,197712,1.145614,,-1.247982,-5.790552,2383
vi,OLS,197801,2.809099,,2.235224,-3.829914,2361
vi,OLS,197802,8.286790,,-0.905659,-2.078505,2350
vi,OLS,197803,7.655447,,0.979458,0.590573,2340
vi,OLS,197804,6.306775,,1.854241,-1.120550,2326
vi,OLS,197805,0.090657,,0.528543,-1.818180,2305
vi,OLS,197806,3.613825,,-1.414557,4.036921,2389
vi,OLS,197807,8.733336,,2.184096,-2.276008,2376
vi,OLS,197808,2.185549,,-2.596638,-3.333760,2360
vi,OLS,197809,-19.501299,,-1.160278,-1.187615,2350
vi,OLS,197810,2.559303,,1.519230,3.330141,2346
vi,OLS,197811,-2.373740,,1.106468,4.348839,2333
vi,OLS,197812,13.755917,,-3.035008,-5.568796,2326
vi,OLS,197901,-2.145342,,-1.248615,-1.279653,2303
vi,OLS,197902,8.183090,,-3.726508,3.046941,2292
vi,OLS,197903,3.339244,,-1.872069,-1.129725,2290
vi,OLS,197904,-1.134114,,-0.249121,-1.468226,2278
vi,OLS,197905,5.309981,,-6.166433,3.391019,2266
vi,OLS,197906,1.614071,,0.302804,-0.330132,2365
vi,OLS,197907,5.605024,,0.586070,3.064070,2354
vi,OLS,197908,-1.160233,,-1.903381,2.035982,2341
vi,OLS,197909,-10.739318,,0.955481,-0.575504,2332
vi,OLS,197910,3.097638,,-2.553505,8.046139,2328
vi,OLS,197911,5.439177,,-3.471924,3.558211,2319
vi,OLS,197912,13.792878,,-7.999149,-0.525792,2303
vi,OLS,198001,-1.601374,,-2.412393,0.399258,2280
vi,OLS,198002,-19.113517,,4.673120,-1.737489,2270
vi,OLS,198003,1.936928,,0.043728,2.459270,2262
vi,OLS,198004,4.885927,,1.583639,1.675339,2251
vi,OLS,198005,2.846090,,-1.591523,1.875128,2238
vi,OLS,198006,6.384697,,2.983811,4.585767,2310
vi,OLS,198007,4.033662,,0.646586,4.376922,2309
vi,OLS,198008,1.959377,,-0.504680,3.234344,2302
vi,OLS,198009,1.593851,,-0.824796,2.069401,2288
vi,OLS,198010,0.738298,,-4.238364,13.751095,2280
vi,OLS,198011,-6.022604,,4.328567,-1.944557,2269
vi,OLS,198012,4.621386,,0.090856,-10.107116,2256
vi,OLS,198101,2.792135,,-1.458107,-3.659181,2238
vi,OLS,198102,7.170914,,1.085219,-1.015025,2224
vi,OLS,198103,1.078963,,5.657819,-3.323416,2212
vi,OLS,198104,2.142886,,1.427196,-1.843001,2199
vi,OLS,198105,1.688504,,1.479884,-8.508264,2191
vi,OLS,198106,-2.029915,,-2.375728,-0.398456,2307
vi,OLS,198107,-5.207490,,0.297192,-7.555849,2298
vi,OLS,198108,-8.391830,,3.875637,-5.312179,2283
vi,OLS,198109,2.019933,,0.227681,7.868008,2266
vi,OLS,198110,0.885846,,1.164996,-1.241947,2255
vi,OLS,198111,-3.249579,,4.738725,-3.467053,2251
vi,OLS,198112,-1.216116,,2.025311,-4.679530,2234
vi,OLS,198201,-2.061211,,2.490658,-8.037631,2227
vi,OLS,198202,-2.245460,,5.279857,-4.051752,2212
vi,OLS,198203,1.521603,,3.222346,2.324788,2196
vi,OLS,198204,-3.034350,,2.976481,-3.787025,2182
vi,OLS,198205,-1.278956,,2.400030,-6.031729,2170
vi,OLS,198206,-3.153345,,4.756654,-2.882876,2355
vi,OLS,198207,4.371804,,-0.514947,4.717627,2343
vi,OLS,198208,1.210232,,6.364659,-4.205170,2334
vi,OLS,198209,9.380937,,1.701625,4.615014,2315
vi,OLS,198210,8.487430,,6.586458,-5.270444,2303
vi,OLS,198211,1.407998,,1.784617,-1.111929,2293
vi,OLS,198212,11.300804,,-7.734426,2.737231,2275
vi,OLS,198301,6.345537,,5.600789,-7.674745,2253
vi,OLS,198302,5.753583,,2.173549,-3.712169,2243
vi,OLS,198303,7.625140,,0.392564,-2.747626,2230
vi,OLS,198304,8.185651,,-3.671911,3.663416,2220
vi,OLS,198305,4.084469,,1.672669,-0.522277,2215
vi,OLS,198306,1.246402,,-1.066728,-7.471661,2386
vi,OLS,198307,-1.888979,,-0.139994,-3.801901,2375
vi,OLS,198308,0.120867,,4.076294,-4.372930,2361
vi,OLS,198309,-2.601127,,-0.515149,-6.627527,2352
vi,OLS,198310,2.998934,,2.625125,-1.198414,2344
vi,OLS,198311,0.656100,,-0.698190,-4.877309,2338
vi,OLS,198312,4.801165,,-5.460281,-5.190921,2319
vi,OLS,198401,-3.950855,,-2.125437,-2.933641,2304
vi,OLS,198402,2.712499,,0.190486,-4.549114,2284
vi,OLS,198403,-1.565916,,3.058843,-4.214202,2268
vi,OLS,198404,-4.614821,,2.828609,-4.516566,2257
vi,OLS,198405,-1.941230,,6.215823,0.525013,2248
vi,OLS,198406,-4.471976,,3.967226,-6.458904,2513
vi,OLS,198407,4.413155,,5.617599,4.148723,2497
vi,OLS,198408,2.009059,,-1.033899,-5.985533,2480
vi,OLS,198409,-3.156144,,3.912791,-5.095809,2459
vi,OLS,198410,-2.155983,,2.759170,-6.803979,2440
vi,OLS,198411,-1.988311,,4.462781,-0.880969,2418
vi,OLS,198412,7.170467,,1.961558,6.315952,2397
vi,OLS,198501,3.044183,,0.278528,0.810090,2376
vi,OLS,198502,-0.081276,,-0.746182,-4.123452,2359
vi,OLS,198503,-0.190922,,0.076526,-4.932302,2351
vi,OLS,198504,0.520531,,4.423796,-1.268057,2337
vi,OLS,198505,-1.473589,,3.571956,-1.882648,2319
vi,OLS,198506,2.738771,,-0.687302,-1.409954,2538
vi,OLS,198507,0.104120,,-0.860063,-2.209134,2522
vi,OLS,198508,-4.432467,,2.400980,-5.405794,2504
vi,OLS,198509,0.214307,,3.982406,-2.294165,2487
vi,OLS,198510,1.087483,,6.000879,0.887324,2473
vi,OLS,198511,-0.130252,,6.500517,-2.728757,2451
vi,OLS,198512,1.332238,,-0.495337,2.675586,2430
vi,OLS,198601,3.394629,,4.650170,-0.829187,2414
vi,OLS,198602,5.183420,,1.532941,-3.631615,2395
vi,OLS,198603,-1.183486,,3.279043,-0.316021,2376
vi,OLS,198604,0.750310,,4.713084,-0.202505,2356
vi,OLS,198605,-2.034147,,3.702444,0.461379,2342
vi,OLS,198606,-7.226591,,0.607695,-3.514908,2613
vi,OLS,198607,5.699031,,-3.720573,-3.539158,2591
vi,OLS,198608,-0.567622,,-5.598308,-4.936573,2582
vi,OLS,198609,0.134517,,3.103469,3.094532,2560
vi,OLS,198610,-1.345553,,4.655857,-2.553843,2534
vi,OLS,198611,-3.030363,,2.962111,-4.220533,2502
vi,OLS,198612,12.637156,,-3.326483,2.270768,2448
vi,OLS,198701,4.204745,,1.188156,5.493806,2426
vi,OLS,198702,7.280194,,-6.681678,-0.969002,2417
vi,OLS,198703,-0.148753,,-1.978572,-1.274541,2393
vi,OLS,198704,2.407148,,-1.769938,-1.517968,2376
vi,OLS,198705,2.710189,,1.452409,-1.821427,2367
vi,OLS,198706,9.170167,,-5.892443,-3.096740,2719
vi,OLS,198707,-0.268971,,5.210204,-2.534318,2695
vi,OLS,198708,-0.646216,,0.339546,-1.723027,2677
vi,OLS,198709,-26.794572,,-0.079016,-5.497566,2657
vi,OLS,198710,-2.458510,,-0.838238,-5.144159,2630
vi,OLS,198711,1.336258,,7.379715,-0.705998,2603
vi,OLS,198712,6.839977,,-2.513896,2.042332,2579
vi,OLS,198801,6.808414,,2.650193,-1.644494,2558
vi,OLS,198802,6.635427,,-1.298822,-4.013784,2540
vi,OLS,198803,2.766568,,-0.522276,-1.955561,2518
vi,OLS,198804,-0.984927,,1.503249,-4.025422,2498
vi,OLS,198805,2.964778,,3.103097,1.163389,2472
vi,OLS,198806,0.762053,,-0.803465,-2.824699,2574
vi,OLS,198807,-1.892636,,0.699208,-2.755082,2553
vi,OLS,198808,-0.377964,,3.099221,1.285149,2527
vi,OLS,198809,-1.561221,,2.195689,-2.742695,2505
vi,OLS,198810,-3.239773,,0.943494,-3.655923,2484
vi,OLS,198811,2.739553,,1.770750,-1.911489,2458
vi,OLS,198812,5.419157,,-1.265668,1.382190,2427
vi,OLS,198901,-0.090209,,1.572176,-2.049409,2408
vi,OLS,198902,2.773461,,-1.036784,-0.239809,2383
vi,OLS,198903,2.696546,,0.208417,0.347432,2366
vi,OLS,198904,1.307461,,2.436844,0.200506,2355
vi,OLS,198905,-0.235320,,-0.992979,-3.044945,2332
vi,OLS,198906,0.636621,,2.196097,1.069571,2607
vi,OLS,198907,2.994712,,-1.101412,-2.552048,2588
vi,OLS,198908,-1.638377,,1.406471,0.819211,2565
vi,OLS,198909,-5.942542,,0.848605,-1.621925,2543
vi,OLS,198910,-1.783917,,-1.150823,1.378484,2524
vi,OLS,198911,-1.353410,,1.187762,-0.545815,2500
vi,OLS,198912,-2.677073,,-3.592505,-3.527975,2474
vi,OLS,199001,2.784037,,-2.208704,0.157120,2453
vi,OLS,199002,2.259628,,2.704826,-1.198804,2438
vi,OLS,199003,-4.895208,,2.698636,0.955338,2421
vi,OLS,199004,1.831881,,1.459617,5.381992,2406
vi,OLS,199005,-2.137300,,1.423349,2.931311,2387
vi,OLS,199006,-0.264390,,-4.929388,-1.204677,2726
vi,OLS,199007,-6.559300,,-5.753725,-6.251967,2704
vi,OLS,199008,-4.792689,,-3.441402,-3.616057,2683
vi,OLS,199009,-6.883262,,1.947506,-0.716895,2672
vi,OLS,199010,-0.220203,,4.756851,3.515511,2656
vi,OLS,199011,-1.777907,,5.384939,-1.856998,2652
vi,OLS,199012,9.705013,,-0.264247,0.355763,2631
vi,OLS,199101,10.990188,,-1.352290,4.296067,2617
vi,OLS,199102,5.473612,,3.552742,1.918872,2603
vi,OLS,199103,-1.576311,,4.516153,1.569845,2584
vi,OLS,199104,0.040219,,3.376684,3.146313,2569
vi,OLS,199105,-2.865109,,0.073837,-2.861270,2556
vi,OLS,199106,1.441589,,0.640620,2.282913,2727
vi,OLS,199107,-0.629321,,4.712395,1.489889,2705
vi,OLS,199108,-1.771283,,0.664910,2.902870,2692
vi,OLS,199109,1.192643,,-0.797934,3.317628,2684
vi,OLS,199110,-4.565896,,1.913348,0.799226,2667
vi,OLS,199111,2.615194,,3.116360,-0.157686,2651
vi,OLS,199112,16.329886,,-2.585611,-0.863522,2625
vi,OLS,199201,5.424689,,3.111797,-3.629175,2616
vi,OLS,199202,1.337812,,0.050840,-5.475155,2604
vi,OLS,199203,-0.198564,,-2.562351,-5.006360,2593
vi,OLS,199204,1.355661,,-1.243400,-2.507497,2582
vi,OLS,199205,-2.969937,,-1.512116,-2.685104,2552
vi,OLS,199206,2.337788,,-0.934215,0.349391,2689
vi,OLS,199207,-2.351256,,1.452608,-2.907043,2662
vi,OLS,199208,2.386395,,-2.141577,0.331866,2639
vi,OLS,199209,1.215236,,3.924263,-2.627417,2627
vi,OLS,199210,3.865977,,6.130351,0.968028,2611
vi,OLS,199211,4.671839,,1.199398,-4.079919,2603
vi,OLS,199212,8.574668,,-2.225231,-3.447611,2593
vi,OLS,199301,3.693191,,-4.947479,-4.941526,2579
vi,OLS,199302,4.128457,,-2.335071,-1.385259,2570
vi,OLS,199303,1.075131,,-4.917665,-2.847425,2550
vi,OLS,199304,5.176848,,-0.541019,0.437885,2541
vi,OLS,199305,1.237112,,-2.269519,1.059275,2534
vi,OLS,199306,3.201122,,-2.947515,-2.708304,2737
vi,OLS,199307,3.839162,,-1.861573,2.814945,2723
vi,OLS,199308,2.288832,,1.076430,-1.271750,2715
vi,OLS,199309,5.006671,,-1.443676,0.405627,2707
vi,OLS,199310,-2.384070,,3.543411,-1.906860,2698
vi,OLS,199311,1.634980,,0.806174,-0.865069,2684
vi,OLS,199312,8.959307,,-5.244916,-1.652129,2666
vi,OLS,199401,1.721763,,0.412611,-3.532062,2652
vi,OLS,199402,-1.466973,,-1.382475,-4.819922,2629
vi,OLS,199403,0.330119,,-0.207367,-2.652051,2616
vi,OLS,199404,1.907944,,-2.569855,-1.693529,2603
vi,OLS,199405,-0.787787,,-1.111483,-3.960800,2587
vi,OLS,199406,2.615930,,-1.171463,-1.484268,2826
vi,OLS,199407,2.500902,,3.066386,-0.407607,2818
vi,OLS,199408,2.277251,,0.048724,-2.768953,2802
vi,OLS,199409,1.164966,,1.892398,-3.174192,2787
vi,OLS,199410,-3.245460,,2.819689,-4.041641,2775
vi,OLS,199411,-1.945931,,1.838158,-1.637067,2759
vi,OLS,199412,3.051734,,-1.122207,0.900495,2738
vi,OLS,199501,3.101372,,0.583429,-0.766271,2728
vi,OLS,199502,1.402110,,0.645449,-0.013839,2712
vi,OLS,199503,2.853571,,0.888478,-1.466572,2692
vi,OLS,199504,4.908838,,-3.792526,-2.477312,2677
vi,OLS,199505,-1.231578,,5.730471,6.623565,2659
vi,OLS,199506,0.964461,,5.545491,2.672185,3034
vi,OLS,199507,3.180866,,-1.906100,1.234732,3014
vi,OLS,199508,2.955270,,-0.390702,-0.307856,2993
vi,OLS,199509,-4.024443,,0.270145,-4.399595,2972
vi,OLS,199510,0.256275,,0.665815,1.016171,2956
vi,OLS,199511,3.395782,,-5.419507,-0.222484,2938
vi,OLS,199512,4.676990,,-5.041854,0.434838,2916
vi,OLS,199601,0.849428,,3.395468,1.980855,2900
vi,OLS,199602,2.183585,,0.312463,0.968728,2881
vi,OLS,199603,4.400898,,2.523340,1.581172,2859
vi,OLS,199604,7.103298,,-0.041813,2.037556,2846
vi,OLS,199605,-0.188823,,-3.240161,-4.815921,2825
vi,OLS,199606,-3.085526,,-3.708789,-8.972395,3225
vi,OLS,199607,4.979408,,-1.791816,-0.556996,3203
vi,OLS,199608,0.856058,,1.381356,1.985618,3174
vi,OLS,199609,3.202293,,-3.385371,-8.161163,3154
vi,OLS,199610,4.566812,,-0.936730,-3.487212,3138
vi,OLS,199611,3.084881,,-2.508203,-4.922272,3126
vi,OLS,199612,4.045830,,-0.203501,4.209330,3087
vi,OLS,199701,2.167926,,-2.423734,-6.620482,3067
vi,OLS,199702,2.101507,,-4.677417,-9.128072,3048
vi,OLS,199703,-2.069910,,1.671499,-2.744761,3025
vi,OLS,199704,5.118679,,3.415006,5.082779,3007
vi,OLS,199705,5.388886,,-0.612528,-2.801609,2990
vi,OLS,199706,3.372204,,2.378091,0.097767,3256
vi,OLS,199707,2.678253,,0.661257,0.599139,3228
vi,OLS,199708,13.186911,,-6.886138,-3.475468,3203
vi,OLS,199709,0.869760,,-2.995182,-4.265069,3175
vi,OLS,199710,-2.515825,,4.006958,-3.837872,3149
vi,OLS,199711,-2.974771,,0.132914,-2.725634,3129
vi,OLS,199712,0.752005,,0.186658,0.547105,3078
vi,OLS,199801,3.256449,,3.922226,2.177719,3051
vi,OLS,199802,4.672379,,-0.607149,-0.445119,3030
vi,OLS,199803,1.908653,,1.447769,-1.721295,2989
vi,OLS,199804,-1.957825,,-0.258098,-4.922636,2967
vi,OLS,199805,-7.067030,,7.125188,0.224157,2947
vi,OLS,199806,-6.204606,,0.633635,-1.774879,3174
vi,OLS,199807,-13.819734,,-2.082356,-10.065356,3138
vi,OLS,199808,-1.182303,,2.933318,6.843566,3110
vi,OLS,199809,3.146262,,1.082851,0.502086,3071
vi,OLS,199810,1.533419,,10.611687,0.486118,3018
vi,OLS,199811,-2.829535,,8.787050,-0.008360,2991
vi,OLS,199812,4.623607,,1.325239,0.247882,2950
vi,OLS,199901,-5.242898,,0.516151,-1.388083,2911
vi,OLS,199902,-2.939205,,-2.024328,4.544087,2889
vi,OLS,199903,8.729304,,-2.266370,2.992986,2850
vi,OLS,199904,5.760540,,0.378239,-3.403329,2821
vi,OLS,199905,2.667947,,3.057077,-0.159421,2798
vi,OLS,199906,4.465639,,-3.280256,-3.543978,3151
vi,OLS,199907,-2.447335,,0.061637,-1.635688,3124
vi,OLS,199908,-6.199142,,5.096510,2.942204,3088
vi,OLS,199909,-6.979178,,7.343325,2.695479,3050
vi,OLS,199910,7.200713,,1.911147,1.465254,3023
vi,OLS,199911,4.020046,,1.573025,7.882608,2975
vi,OLS,199912,13.154747,,-9.210935,-6.325197,2944
vi,OLS,200001,13.091158,,-0.695014,1.558771,2916
vi,OLS,200002,2.594891,,-1.216396,-0.574345,2890
vi,OLS,200003,-3.461149,,-3.033417,-5.024750,2850
vi,OLS,200004,-4.613253,,-1.755843,-1.179298,2827
vi,OLS,200005,5.903518,,-1.418572,2.787866,2804
vi,OLS,200006,6.959168,,-7.303400,-10.946692,3083
vi,OLS,200007,-0.310934,,3.547028,9.361034,3058
vi,OLS,200008,1.452615,,-3.544761,-8.545909,3018
vi,OLS,200009,-5.951229,,3.523944,-3.838171,2987
vi,OLS,200010,-0.643886,,-4.898672,-16.622250,2940
vi,OLS,200011,5.908196,,-8.164795,-5.220825,2902
vi,OLS,200012,6.063165,,13.072781,19.412716,2856
vi,OLS,200101,6.444600,,-6.810715,-18.042971,2819
vi,OLS,200102,0.134017,,-4.535846,-8.316202,2799
vi,OLS,200103,-0.941547,,5.424447,9.624617,2769
vi,OLS,200104,12.837665,,-5.008504,-6.849198,2733
vi,OLS,200105,-0.814023,,4.598687,-1.680050,2699
vi,OLS,200106,2.422965,,0.243635,-9.829146,2863
vi,OLS,200107,0.747579,,-0.361104,-8.338269,2836
vi,OLS,200108,-13.260831,,3.525741,-5.866490,2801
vi,OLS,200109,0.525000,,5.028235,8.763103,2777
vi,OLS,200110,1.828137,,7.383368,3.159477,2763
vi,OLS,200111,5.838794,,1.815921,-1.437342,2733
vi,OLS,200112,6.424750,,3.513926,-10.381256,2709
vi,OLS,200201,0.971195,,-0.637399,-6.558510,2687
vi,OLS,200202,12.159933,,-2.488610,-3.311948,2662
vi,OLS,200203,7.783151,,-0.044394,-14.127548,2637
vi,OLS,200204,2.155164,,-0.568567,-6.211837,2617
vi,OLS,200205,-1.606526,,0.009654,-11.318316,2594
vi,OLS,200206,-8.983936,,-3.466062,-4.596903,2786
vi,OLS,200207,-3.447514,,4.246140,1.061601,2763
vi,OLS,200208,-7.547992,,1.519005,-5.005640,2742
vi,OLS,200209,-2.273809,,6.189993,7.453334,2728
vi,OLS,200210,4.734624,,0.913349,16.382837,2695
vi,OLS,200211,0.170606,,-1.467211,-10.313012,2678
vi,OLS,200212,-0.865153,,1.140357,-1.624413,2649
vi,OLS,200301,-3.975793,,2.665150,-0.305348,2626
vi,OLS,200302,-3.351316,,4.133205,3.402900,2605
vi,OLS,200303,7.132169,,-0.397480,6.559726,2572
vi,OLS,200304,12.592445,,-6.144046,7.876333,2554
vi,OLS,200305,4.401272,,1.750051,-0.294187,2534
vi,OLS,200306,6.135989,,4.543932,-0.664992,2767
vi,OLS,200307,7.642557,,-1.455758,-2.413312,2748
vi,OLS,200308,6.182464,,-5.231487,-3.536398,2723
vi,OLS,200309,10.418764,,0.844248,-2.425303,2704
vi,OLS,200310,6.382935,,0.017356,-4.322501,2689
vi,OLS,200311,9.748544,,-9.103571,-2.655407,2671
vi,OLS,200312,9.491236,,-3.950312,-0.375195,2642
vi,OLS,200401,1.581318,,1.254539,-2.478187,2629
vi,OLS,200402,1.805175,,0.304144,-2.977916,2614
vi,OLS,200403,-2.641437,,0.827405,-0.822404,2601
vi,OLS,200404,1.287363,,0.159985,-1.924229,2585
vi,OLS,200405,6.204959,,-2.427882,-3.749597,2568
vi,OLS,200406,1.449660,,-6.429658,-10.894242,2646
vi,OLS,200407,0.354741,,-2.175970,-3.274195,2631
vi,OLS,200408,4.517336,,-0.222741,-0.059785,2617
vi,OLS,200409,-0.175539,,2.267078,1.563156,2608
vi,OLS,200410,9.302107,,0.343826,-0.183572,2594
vi,OLS,200411,5.272969,,0.600297,1.707509,2576
vi,OLS,200412,-0.062174,,-1.029030,-6.099012,2554
vi,OLS,200501,4.108110,,-3.017640,-2.100718,2541
vi,OLS,200502,0.203167,,1.031346,-6.833626,2527
vi,OLS,200503,-4.742763,,-0.046725,-3.383197,2514
vi,OLS,200504,1.960809,,3.543182,2.980279,2496
vi,OLS,200505,5.225786,,-1.457445,-3.245735,2479
vi,OLS,200506,7.079597,,-1.414190,1.234088,2540
vi,OLS,200507,1.993297,,-3.279791,-3.627837,2523
vi,OLS,200508,0.111049,,-0.800697,1.488243,2500
vi,OLS,200509,-3.974662,,2.003977,-1.087348,2485
vi,OLS,200510,3.301545,,1.704034,-0.755444,2467
vi,OLS,200511,-0.375142,,1.423645,0.601701,2453
vi,OLS,200512,9.795826,,-4.758814,1.607874,2432
vi,OLS,200601,-1.384454,,2.175496,0.244584,2409
vi,OLS,200602,4.632883,,-0.374075,-0.226630,2398
vi,OLS,200603,3.123566,,-2.181901,-2.713555,2380
vi,OLS,200604,-1.890438,,-2.376619,-5.160471,2369
vi,OLS,200605,-0.563233,,-0.251802,-1.670216,2354
vi,OLS,200606,-2.141672,,0.003179,-4.281275,2450
vi,OLS,200607,0.552173,,0.042321,3.266693,2439
vi,OLS,200608,-0.490682,,5.259138,-2.916060,2426
vi,OLS,200609,4.494896,,-0.611320,1.126909,2415
vi,OLS,200610,3.506548,,-2.349875,0.413684,2399
vi,OLS,200611,2.569660,,-0.262519,-2.854683,2384
vi,OLS,200612,1.672333,,1.153146,0.666760,2357
vi,OLS,200701,0.131486,,0.211497,0.214706,2329
vi,OLS,200702,-1.031384,,1.886858,0.708111,2318
vi,OLS,200703,3.056526,,-1.935243,0.971937,2297
vi,OLS,200704,2.577757,,0.448202,-0.301138,2280
vi,OLS,200705,-0.650058,,0.230853,-0.269528,2258
vi,OLS,200706,-4.322802,,0.185907,-0.692665,2385
vi,OLS,200707,-5.993112,,3.193139,4.645018,2368
vi,OLS,200708,-2.822126,,2.537929,4.964467,2341
vi,OLS,200709,1.189014,,-1.018790,2.744530,2323
vi,OLS,200710,-9.116552,,2.137288,-1.618182,2298
vi,OLS,200711,0.302926,,-1.063240,-2.082895,2275
vi,OLS,200712,-2.747008,,-3.448414,-3.178275,2249
vi,OLS,200801,0.497542,,-3.367105,-0.931511,2238
vi,OLS,200802,0.143558,,-0.841783,-2.575156,2230
vi,OLS,200803,2.418227,,0.208868,0.775306,2210
vi,OLS,200804,3.905699,,-1.000228,1.809964,2192
vi,OLS,200805,-7.279274,,-1.091560,-1.149042,2175
vi,OLS,200806,-0.381693,,1.985218,-1.119165,2339
vi,OLS,200807,1.362267,,4.837317,-2.206787,2323
vi,OLS,200808,-13.163988,,5.308248,-4.696598,2304
vi,OLS,200809,-24.430627,,4.356895,-2.832523,2293
vi,OLS,200810,-17.700772,,2.316877,4.014361,2272
vi,OLS,200811,7.928874,,-3.044895,-4.837520,2260
vi,OLS,200812,-8.395213,,1.132928,8.110610,2242
vi,OLS,200901,-16.947405,,9.995564,1.111756,2230
vi,OLS,200902,14.187054,,-2.523730,-1.399257,2215
vi,OLS,200903,34.274117,,-10.418178,-8.733996,2201
vi,OLS,200904,14.549050,,-10.222392,-1.451804,2182
vi,OLS,200905,2.354396,,2.151817,1.147502,2167
vi,OLS,200906,11.889078,,-4.063098,1.054826,2299
vi,OLS,200907,6.189130,,-1.056250,3.046898,2286
vi,OLS,200908,8.965394,,-3.338748,2.288094,2276
vi,OLS,200909,-5.310130,,4.354433,-5.417546,2267
vi,OLS,200910,10.547779,,-7.526081,-7.566055,2254
vi,OLS,200911,7.515960,,-1.003753,1.336565,2233
vi,OLS,200912,-1.582942,,-1.300905,0.467621,2220
vi,OLS,201001,6.197461,,0.308567,-3.295768,2207
vi,OLS,201002,6.368416,,3.138897,0.946775,2189
vi,OLS,201003,8.276181,,-2.094439,0.315535,2178
vi,OLS,201004,-7.591192,,2.246396,-2.884128,2164
vi,OLS,201005,-8.427351,,2.269586,-0.338941,2156
vi,OLS,201006,7.923891,,-4.051492,1.734247,2294
vi,OLS,201007,-7.585834,,1.690586,-0.063785,2273
vi,OLS,201008,7.282262,,5.904072,3.790480,2258
vi,OLS,201009,4.223472,,-0.073009,1.322739,2245
vi,OLS,201010,4.728864,,-1.042939,-1.986337,2232
vi,OLS,201011,10.512927,,-5.161941,0.658457,2209
vi,OLS,201012,3.022040,,-2.784370,0.863344,2185
vi,OLS,201101,6.567929,,-2.391188,-0.834733,2173
vi,OLS,201102,-0.331942,,2.594211,2.213762,2159
vi,OLS,201103,0.074137,,3.460126,0.287921,2147
vi,OLS,201104,-4.111882,,3.674173,0.839891,2134
vi,OLS,201105,0.015591,,0.176856,-4.247607,2119
vi,OLS,201106,0.846453,,-1.592914,-5.092013,2160
vi,OLS,201107,-9.250572,,2.130165,-2.666764,2152
vi,OLS,201108,-11.159689,,5.082796,-5.053793,2142
vi,OLS,201109,9.237781,,0.865232,7.464579,2132
vi,OLS,201110,0.952702,,-1.864296,-2.268990,2120
vi,OLS,201111,1.150878,,0.311041,-2.536117,2107
vi,OLS,201112,8.646259,,-2.268441,3.533073,2093
vi,OLS,201201,4.439367,,-0.988809,-0.378016,2081
vi,OLS,201202,2.195341,,3.030289,-2.072023,2073
vi,OLS,201203,0.251523,,-1.036033,-2.146639,2063
vi,OLS,201204,-6.141070,,1.450992,-4.438772,2052
vi,OLS,201205,5.749355,,-2.838145,-0.533869,2044
vi,OLS,201206,-0.869013,,-0.914121,0.257550,2102
vi,OLS,201207,-1.215114,,3.681775,4.604430,2086
vi,OLS,201208,3.712956,,-1.094005,0.718054,2076
vi,OLS,201209,-0.859051,,-0.834246,-2.094153,2063
vi,OLS,201210,1.893308,,-0.144732,-1.857159,2050
vi,OLS,201211,4.536956,,-1.898559,-1.061314,2037
vi,OLS,201212,10.070608,,-3.900538,-2.034519,2020
vi,OLS,201301,2.559033,,-1.128427,-2.593955,2013
vi,OLS,201302,3.376615,,0.404114,1.189261,2006
vi,OLS,201303,-4.173137,,4.641226,2.973996,1996
vi,OLS,201304,6.927110,,-0.959133,-1.364079,1987
vi,OLS,201305,-0.132225,,1.483135,-2.374027,1979
vi,OLS,201306,6.999541,,-0.567242,1.290094,2066
vi,OLS,201307,1.311892,,-2.823728,-3.305262,2052
vi,OLS,201308,8.479325,,-3.612527,-0.484364,2041
vi,OLS,201309,4.637364,,0.368463,-2.868837,2031
vi,OLS,201310,3.929074,,1.220905,-0.442409,2015
vi,OLS,201311,3.313093,,-1.891107,1.001350,2001
vi,OLS,201312,-2.190293,,-1.343271,3.796919,1989
vi,OLS,201401,7.611983,,-4.012901,-0.806851,1975
vi,OLS,201402,4.008127,,-3.610511,-3.615448,1961
vi,OLS,201403,-3.185244,,0.167471,-0.478243,1954
vi,OLS,201404,-0.336415,,-0.013322,0.592491,1948
vi,OLS,201405,3.473793,,-2.563163,4.320831,1938
vi,OLS,201406,-4.549700,,2.084968,-2.321248,1999
vi,OLS,201407,3.507265,,1.551190,0.235561,1990
vi,OLS,201408,-6.906148,,5.867551,-2.487885,1982
vi,OLS,201409,-1.879510,,8.167666,0.461882,1974
vi,OLS,201410,-1.024982,,4.256457,-2.138181,1962
vi,OLS,201411,0.343178,,4.862639,-3.155219,1956
vi,OLS,201412,-2.635829,,0.103664,-1.089742,1943
vi,OLS,201501,9.810595,,-7.330410,2.613396,1930
vi,OLS,201502,0.532467,,1.323479,-3.363014,1920
vi,OLS,201503,2.757640,,-4.465139,-0.850532,1907
vi,OLS,201504,-0.247140,,1.332614,-0.492398,1903
vi,OLS,201505,-1.865854,,3.420945,-1.638446,1896
vi,OLS,201506,-9.896932,,9.582240,1.906855,1957
vi,OLS,201507,-1.131343,,-2.705061,-2.946416,1941
vi,OLS,201508,-7.960591,,6.473472,-3.827926,1931
vi,OLS,201509,5.368679,,0.100784,1.796109,1919
vi,OLS,201510,2.264926,,-1.530971,0.506832,1903
vi,OLS,201511,-8.469738,,8.192047,-2.032324,1900
vi,OLS,201512,-7.697840,,4.519397,-6.382379,1882
vi,OLS,201601,3.845539,,-0.934809,-3.590460,1861
vi,OLS,201602,10.079946,,-4.722142,1.962449,1850
vi,OLS,201603,9.222021,,-10.410208,-0.704363,1838
vi,OLS,201604,-4.596932,,3.477306,5.118829,1824
vi,OLS,201605,4.646030,,-1.343792,-6.299398,1809
vi,OLS,201606,5.288811,,1.239169,0.181313,1886
vi,OLS,201607,3.825757,,-2.648441,-1.785281,1873
vi,OLS,201608,5.248398,,-5.742009,-0.918304,1862
vi,OLS,201609,-3.203395,,2.040233,-6.570227,1846
vi,OLS,201610,20.019418,,-12.173992,-9.293159,1841
vi,OLS,201611,5.276694,,-1.381179,-5.689592,1826
vi,OLS,201612,-2.451483,,0.828935,7.128578,1818
vi,OLS,201701,-6.923030,,8.090431,7.305119,1811
vi,OLS,201702,-0.664119,,1.625092,0.891739,1797
vi,OLS,201703,-1.111020,,3.875600,-0.344705,1787
vi,OLS,201704,-3.390944,,3.901487,-0.389196,1774
vi,OLS,201705,6.255284,,-4.667381,-2.736819,1762
vi,OLS,201706,-0.842421,,0.567936,0.564559,1858
vi,OLS,201707,-4.056075,,2.962759,1.816430,1854
vi,OLS,201708,9.564139,,-5.323808,0.193471,1841
vi,OLS,201709,-0.289784,,1.050580,0.442407,1828
vi,OLS,201710,6.265291,,-0.700603,-4.361869,1819
vi,OLS,201711,3.214337,,-2.294375,-1.451954,1807
vi,OLS,201712,2.351947,,-0.553000,1.951080,1794
vi,OLS,201801,-8.646298,,6.156212,1.911189,1790
vi,OLS,201802,-0.449621,,2.537437,-1.195214,1780
vi,OLS,201803,0.330356,,-0.096035,0.116866,1772
vi,OLS,201804,4.204824,,1.745803,-0.465439,1768
vi,OLS,201805,-1.857540,,5.807916,-0.691480,1763
vi,OLS,201806,3.085509,,-0.001924,-3.839677,1822
vi,OLS,201807,-4.390482,,10.500902,4.404476,1815
vi,OLS,201808,-2.841192,,0.562371,1.039777,1809
vi,OLS,201809,-7.058478,,0.168061,-7.325449,1805
vi,OLS,201810,-1.052510,,2.665081,-1.508336,1796
vi,OLS,201811,-12.691751,,5.211511,-6.026910,1782
vi,OLS,201812,7.764873,,0.731445,10.345957,1768
vi,OLS,201901,-0.329352,,4.367885,5.661620,1760
vi,OLS,201902,-4.112451,,0.907038,3.230491,1752
vi,OLS,201903,4.633436,,-0.603449,-3.736447,1740
vi,OLS,201904,-7.220694,,-1.015102,-3.420432,1733
vi,OLS,201905,3.352432,,2.460910,3.170973,1727
vi,OLS,201906,-1.574551,,2.488857,-0.433332,1822
vi,OLS,201907,-8.287007,,4.576765,0.659218,1809
vi,OLS,201908,10.974850,,-4.171868,-11.917302,1808
vi,OLS,201909,-0.430557,,2.772968,-2.012722,1797
vi,OLS,201910,0.459496,,1.093246,5.392103,1785
vi,OLS,201911,10.092724,,-8.941458,-2.413277,1775
vi,OLS,201912,-9.952944,,5.250003,9.731212,1760
vi,OLS,202001,-9.431765,,1.527300,1.560339,1758
vi,OLS,202002,-29.810819,,8.999209,3.587121,1754
vi,OLS,202003,19.367574,,-3.501766,6.970436,1746
vi,OLS,202004,-1.263366,,7.364143,9.746661,1741
vi,OLS,202005,-0.434684,,5.167257,8.658109,1729
vi,OLS,202006,-2.980596,,8.394250,7.006421,1784
vi,OLS,202007,6.194865,,0.210739,-1.526170,1774
vi,OLS,202008,-2.207809,,-0.259085,-1.591832,1769
vi,OLS,202009,0.834572,,2.064412,-1.596065,1760
vi,OLS,202010,20.804630,,-4.622404,6.608849,1754
vi,OLS,202011,8.332894,,-1.977195,2.717754,1748
vi,OLS,202012,17.740956,,-9.426865,-2.413483,1738
vi,OLS,202101,14.491075,,-6.682591,-2.338129,1732
vi,OLS,202102,12.165400,,-7.698467,-10.547361,1724
vi,OLS,202103,0.662621,,3.255239,-1.770980,1721
vi,OLS,202104,7.058654,,-4.639623,-4.096296,1709
vi,OLS,202105,-5.459510,,7.984265,9.091283,1704
vi,OLS,202106,0.012617,,3.542792,-9.646838,1775
vi,OLS,202107,2.153274,,-1.790207,1.010536,1769
vi,OLS,202108,1.380257,,-7.168651,-1.067167,1762
vi,OLS,202109,4.397262,,0.948808,-3.231693,1752
vi,OLS,202110,-0.541031,,2.053850,-10.417585,1744
vi,OLS,202111,7.222861,,-1.118466,-9.437489,1737
vi,OLS,202112,2.481344,,-9.857058,-8.863299,1724
vi,OLS,202201,5.258722,,-7.117777,-1.274753,1723
vi,OLS,202202,2.512958,,-5.186663,5.337071,1720
vi,OLS,202203,1.674816,,-5.455835,-16.751931,1709
vi,OLS,202204,6.887532,,-5.780239,-9.396482,1703
vi,OLS,202205,-6.434710,,-2.109039,-0.455503,1694
vi,OLS,202206,3.807031,,6.379398,3.159567,1786
vi,OLS,202207,-1.558037,,-3.501148,3.653991,1778
vi,OLS,202208,-11.351621,,1.872545,-3.092527,1771
vi,OLS,202209,18.053711,,-5.111492,-12.185343,1765
vi,OLS,202210,6.956573,,-0.409921,-7.626125,1755
vi,OLS,202211,-4.480278,,-0.977982,-1.989871,1749
vi,OLS,202212,10.714152,,-3.273951,9.230521,1743
vi,OLS,202301,-3.231961,,4.212950,-5.980033,1738
vi,OLS,202302,-5.068510,,4.028558,-2.945459,1727
vi,OLS,202303,-1.277766,,-1.084237,-1.834117,1716
vi,OLS,202304,-3.215469,,-0.246965,4.565933,1714
vi,OLS,202305,11.160255,,-0.797455,-7.603575,1704
vi,OLS,202306,4.923034,,0.821145,-2.719025,1829
vi,OLS,202307,-1.637350,,0.620327,-8.237767,1821
vi,OLS,202308,-1.756234,,-1.648749,-8.229745,1811
vi,OLS,202309,-1.192942,,-2.802483,-11.362724,1800
vi,OLS,202310,-4.353053,,12.971175,10.782599,1791
vi,OLS,202311,7.559379,,0.197843,6.925626,1782
vi,OLS,202312,-2.877790,,-0.226432,-1.091099,1771
vi,OLS,202401,7.563643,,-5.296034,0.382569,1765
vi,OLS,202402,6.149612,,-2.839727,-3.025986,1758
vi,OLS,202403,-4.904907,,-0.335027,-5.313510,1751
vi,OLS,202404,-1.799136,,8.987040,3.240396,1744
vi,OLS,202405,-12.022814,,9.698722,5.737688,1734
vi,OLS,202406,12.308741,,-6.912389,-3.084514,1949
vi,OLS,202407,-0.321231,,-0.858730,-3.940423,1935
vi,OLS,202408,0.469066,,1.043094,-1.001134,1926
vi,OLS,202409,-5.149769,,0.449986,5.648797,1917
vi,OLS,202410,5.218010,,5.770329,0.641183,1904
vi,OLS,202411,-10.929612,,6.553054,6.291838,1894
vi,OLS,202412,-2.120823,,5.893356,2.330794,1881
vi,WLS,197306,3.930120,,-0.537913,1.563965,1449
vi,WLS,197307,-2.153911,,-3.738243,0.410983,1449
vi,WLS,197308,17.166143,,-12.282617,-8.307404,1447
vi,WLS,197309,-1.114518,,-3.311649,3.493701,1446
vi,WLS,197310,-15.496642,,-3.471754,6.474404,1446
vi,WLS,197311,10.101520,,-16.375752,-1.042837,1446
vi,WLS,197312,6.900885,,11.040803,-18.174387,1445
vi,WLS,197401,3.864814,,-3.475080,-3.318705,1445
vi,WLS,197402,-3.806137,,4.141565,-0.951333,1443
vi,WLS,197403,-3.786951,,3.548824,-2.746303,1443
vi,WLS,197404,-8.737440,,5.358585,3.732452,1443
vi,WLS,197405,-1.048268,,-2.111718,0.833832,1442
vi,WLS,197406,2.361580,,-9.274699,-8.368531,1564
vi,WLS,197407,-4.502145,,-3.366408,-3.347927,1563
vi,WLS,197408,-0.653480,,-8.882362,-9.775107,1562
vi,WLS,197409,-4.320222,,-1.799616,27.075277,1558
vi,WLS,197410,-4.578417,,-1.449243,0.209407,1558
vi,WLS,197411,-0.386559,,-3.708665,-1.452826,1555
vi,WLS,197412,33.976281,,9.417745,-32.886225,1554
vi,WLS,197501,-6.399752,,7.397736,12.088399,1552
vi,WLS,197502,9.602060,,1.119738,-8.650028,1549
vi,WLS,197503,4.446638,,-4.440731,3.279976,1550
vi,WLS,197504,2.796832,,-0.997155,3.032201,1546
vi,WLS,197505,9.914473,,-4.601224,-4.270790,1547
vi,WLS,197506,1.144860,,-7.281056,-5.334365,1962
vi,WLS,197507,-2.368732,,-1.371606,0.861222,1961
vi,WLS,197508,-2.478692,,1.136049,-2.921072,1961
vi,WLS,197509,0.364941,,8.981907,1.251301,1962
vi,WLS,197510,2.939932,,4.640134,-3.263955,1963
vi,WLS,197511,2.724780,,-5.352905,-2.560436,1961
vi,WLS,197512,26.263670,,0.551667,-16.854718,1955
vi,WLS,197601,14.074324,,-2.331709,-15.744068,1954
vi,WLS,197602,0.497291,,-0.398302,2.673474,1947
vi,WLS,197603,2.282547,,-7.375382,-0.359846,1939
vi,WLS,197604,-1.602302,,-1.839019,1.204823,1933
vi,WLS,197605,6.217116,,2.464040,-4.251864,1925
vi,WLS,197606,0.645030,,2.519391,-4.521786,2381
vi,WLS,197607,-2.779484,,1.871758,1.509062,2374
vi,WLS,197608,4.359693,,-1.406924,-1.954573,2363
vi,WLS,197609,-3.532686,,-4.564449,3.890437,2357
vi,WLS,197610,5.631477,,-0.807502,-6.887799,2354
vi,WLS,197611,11.866975,,-1.718882,-7.859117,2346
vi,WLS,197612,7.366089,,-0.370376,-15.531518,2337
vi,WLS,197701,-1.932695,,1.398740,-0.605715,2322
vi,WLS,197702,0.610578,,1.100655,-3.717483,2317
vi,WLS,197703,7.289306,,-6.715146,-5.908913,2308
vi,WLS,197704,0.362594,,-0.780850,-2.500319,2299
vi,WLS,197705,2.080142,,5.859699,-0.411665,2284
vi,WLS,197706,-3.257386,,4.797864,-1.647846,2442
vi,WLS,197707,-9.531742,,6.694470,6.498538,2430
vi,WLS,197708,1.370610,,-2.104831,-1.262391,2417
vi,WLS,197709,-2.237746,,3.275788,-4.847876,2410
vi,WLS,197710,6.035260,,3.216290,-4.983694,2402
vi,WLS,197711,1.467166,,-0.181312,-1.329714,2391
vi,WLS,197712,-3.209885,,3.201401,-5.953119,2383
vi,WLS,197801,2.881679,,-0.540226,-5.766519,2361
vi,WLS,197802,8.632905,,-1.391713,-7.314035,2350
vi,WLS,197803,2.970223,,3.655216,5.719976,2340
vi,WLS,197804,4.197694,,3.112868,-5.235543,2326
vi,WLS,197805,-3.481741,,3.246878,-0.368259,2305
vi,WLS,197806,4.215976,,3.463467,-0.518824,2389
vi,WLS,197807,5.214427,,-0.710649,-1.633008,2376
vi,WLS,197808,3.117715,,-5.483370,-2.783811,2360
vi,WLS,197809,-16.790100,,-0.986036,8.034295,2350
vi,WLS,197810,3.910216,,-0.168474,-1.448853,2346
vi,WLS,197811,-2.931982,,3.090015,3.869121,2333
vi,WLS,197812,8.896698,,-1.092256,-6.541581,2326
vi,WLS,197901,-3.296887,,-4.056270,2.213447,2303
vi,WLS,197902,8.984779,,-1.994435,-3.421459,2292
vi,WLS,197903,2.351489,,0.917123,-3.903246,2290
vi,WLS,197904,-3.970918,,-0.800203,2.214394,2278
vi,WLS,197905,6.619728,,-5.876612,-0.918004,2266
vi,WLS,197906,4.788489,,-3.961629,-3.280699,2365
vi,WLS,197907,7.130816,,-1.288494,0.098816,2354
vi,WLS,197908,2.823123,,-5.067379,-1.498656,2341
vi,WLS,197909,-10.017452,,-2.515096,4.934437,2332
vi,WLS,197910,1.853461,,-5.690992,9.101988,2328
vi,WLS,197911,4.288484,,-6.892423,2.473595,2319
vi,WLS,197912,15.147645,,-13.436797,-3.426029,2303
vi,WLS,198001,5.912296,,-11.141005,-2.617408,2280
vi,WLS,198002,-20.658268,,11.207822,3.162922,2270
vi,WLS,198003,3.035880,,-4.451503,2.461861,2262
vi,WLS,198004,5.027964,,2.914937,-2.026267,2251
vi,WLS,198005,1.852683,,-5.862665,5.501645,2238
vi,WLS,198006,5.229972,,7.040690,-0.864674,2310
vi,WLS,198007,0.782242,,-3.743263,4.519456,2309
vi,WLS,198008,0.445643,,-8.156950,10.038668,2302
vi,WLS,198009,2.308897,,-7.064278,3.844765,2288
vi,WLS,198010,11.045111,,-17.679851,13.433442,2280
vi,WLS,198011,-9.543582,,10.604242,-1.037725,2269
vi,WLS,198012,-1.568713,,7.795477,-12.588802,2256
vi,WLS,198101,2.251819,,0.531860,-1.474721,2238
vi,WLS,198102,4.697225,,1.133120,-2.445974,2224
vi,WLS,198103,-3.169991,,10.890244,-8.114216,2212
vi,WLS,198104,-3.332871,,6.402872,-0.886470,2199
vi,WLS,198105,2.530122,,-3.812114,-5.218555,2191
vi,WLS,198106,-2.606203,,-6.994877,7.768643,2307
vi,WLS,198107,-7.308188,,3.228163,-3.641094,2298
vi,WLS,198108,-8.563943,,10.152396,-7.178863,2283
vi,WLS,198109,-2.394746,,-4.137678,15.792148,2266
vi,WLS,198110,4.415145,,-2.031106,-0.162474,2255
vi,WLS,198111,-2.760173,,5.015798,-5.377956,2251
vi,WLS,198112,-6.716752,,13.052520,-5.713285,2234
vi,WLS,198201,-1.798244,,9.564516,-16.078689,2227
vi,WLS,198202,2.221512,,2.344254,-9.028665,2212
vi,WLS,198203,0.712889,,2.399180,3.444676,2196
vi,WLS,198204,-1.311863,,1.024729,-5.224705,2182
vi,WLS,198205,-1.070481,,5.046363,-7.204303,2170
vi,WLS,198206,-8.195104,,10.348444,-0.983534,2355
vi,WLS,198207,14.186490,,-2.658294,-2.410013,2343
vi,WLS,198208,-1.143989,,4.482987,-0.736004,2334
vi,WLS,198209,10.938007,,-2.219632,3.033986,2315
vi,WLS,198210,0.511544,,9.283822,-1.103803,2303
vi,WLS,198211,2.519879,,-0.553240,-2.155667,2293
vi,WLS,198212,5.310284,,-4.617436,0.696807,2275
vi,WLS,198301,3.628259,,2.470988,-3.750870,2253
vi,WLS,198302,4.624506,,2.162647,-5.497568,2243
vi,WLS,198303,9.170224,,-0.697855,-4.664206,2230
vi,WLS,198304,1.136977,,-5.037199,3.365431,2220
vi,WLS,198305,3.183389,,1.505352,0.836444,2215
vi,WLS,198306,-1.573291,,0.592242,-5.753727,2386
vi,WLS,198307,4.527470,,-0.498938,-9.224189,2375
vi,WLS,198308,-3.288361,,6.103463,1.718307,2361
vi,WLS,198309,-1.132227,,3.182980,-7.431408,2352
vi,WLS,198310,3.494567,,-5.319194,3.387107,2344
vi,WLS,198311,0.548580,,0.216495,-3.363114,2338
vi,WLS,198312,7.063447,,-4.725875,-13.630525,2319
vi,WLS,198401,-0.864162,,0.703429,-8.225933,2304
vi,WLS,198402,0.952788,,-0.039243,0.288298,2284
vi,WLS,198403,0.142359,,3.386218,-4.041069,2268
vi,WLS,198404,-7.506047,,4.115751,-1.453759,2257
vi,WLS,198405,-2.697723,,3.543809,4.864261,2248
vi,WLS,198406,-5.379952,,6.133282,-2.329823,2513
vi,WLS,198407,10.955912,,-2.840877,3.209958,2497
vi,WLS,198408,1.115724,,1.313137,-8.964473,2480
vi,WLS,198409,-2.938007,,4.532161,-1.838435,2459
vi,WLS,198410,-1.054298,,0.762392,-3.955754,2440
vi,WLS,198411,-0.038632,,1.224001,1.246740,2418
vi,WLS,198412,5.442707,,-1.762122,9.182513,2397
vi,WLS,198501,1.874771,,1.505883,-3.725984,2376
vi,WLS,198502,-1.489124,,2.207712,-3.669381,2359
vi,WLS,198503,1.051780,,-1.231146,-4.937503,2351
vi,WLS,198504,2.007754,,4.044275,1.742451,2337
vi,WLS,198505,0.826884,,-0.426042,0.315487,2319
vi,WLS,198506,2.067336,,-1.749756,-1.039772,2538
vi,WLS,198507,0.000755,,0.370425,-3.294889,2522
vi,WLS,198508,-3.230808,,5.351412,-7.753261,2504
vi,WLS,198509,2.927254,,3.348652,-3.318096,2487
vi,WLS,198510,1.424958,,3.837469,6.395420,2473
vi,WLS,198511,-1.300339,,4.821578,4.668036,2451
vi,WLS,198512,-1.552797,,1.752630,1.071786,2430
vi,WLS,198601,8.734410,,-1.945717,-0.452048,2414
vi,WLS,198602,2.125149,,2.640752,2.208292,2395
vi,WLS,198603,-5.533435,,5.199165,3.563025,2376
vi,WLS,198604,4.126738,,3.501557,-2.537786,2356
vi,WLS,198605,-2.521447,,4.245789,0.564395,2342
vi,WLS,198606,-6.941425,,3.135912,-5.407247,2613
vi,WLS,198607,15.108144,,-7.541542,-9.523696,2591
vi,WLS,198608,1.181088,,-7.078343,-9.547987,2582
vi,WLS,198609,5.081999,,-1.841665,2.670761,2560
vi,WLS,198610,1.280054,,1.650677,-0.464524,2534
vi,WLS,198611,-2.997448,,0.292448,-0.599646,2502
vi,WLS,198612,13.959631,,-1.577765,1.476552,2448
vi,WLS,198701,-1.113269,,4.728796,8.440524,2426
vi,WLS,198702,10.004838,,-4.115951,-9.056934,2417
vi,WLS,198703,0.248969,,-0.581546,-2.034784,2393
vi,WLS,198704,-0.302058,,1.248979,0.499185,2376
vi,WLS,198705,3.931871,,2.072786,-1.958110,2367
vi,WLS,198706,5.695413,,-2.199026,1.496958,2719
vi,WLS,198707,1.103359,,3.207706,0.565458,2695
vi,WLS,198708,-1.213730,,-4.873534,2.421500,2677
vi,WLS,198709,-25.505384,,5.157126,-3.643172,2657
vi,WLS,198710,-5.665493,,-3.371882,-1.896998,2630
vi,WLS,198711,9.396415,,-0.101661,-1.724090,2603
vi,WLS,198712,7.598719,,-1.463239,-7.726334,2579
vi,WLS,198801,6.746140,,-0.370886,-1.143895,2558
vi,WLS,198802,2.387966,,-4.532225,-4.582080,2540
vi,WLS,198803,6.012754,,-3.078734,-6.955798,2518
vi,WLS,198804,1.193151,,-1.386653,-2.453710,2498
vi,WLS,198805,3.475685,,1.340469,1.768661,2472
vi,WLS,198806,0.223187,,-0.981953,-2.363570,2574
vi,WLS,198807,-5.583452,,0.910939,1.274861,2553
vi,WLS,198808,0.344552,,2.729250,3.173415,2527
vi,WLS,198809,4.053879,,0.375133,-4.165180,2505
vi,WLS,198810,-0.410265,,-1.314766,-1.886536,2484
vi,WLS,198811,-0.792097,,1.201608,3.506986,2458
vi,WLS,198812,8.030181,,-1.744194,-1.079885,2427
vi,WLS,198901,-2.347760,,-1.278807,0.557188,2408
vi,WLS,198902,1.202287,,-2.045519,2.259635,2383
vi,WLS,198903,2.194649,,-0.525741,4.942169,2366
vi,WLS,198904,0.021525,,-0.697588,6.486138,2355
vi,WLS,198905,-1.933166,,0.245129,-0.654642,2332
vi,WLS,198906,-1.080672,,7.173486,9.162218,2607
vi,WLS,198907,9.721893,,-5.335049,-9.064302,2588
vi,WLS,198908,-4.365529,,3.035941,2.953951,2565
vi,WLS,198909,-9.116748,,5.991463,4.131422,2543
vi,WLS,198910,-0.628130,,-0.773645,3.817092,2524
vi,WLS,198911,4.658458,,-1.753750,-3.527331,2500
vi,WLS,198912,-5.856353,,-1.772910,-1.257615,2474
vi,WLS,199001,4.608047,,-4.540795,-2.066843,2453
vi,WLS,199002,0.181812,,3.967174,1.406785,2438
vi,WLS,199003,-8.174211,,6.459653,3.420213,2421
vi,WLS,199004,3.686689,,5.965367,2.870138,2406
vi,WLS,199005,-8.546761,,6.373222,7.262652,2387
vi,WLS,199006,-0.978437,,-1.197153,0.943121,2726
vi,WLS,199007,-12.537616,,-0.185957,4.019384,2704
vi,WLS,199008,-6.927464,,1.078787,0.455423,2683
vi,WLS,199009,-9.982329,,8.714354,5.679463,2672
vi,WLS,199010,4.761794,,5.466327,-3.263489,2656
vi,WLS,199011,3.080515,,2.390814,-2.592714,2652
vi,WLS,199012,5.911283,,1.031321,-2.594428,2631
vi,WLS,199101,2.915880,,3.078737,4.387251,2617
vi,WLS,199102,-2.839175,,6.887903,3.223413,2603
vi,WLS,199103,1.441763,,-1.160536,-1.632138,2584
vi,WLS,199104,5.102443,,-0.517344,-0.817411,2569
vi,WLS,199105,-4.505481,,1.213987,-1.405496,2556
vi,WLS,199106,-2.666823,,5.725989,5.740048,2727
vi,WLS,199107,-4.734808,,5.424923,5.779761,2705
vi,WLS,199108,-2.427266,,-0.454533,0.368843,2692
vi,WLS,199109,2.717740,,1.386361,-3.432464,2684
vi,WLS,199110,-15.119599,,10.229473,8.047096,2667
vi,WLS,199111,-1.736947,,9.579386,12.266871,2651
vi,WLS,199112,12.190642,,-8.223802,-12.629428,2625
vi,WLS,199201,8.710574,,-2.544377,-9.110358,2616
vi,WLS,199202,1.368360,,-0.404182,-5.586238,2604
vi,WLS,199203,10.120298,,-8.691134,-5.968319,2593
vi,WLS,199204,-4.490689,,2.460931,4.738247,2582
vi,WLS,199205,-2.886559,,-4.024461,2.882093,2552
vi,WLS,199206,2.176353,,2.959334,-0.331559,2689
vi,WLS,199207,-3.916406,,2.933112,0.256581,2662
vi,WLS,199208,3.615655,,-3.239030,-1.676934,2639
vi,WLS,199209,-3.148707,,5.103001,1.357501,2627
vi,WLS,199210,0.866985,,1.121288,3.353100,2611
vi,WLS,199211,5.896315,,-4.958934,-3.805303,2603
vi,WLS,199212,8.285701,,-8.723667,-5.572636,2593
vi,WLS,199301,9.737349,,-6.831257,-9.482138,2579
vi,WLS,199302,4.429857,,-3.363254,-1.261581,2570
vi,WLS,199303,7.242012,,-9.511351,-8.325143,2550
vi,WLS,199304,1.707953,,2.183091,1.103658,2541
vi,WLS,199305,2.217871,,-4.290641,-1.106111,2534
vi,WLS,199306,6.507443,,-10.079286,-3.795547,2737
vi,WLS,199307,5.263252,,0.296698,-2.839985,2723
vi,WLS,199308,3.262756,,-1.987637,-4.811671,2715
vi,WLS,199309,-4.509071,,3.886091,8.402434,2707
vi,WLS,199310,-7.162488,,4.857801,6.168330,2698
vi,WLS,199311,5.039146,,-4.561962,-1.914769,2684
vi,WLS,199312,8.105648,,-7.667017,-1.380982,2666
vi,WLS,199401,-1.582208,,2.615074,-2.619342,2652
vi,WLS,199402,-1.328804,,-0.455126,-4.916205,2629
vi,WLS,199403,2.252984,,-0.704406,-2.027257,2616
vi,WLS,199404,2.829139,,-1.133261,-2.822307,2603
vi,WLS,199405,-1.544612,,0.040575,-2.178149,2587
vi,WLS,199406,1.907142,,-0.731099,2.185082,2826
vi,WLS,199407,0.382501,,8.178037,-0.325148,2818
vi,WLS,199408,-4.900959,,3.865754,1.842803,2802
vi,WLS,199409,3.684610,,1.304368,-4.377065,2787
vi,WLS,199410,-3.296257,,3.797890,-4.109183,2775
vi,WLS,199411,0.119173,,-1.114042,1.957778,2759
vi,WLS,199412,0.842861,,1.705688,-0.988565,2738
vi,WLS,199501,4.514472,,-1.791581,0.315195,2728
vi,WLS,199502,6.152643,,-1.343751,-4.209043,2712
vi,WLS,199503,6.647861,,-0.789302,-6.138180,2692
vi,WLS,199504,2.888437,,0.655538,-1.327663,2677
vi,WLS,199505,-0.409511,,4.873765,1.223446,2659
vi,WLS,199506,5.092454,,-1.928995,-0.860365,3034
vi,WLS,199507,-1.701067,,0.811988,1.482762,3014
vi,WLS,199508,-4.090911,,6.534501,6.180106,2993
vi,WLS,199509,-4.081995,,5.500506,-0.314182,2972
vi,WLS,199510,-1.561117,,-0.927418,8.883078,2956
vi,WLS,199511,7.251884,,-7.578934,-3.635464,2938
vi,WLS,199512,-2.385312,,1.539975,6.374260,2916
vi,WLS,199601,1.383053,,3.308727,-2.697393,2900
vi,WLS,199602,3.396086,,-5.633374,0.275524,2881
vi,WLS,199603,5.601598,,1.011375,-5.669517,2859
vi,WLS,199604,-0.182858,,5.419325,0.054405,2846
vi,WLS,199605,-6.330969,,3.682672,5.032480,2825
vi,WLS,199606,-4.436197,,0.900328,-3.229978,3225
vi,WLS,199607,4.420099,,-1.729925,-1.929803,3203
vi,WLS,199608,-3.259271,,9.363104,4.586634,3174
vi,WLS,199609,5.320523,,-3.883045,-4.324197,3154
vi,WLS,199610,5.732559,,2.773749,-1.716237,3138
vi,WLS,199611,2.650602,,-3.340014,-3.266425,3126
vi,WLS,199612,-0.733523,,8.666382,2.362489,3087
vi,WLS,199701,0.143452,,-0.150911,-1.575344,3067
vi,WLS,199702,9.654273,,-10.329212,-13.338509,3048
vi,WLS,199703,-7.893818,,12.790454,8.247549,3025
vi,WLS,199704,2.656187,,2.151542,4.308059,3007
vi,WLS,199705,0.194162,,2.606761,2.911862,2990
vi,WLS,199706,6.021208,,1.043945,0.705886,3256
vi,WLS,199707,12.598139,,-12.131031,-15.673112,3228
vi,WLS,199708,7.223111,,-3.738438,-1.506412,3203
vi,WLS,199709,-7.472145,,4.322813,0.361401,3175
vi,WLS,199710,-3.043086,,8.251628,1.722677,3149
vi,WLS,199711,-2.512907,,-0.568994,4.421166,3129
vi,WLS,199712,-7.698233,,9.801399,5.470024,3078
vi,WLS,199801,0.865368,,4.092344,6.680677,3051
vi,WLS,199802,0.143902,,-0.020773,6.480481,3030
vi,WLS,199803,0.124057,,-1.324886,1.549959,2989
vi,WLS,199804,-5.317867,,2.105979,2.367915,2967
vi,WLS,199805,-16.317356,,18.007809,14.668501,2947
vi,WLS,199806,-8.674204,,5.838137,4.063934,3174
vi,WLS,199807,-16.511260,,3.195107,0.649103,3138
vi,WLS,199808,7.043709,,0.974450,-0.907258,3110
vi,WLS,199809,10.799591,,-2.651569,-3.534713,3071
vi,WLS,199810,6.967089,,4.833498,-6.456320,3018
vi,WLS,199811,0.234028,,5.674648,3.257341,2991
vi,WLS,199812,-7.682784,,11.173187,7.948778,2950
vi,WLS,199901,-1.318243,,-5.496914,-0.327236,2911
vi,WLS,199902,-1.930110,,1.199920,6.994299,2889
vi,WLS,199903,25.821876,,-22.949163,-13.914681,2850
vi,WLS,199904,9.021947,,-4.603447,-13.126552,2821
vi,WLS,199905,2.685982,,5.569984,-1.351917,2798
vi,WLS,199906,2.426364,,-3.048166,-3.966934,3151
vi,WLS,199907,-17.097343,,13.692833,12.375263,3124
vi,WLS,199908,-2.474213,,-1.704561,0.136890,3088
vi,WLS,199909,-12.853289,,11.010540,14.895982,3050
vi,WLS,199910,-0.803312,,6.471717,1.023325,3023
vi,WLS,199911,-1.960562,,4.478394,8.731780,2975
vi,WLS,199912,1.320264,,-1.493500,-7.411422,2944
vi,WLS,200001,6.783219,,3.234522,-8.717633,2916
vi,WLS,200002,-5.432786,,5.319448,12.045084,2890
vi,WLS,200003,7.094020,,-3.018009,-12.839495,2850
vi,WLS,200004,0.155118,,0.507940,-6.584382,2827
vi,WLS,200005,-14.520987,,13.071093,16.416302,2804
vi,WLS,200006,3.621568,,-4.749587,-6.608054,3083
vi,WLS,200007,-2.931628,,1.380071,9.957717,3058
vi,WLS,200008,17.134537,,-8.775351,-27.387131,3018
vi,WLS,200009,16.457499,,-5.558303,-17.913893,2987
vi,WLS,200010,17.974516,,-1.257519,-36.248657,2940
vi,WLS,200011,40.253125,,-18.879152,-42.523537,2902
vi,WLS,200012,-1.211241,,-6.613931,13.058007,2856
vi,WLS,200101,38.304184,,-18.855279,-52.808963,2819
vi,WLS,200102,14.538007,,-12.265526,-21.113134,2799
vi,WLS,200103,0.086690,,-2.357924,12.470970,2769
vi,WLS,200104,11.121861,,-5.389859,-10.760661,2733
vi,WLS,200105,-2.114001,,2.355526,-2.683097,2699
vi,WLS,200106,-2.589518,,5.169293,-1.363304,2863
vi,WLS,200107,7.523483,,-1.568645,-17.975961,2836
vi,WLS,200108,-25.845499,,9.324278,16.294377,2801
vi,WLS,200109,2.086130,,5.254153,-2.702155,2777
vi,WLS,200110,9.314914,,0.528320,-2.529351,2763
vi,WLS,200111,17.115949,,-8.016753,-16.187546,2733
vi,WLS,200112,-2.733313,,7.117537,-1.841561,2709
vi,WLS,200201,3.856511,,-1.893316,-6.294912,2687
vi,WLS,200202,15.567230,,-8.014138,-10.324179,2662
vi,WLS,200203,7.404468,,0.043228,-18.558586,2637
vi,WLS,200204,3.714299,,-5.320446,-1.971155,2617
vi,WLS,200205,-5.583539,,1.981464,-4.210862,2594
vi,WLS,200206,-20.005603,,11.140559,7.388366,2786
vi,WLS,200207,-1.523296,,2.955422,-0.470643,2763
vi,WLS,200208,-9.953773,,3.304019,-2.958532,2742
vi,WLS,200209,-6.640704,,7.147486,16.661170,2728
vi,WLS,200210,6.782057,,-7.946731,6.093727,2695
vi,WLS,200211,2.657094,,-0.829772,-12.427342,2678
vi,WLS,200212,-7.468432,,3.014680,4.290671,2649
vi,WLS,200301,-8.110676,,5.551092,5.146487,2626
vi,WLS,200302,-4.511190,,5.772836,3.255461,2605
vi,WLS,200303,6.116383,,-4.600968,4.851690,2572
vi,WLS,200304,17.560163,,-10.112963,-8.851956,2554
vi,WLS,200305,0.796686,,1.448507,-0.007794,2534
vi,WLS,200306,4.041684,,-0.079314,-2.411942,2767
vi,WLS,200307,16.544591,,-8.927237,-12.786531,2748
vi,WLS,200308,-8.895837,,5.987339,5.227670,2723
vi,WLS,200309,17.778129,,-5.299878,-13.016793,2704
vi,WLS,200310,8.510224,,-3.384617,-7.560257,2689
vi,WLS,200311,3.685734,,-6.971991,6.494677,2671
vi,WLS,200312,3.122860,,0.089219,-2.994086,2642
vi,WLS,200401,4.892852,,0.386539,-6.181942,2629
vi,WLS,200402,1.008121,,-0.772370,-2.842613,2614
vi,WLS,200403,-10.338300,,6.225268,9.102046,2601
vi,WLS,200404,-0.829256,,1.908913,1.239997,2585
vi,WLS,200405,7.317662,,-5.447499,-3.335168,2568
vi,WLS,200406,6.902058,,-8.433224,-11.966488,2646
vi,WLS,200407,1.929167,,-0.852258,-4.325094,2631
vi,WLS,200408,9.243743,,-8.275506,-5.058222,2617
vi,WLS,200409,2.447255,,1.131249,-2.249351,2608
vi,WLS,200410,12.138823,,-8.851060,-5.177367,2594
vi,WLS,200411,-0.559491,,4.502461,2.702804,2576
vi,WLS,200412,1.735562,,-0.814119,-6.872602,2554
vi,WLS,200501,13.206416,,-9.922949,-8.749351,2541
vi,WLS,200502,-0.248286,,0.818115,-3.120711,2527
vi,WLS,200503,-9.379010,,5.640779,6.165164,2514
vi,WLS,200504,0.941814,,3.073346,2.219798,2496
vi,WLS,200505,7.882457,,-5.445478,-8.846032,2479
vi,WLS,200506,7.070347,,-1.741380,-2.668650,2540
vi,WLS,200507,3.800675,,-6.265189,-3.063917,2523
vi,WLS,200508,6.033683,,-6.730053,-4.145775,2500
vi,WLS,200509,-9.567179,,6.879400,6.016772,2485
vi,WLS,200510,2.317748,,0.018963,2.260277,2467
vi,WLS,200511,1.593150,,-2.525650,-1.572002,2453
vi,WLS,200512,13.298211,,-9.073360,-9.033383,2432
vi,WLS,200601,-3.542265,,3.181661,2.171255,2409
vi,WLS,200602,5.096044,,-3.792243,-1.962137,2398
vi,WLS,200603,6.350430,,-6.311945,-5.060232,2380
vi,WLS,200604,-1.168948,,-1.967990,-2.425171,2369
vi,WLS,200605,2.306028,,-1.225141,-3.409194,2354
vi,WLS,200606,1.278254,,-0.680335,-3.896186,2450
vi,WLS,200607,-5.283196,,6.482707,6.743281,2439
vi,WLS,200608,-1.101681,,4.312570,1.284403,2426
vi,WLS,200609,4.604965,,-0.987688,-1.680361,2415
vi,WLS,200610,5.559129,,-5.119774,-1.893336,2399
vi,WLS,200611,2.760485,,-2.710789,-1.686295,2384
vi,WLS,200612,-0.620399,,2.562993,1.689867,2357
vi,WLS,200701,-0.407357,,-2.462683,0.039018,2329
vi,WLS,200702,3.766242,,-3.587460,-1.964908,2318
vi,WLS,200703,0.346722,,2.756634,3.531382,2297
vi,WLS,200704,8.128126,,-5.335622,-3.078913,2280
vi,WLS,200705,0.509225,,-1.888279,-1.354919,2258
vi,WLS,200706,-6.562637,,1.156780,6.263174,2385
vi,WLS,200707,-3.578061,,3.993347,3.911193,2368
vi,WLS,200708,-0.369845,,-0.001421,7.067249,2341
vi,WLS,200709,-6.120630,,5.652124,9.569701,2323
vi,WLS,200710,-5.681645,,3.587235,-1.676519,2298
vi,WLS,200711,2.168644,,-3.275112,-0.690586,2275
vi,WLS,200712,-3.316219,,-1.143116,-5.649875,2249
vi,WLS,200801,6.115523,,-6.082548,-7.573349,2238
vi,WLS,200802,-4.513540,,3.307662,5.331738,2230
vi,WLS,200803,10.162238,,-4.369811,-6.729266,2210
vi,WLS,200804,5.753233,,-3.178114,-1.888832,2192
vi,WLS,200805,-4.762557,,0.896768,-4.668670,2175
vi,WLS,200806,-3.670094,,6.614200,-2.603847,2339
vi,WLS,200807,3.444056,,2.859066,-5.195592,2323
vi,WLS,200808,-8.932991,,8.420289,-10.652350,2304
vi,WLS,200809,-24.206286,,12.802988,-0.459284,2293
vi,WLS,200810,-6.262521,,2.327314,-2.989510,2272
vi,WLS,200811,6.891443,,-1.574549,-6.617616,2260
vi,WLS,200812,-15.428073,,7.817305,8.177915,2242
vi,WLS,200901,-21.711721,,16.372335,5.736323,2230
vi,WLS,200902,5.008729,,3.944954,2.489064,2215
vi,WLS,200903,22.367757,,-16.815571,-5.555628,2201
vi,WLS,200904,1.204319,,-3.514109,8.258679,2182
vi,WLS,200905,-9.471769,,12.352639,5.621193,2167
vi,WLS,200906,13.612120,,-7.922963,-2.333564,2299
vi,WLS,200907,5.075746,,-3.091116,-1.712544,2286
vi,WLS,200908,9.017769,,-6.637419,-1.159117,2276
vi,WLS,200909,-9.757479,,9.961295,3.660994,2267
vi,WLS,200910,0.979378,,1.910053,6.698129,2254
vi,WLS,200911,9.504787,,-6.322806,-5.113114,2233
vi,WLS,200912,-5.632191,,1.626651,0.889267,2220
vi,WLS,201001,9.853005,,-4.233633,-6.445937,2207
vi,WLS,201002,9.503981,,-4.888576,-1.125989,2189
vi,WLS,201003,6.834082,,-5.605915,-2.268821,2178
vi,WLS,201004,-11.858915,,4.349790,2.878699,2164
vi,WLS,201005,-15.810002,,7.598663,9.925664,2156
vi,WLS,201006,6.082153,,-1.409054,2.983741,2294
vi,WLS,201007,-6.418291,,1.842394,1.989052,2273
vi,WLS,201008,5.982601,,3.109662,4.928960,2258
vi,WLS,201009,1.780103,,0.073270,4.566231,2245
vi,WLS,201010,3.746317,,-3.445503,-1.213983,2232
vi,WLS,201011,10.867307,,-7.582287,-1.305450,2209
vi,WLS,201012,3.542028,,-4.843745,1.750757,2185
vi,WLS,201101,8.770646,,-6.822099,-3.014830,2173
vi,WLS,201102,2.332572,,-2.168326,-0.251028,2159
vi,WLS,201103,2.882298,,3.307448,-1.915475,2147
vi,WLS,201104,-3.853643,,5.134108,0.184015,2134
vi,WLS,201105,-2.958752,,2.608821,0.452524,2119
vi,WLS,201106,-11.563477,,8.728250,9.205023,2160
vi,WLS,201107,-8.855189,,6.868336,-0.786407,2152
vi,WLS,201108,-11.287787,,10.611390,-2.791548,2142
vi,WLS,201109,16.178649,,-9.568864,0.469806,2132
vi,WLS,201110,6.503376,,-4.927679,-6.239246,2120
vi,WLS,201111,7.218107,,-4.274262,-8.520954,2107
vi,WLS,201112,-4.260409,,6.560532,10.902452,2093
vi,WLS,201201,-1.448720,,3.284842,6.850152,2081
vi,WLS,201202,-7.199519,,11.834670,6.450774,2073
vi,WLS,201203,-1.042002,,0.762133,0.293613,2063
vi,WLS,201204,-4.638815,,3.044913,-5.732451,2052
vi,WLS,201205,8.734871,,-5.035884,-4.172931,2044
vi,WLS,201206,3.901274,,-2.425351,-2.877590,2102
vi,WLS,201207,0.531621,,1.826676,1.890045,2086
vi,WLS,201208,2.661194,,-2.359734,1.288433,2076
vi,WLS,201209,5.308854,,-6.606665,-7.194575,2063
vi,WLS,201210,-1.329042,,1.512264,2.976831,2050
vi,WLS,201211,5.135852,,-6.220045,-1.948520,2037
vi,WLS,201212,12.787149,,-7.037465,-6.582737,2020
vi,WLS,201301,3.608259,,-2.097717,-2.501812,2013
vi,WLS,201302,4.828362,,-0.819266,-0.876767,2006
vi,WLS,201303,3.296625,,0.754345,-4.165904,1996
vi,WLS,201304,4.723427,,-1.756185,-2.531278,1987
vi,WLS,201305,2.035077,,-2.988705,-3.401218,1979
vi,WLS,201306,3.815034,,0.750445,2.290793,2066
vi,WLS,201307,-3.948069,,0.746974,2.163975,2052
vi,WLS,201308,1.489009,,0.747697,3.641887,2041
vi,WLS,201309,4.561711,,-0.678220,0.307623,2031
vi,WLS,201310,0.835144,,3.304193,0.561614,2015
vi,WLS,201311,5.812531,,-5.055984,-0.968083,2001
vi,WLS,201312,-5.891519,,-0.078582,3.938372,1989
vi,WLS,201401,6.343860,,0.045995,-2.290363,1975
vi,WLS,201402,8.335337,,-6.135815,-8.262974,1961
vi,WLS,201403,6.494087,,-5.751214,-5.107561,1954
vi,WLS,201404,1.722500,,-0.650574,1.474769,1948
vi,WLS,201405,4.217018,,-2.510131,-1.177416,1938
vi,WLS,201406,-2.068790,,1.759766,-0.964562,1999
vi,WLS,201407,-0.315633,,4.658736,3.820379,1990
vi,WLS,201408,-6.404562,,6.753241,1.260753,1982
vi,WLS,201409,-2.292203,,5.664412,2.784589,1974
vi,WLS,201410,-1.174278,,8.230198,-0.318767,1962
vi,WLS,201411,3.254684,,-2.174197,-5.087021,1956
vi,WLS,201412,-11.145601,,8.933544,7.711723,1943
vi,WLS,201501,4.293354,,-0.204768,4.413662,1930
vi,WLS,201502,-3.485977,,2.459089,0.942779,1920
vi,WLS,201503,0.368158,,-2.516768,3.456971,1907
vi,WLS,201504,-2.217513,,3.873286,2.534978,1903
vi,WLS,201505,-5.896436,,4.078284,3.067697,1896
vi,WLS,201506,-13.124003,,13.998984,11.804653,1957
vi,WLS,201507,-4.610740,,-0.761290,-1.657470,1941
vi,WLS,201508,-6.690270,,5.047399,1.974787,1931
vi,WLS,201509,5.523491,,-1.180854,6.305791,1919
vi,WLS,201510,-1.997104,,1.258598,3.154021,1903
vi,WLS,201511,-11.524017,,9.660635,6.989326,1900
vi,WLS,201512,3.371937,,-3.577683,-12.436181,1882
vi,WLS,201601,4.370158,,-3.648635,-2.919317,1861
vi,WLS,201602,7.922201,,-2.234092,0.559916,1850
vi,WLS,201603,5.183935,,-7.895675,-0.730790,1838
vi,WLS,201604,-4.924309,,6.707193,5.176194,1824
vi,WLS,201605,5.392274,,-3.701402,-4.520165,1809
vi,WLS,201606,-3.557324,,8.617467,5.516745,1886
vi,WLS,201607,3.092846,,-2.961970,-3.125694,1873
vi,WLS,201608,0.817629,,-1.338147,0.853769,1862
vi,WLS,201609,-2.397659,,-0.360360,-0.189935,1846
vi,WLS,201610,17.013083,,-14.883854,-8.946616,1841
vi,WLS,201611,3.508864,,-1.505298,-2.542723,1826
vi,WLS,201612,-8.016811,,6.949113,11.842350,1818
vi,WLS,201701,-0.436481,,6.009820,0.702435,1811
vi,WLS,201702,-1.389743,,3.430488,0.566662,1797
vi,WLS,201703,-3.909992,,5.737580,3.896557,1787
vi,WLS,201704,-7.219984,,8.680008,7.192707,1774
vi,WLS,201705,0.763262,,-1.689326,0.108340,1762
vi,WLS,201706,-3.718790,,3.816083,6.579289,1858
vi,WLS,201707,-1.608517,,2.395670,1.340627,1854
vi,WLS,201708,7.762268,,-6.820539,-3.065124,1841
vi,WLS,201709,-9.025766,,12.125764,8.678090,1828
vi,WLS,201710,6.425426,,0.318363,-6.105538,1819
vi,WLS,201711,4.498385,,-4.426623,-1.242958,1807
vi,WLS,201712,-15.234376,,17.935147,20.799954,1794
vi,WLS,201801,-14.438911,,9.771907,10.060327,1790
vi,WLS,201802,0.327363,,-1.713520,-2.978514,1780
vi,WLS,201803,-3.863956,,2.823268,4.833174,1772
vi,WLS,201804,-1.225156,,2.721129,5.644227,1768
vi,WLS,201805,-1.995396,,4.371615,0.276469,1763
vi,WLS,201806,5.505816,,-1.346987,-3.455017,1822
vi,WLS,201807,-8.668855,,14.080298,9.223432,1815
vi,WLS,201808,1.104195,,-1.469802,0.772827,1809
vi,WLS,201809,10.567308,,-14.464523,-19.779864,1805
vi,WLS,201810,-3.850437,,5.728975,3.032081,1796
vi,WLS,201811,-12.199386,,4.428714,0.475630,1782
vi,WLS,201812,0.952432,,3.826962,9.369920,1768
vi,WLS,201901,3.441779,,-0.801835,1.079586,1760
vi,WLS,201902,-3.464598,,4.526895,5.216264,1752
vi,WLS,201903,-3.288515,,5.569804,7.070794,1740
vi,WLS,201904,-6.806365,,-0.615728,-0.711768,1733
vi,WLS,201905,8.976863,,-1.667571,-0.270449,1727
vi,WLS,201906,-0.196691,,1.204853,0.436958,1822
vi,WLS,201907,-4.694129,,4.117491,-0.401796,1809
vi,WLS,201908,10.570543,,-7.510352,-9.006439,1808
vi,WLS,201909,-2.068867,,4.424626,3.360560,1797
vi,WLS,201910,-1.516313,,3.126109,6.751757,1785
vi,WLS,201911,2.713381,,0.877018,-0.287471,1775
vi,WLS,201912,-24.485529,,18.578054,24.628888,1760
vi,WLS,202001,-17.452043,,10.358035,6.729501,1758
vi,WLS,202002,-41.763036,,32.695001,20.182258,1754
vi,WLS,202003,11.701379,,3.205343,1.487481,1746
vi,WLS,202004,3.505188,,2.212537,1.469470,1741
vi,WLS,202005,-15.691372,,14.562246,18.804273,1729
vi,WLS,202006,-10.002077,,12.839621,16.380960,1784
vi,WLS,202007,-14.109121,,15.631173,24.798957,1774
vi,WLS,202008,5.429789,,-6.788323,-9.881857,1769
vi,WLS,202009,2.617213,,-4.903361,-4.869042,1760
vi,WLS,202010,21.964314,,-15.228680,-1.402692,1754
vi,WLS,202011,-1.986929,,1.722703,10.893911,1748
vi,WLS,202012,0.643696,,-1.749506,0.787926,1738
vi,WLS,202101,24.286302,,-20.606326,-18.152980,1732
vi,WLS,202102,16.670819,,-7.960404,-16.576378,1724
vi,WLS,202103,-6.546903,,9.896839,9.346901,1721
vi,WLS,202104,11.859381,,-9.621934,-11.176513,1709
vi,WLS,202105,-18.851986,,19.483097,19.572792,1704
vi,WLS,202106,-5.949602,,8.216275,4.776072,1775
vi,WLS,202107,-9.448930,,11.431760,9.998917,1769
vi,WLS,202108,0.246763,,-8.725682,1.175609,1762
vi,WLS,202109,-9.833904,,12.280142,17.110961,1752
vi,WLS,202110,-19.580264,,20.184228,12.785842,1744
vi,WLS,202111,18.108057,,-10.639995,-15.702888,1737
vi,WLS,202112,8.407919,,-15.431219,-9.426236,1724
vi,WLS,202201,1.993616,,-8.404126,1.494668,1723
vi,WLS,202202,-0.799214,,1.079688,8.267121,1720
vi,WLS,202203,12.875491,,-15.449754,-23.375702,1709
vi,WLS,202204,14.020227,,-15.233487,-8.786222,1703
vi,WLS,202205,-10.890437,,4.583497,-1.701536,1694
vi,WLS,202206,-9.128100,,15.203848,18.465204,1786
vi,WLS,202207,2.588217,,-7.718313,-3.189221,1778
vi,WLS,202208,-6.008423,,-1.580090,-4.738616,1771
vi,WLS,202209,29.037781,,-20.472054,-15.231609,1765
vi,WLS,202210,7.586469,,-0.115060,-5.716172,1755
vi,WLS,202211,7.334648,,-9.103633,-15.881613,1749
vi,WLS,202212,-6.311613,,9.469882,13.948326,1743
vi,WLS,202301,-14.413860,,9.436293,12.240374,1738
vi,WLS,202302,-17.416246,,23.554885,12.411225,1727
vi,WLS,202303,0.357977,,4.670014,-6.614998,1716
vi,WLS,202304,-32.374788,,27.693889,28.775750,1714
vi,WLS,202305,3.606301,,0.659952,6.175804,1704
vi,WLS,202306,6.240702,,-1.237552,-5.502374,1829
vi,WLS,202307,-7.951508,,7.268875,2.929167,1821
vi,WLS,202308,0.082198,,-2.990834,-6.439103,1811
vi,WLS,202309,-11.848168,,11.940708,1.048111,1800
vi,WLS,202310,-5.184601,,8.919327,16.090712,1791
vi,WLS,202311,12.496203,,-6.974299,-5.339922,1782
vi,WLS,202312,-10.282622,,13.212302,6.684444,1771
vi,WLS,202401,-5.066907,,15.192185,3.446996,1765
vi,WLS,202402,11.379049,,-6.658170,-7.725411,1758
vi,WLS,202403,-5.913644,,-0.467344,1.434677,1751
vi,WLS,202404,-7.929642,,12.838200,7.138802,1744
vi,WLS,202405,-20.570874,,23.621941,16.190309,1734
vi,WLS,202406,17.697200,,-19.185201,-10.051998,1949
vi,WLS,202407,-3.143193,,4.976695,1.321008,1935
vi,WLS,202408,1.091421,,-0.069633,2.521957,1926
vi,WLS,202409,-10.322378,,8.081050,6.479917,1917
vi,WLS,202410,5.686519,,-1.426186,2.846445,1904
vi,WLS,202411,-13.936774,,10.877037,7.100810,1894
vi,WLS,202412,15.913101,,-7.809716,-15.819470,1881
vii,OLS,197306,11.572632,-2.530584,-0.024233,4.276690,1447
vii,OLS,197307,-2.700569,-1.590851,-2.422803,-1.355772,1446
vii,OLS,197308,1.583368,6.270874,-4.163540,12.002072,1444
vii,OLS,197309,-1.528212,5.660235,-5.469185,2.686175,1443
vii,OLS,197310,-10.348304,-6.719147,-4.238251,-8.079958,1443
vii,OLS,197311,6.922803,-8.754491,-8.866541,-4.069856,1444
vii,OLS,197312,14.762733,7.337045,-0.870238,-8.813855,1443
vii,OLS,197401,-5.910604,8.155493,-0.226521,3.981262,1442
vii,OLS,197402,-0.304523,0.462854,3.297346,-3.716727,1440
vii,OLS,197403,-4.068934,0.844486,0.651773,-3.824963,1440
vii,OLS,197404,-5.783039,-3.081106,2.706901,-3.092971,1441
vii,OLS,197405,-2.191640,1.460749,-2.716351,-0.297726,1440
vii,OLS,197406,-13.373316,12.791107,-2.888601,5.431951,1563
vii,OLS,197407,-5.560439,-0.002699,-1.612151,-3.766315,1563
vii,OLS,197408,-12.453374,4.367604,1.552206,-1.218112,1562
vii,OLS,197409,14.254146,-8.200471,-5.070371,6.210137,1558
vii,OLS,197410,-0.804499,-6.767106,-1.495939,-1.105237,1558
vii,OLS,197411,0.379149,-10.567656,-0.798030,-4.835395,1555
vii,OLS,197412,22.829679,16.623952,5.028706,-8.267078,1554
vii,OLS,197501,6.473966,-3.398982,-2.083064,1.735148,1552
vii,OLS,197502,10.391323,0.344015,3.261075,-5.624936,1549
vii,OLS,197503,3.045288,-0.860398,-1.854083,4.251981,1550
vii,OLS,197504,9.400860,-2.763317,-0.906033,-1.609233,1546
vii,OLS,197505,12.671871,-3.314668,-0.561645,-6.037524,1547
vii,OLS,197506,1.437209,0.468566,-1.446422,-6.318954,1958
vii,OLS,197507,-4.739108,-2.711843,-0.187990,1.333391,1957
vii,OLS,197508,0.952293,-5.317319,1.237546,-6.434374,1956
vii,OLS,197509,-0.777086,-1.021726,4.208038,2.094387,1957
vii,OLS,197510,-2.008237,3.441761,5.853185,-0.036280,1958
vii,OLS,197511,-3.839459,3.280369,-2.004293,3.125426,1956
vii,OLS,197512,38.479471,-4.194762,-2.711694,-25.596230,1950
vii,OLS,197601,2.667733,17.320579,0.644169,-2.399277,1949
vii,OLS,197602,2.305804,-2.136259,2.014894,-2.365212,1942
vii,OLS,197603,2.549389,-3.944879,-2.657010,-2.194533,1934
vii,OLS,197604,-3.755444,-0.192398,-2.711908,4.961668,1928
vii,OLS,197605,1.913686,2.347790,-2.966125,3.537119,1920
vii,OLS,197606,-2.280791,2.136053,1.273617,-0.722625,2374
vii,OLS,197607,8.194357,-10.812728,0.542194,-11.405396,2367
vii,OLS,197608,3.729412,-2.640715,-0.758574,-1.097284,2356
vii,OLS,197609,2.398685,-5.029105,-1.518356,-4.201039,2350
vii,OLS,197610,8.109795,-5.126511,-1.528512,-4.871963,2347
vii,OLS,197611,8.169661,3.451840,-0.299522,-0.716352,2339
vii,OLS,197612,-1.868248,10.532543,-0.239406,-1.406646,2329
vii,OLS,197701,4.676179,-4.505550,0.872387,-7.194247,2314
vii,OLS,197702,3.269454,-1.280664,-1.880175,-2.815193,2308
vii,OLS,197703,2.719837,0.182687,-2.035320,-1.598414,2300
vii,OLS,197704,4.201503,-3.518679,1.187164,-6.325253,2291
vii,OLS,197705,-1.940912,7.294041,0.770024,6.874813,2276
vii,OLS,197706,0.573946,-0.299841,1.911902,-3.155150,2422
vii,OLS,197707,-1.866424,-2.082687,3.546850,-0.912790,2408
vii,OLS,197708,-1.486558,1.628092,1.448595,1.124083,2397
vii,OLS,197709,0.268630,-2.624454,1.443862,-5.602744,2386
vii,OLS,197710,5.415113,2.349184,0.881896,0.850877,2376
vii,OLS,197711,-2.564437,3.655901,0.681717,3.466169,2364
vii,OLS,197712,-3.420018,4.395388,-0.461572,-2.099373,2352
vii,OLS,197801,-0.436948,3.064587,2.647589,-0.938332,2329
vii,OLS,197802,4.396287,3.793486,-0.318207,1.227892,2319
vii,OLS,197803,2.571166,4.903253,1.650361,5.049854,2309
vii,OLS,197804,0.240024,5.722545,2.924863,3.860671,2293
vii,OLS,197805,-1.393312,1.199562,0.950643,-0.651766,2273
vii,OLS,197806,3.137026,0.521343,-1.366944,4.513124,2369
vii,OLS,197807,-0.859033,8.918389,3.720288,6.031324,2358
vii,OLS,197808,-4.730961,6.434884,-1.439344,2.700726,2342
vii,OLS,197809,-6.217852,-12.524757,-3.290342,-12.620428,2334
vii,OLS,197810,3.886083,-1.237417,1.313823,2.294350,2331
vii,OLS,197811,1.280808,-3.444597,0.580533,1.190354,2317
vii,OLS,197812,7.653943,5.810199,-2.286919,-0.233437,2309
vii,OLS,197901,-5.823640,3.474880,-0.740288,1.986270,2275
vii,OLS,197902,2.323376,5.619017,-2.578672,7.956344,2266
vii,OLS,197903,0.023021,3.261045,-1.511276,1.844609,2262
vii,OLS,197904,-3.549269,2.236431,0.048801,0.691228,2252
vii,OLS,197905,3.895042,1.409103,-5.763918,4.479088,2241
vii,OLS,197906,9.689549,-7.456211,-1.089314,-7.285452,2316
vii,OLS,197907,5.077042,0.705491,0.387571,3.544929,2301
vii,OLS,197908,-1.537786,0.420225,-1.908835,2.346553,2289
vii,OLS,197909,-2.200832,-8.224911,-0.711899,-7.724509,2278
vii,OLS,197910,-0.423181,3.513549,-1.804670,10.571800,2271
vii,OLS,197911,1.913896,3.306410,-3.118021,6.777202,2262
vii,OLS,197912,8.274388,5.307529,-7.264493,4.136027,2240
vii,OLS,198001,-2.166907,0.323854,-2.894305,1.236013,2207
vii,OLS,198002,-12.049071,-6.817863,3.767613,-7.908621,2200
vii,OLS,198003,1.104457,0.648769,0.063866,3.465148,2189
vii,OLS,198004,9.649348,-4.357487,1.386368,-2.988236,2179
vii,OLS,198005,3.977407,-1.002998,-1.792321,0.818917,2172
vii,OLS,198006,8.410511,-2.008003,2.751019,2.829708,2259
vii,OLS,198007,5.332610,-1.045187,0.288745,3.022657,2260
vii,OLS,198008,1.542703,0.430906,-0.445106,3.440431,2254
vii,OLS,198009,7.235915,-5.400980,-1.520274,-3.117278,2238
vii,OLS,198010,9.930315,-9.193765,-5.341245,5.579609,2234
vii,OLS,198011,-6.022266,-0.538395,4.901743,-2.151838,2226
vii,OLS,198012,-0.010992,4.393329,0.546436,-5.853042,2222
vii,OLS,198101,4.266792,-1.247813,-1.756507,-4.737178,2183
vii,OLS,198102,5.409995,1.649293,1.424324,0.676364,2174
vii,OLS,198103,-5.511856,6.373867,6.893048,1.740633,2165
vii,OLS,198104,0.578049,1.532250,1.207884,-0.202065,2154
vii,OLS,198105,2.462726,-0.670669,1.206505,-9.139503,2155
vii,OLS,198106,6.417917,-8.094696,-3.586007,-7.543404,2288
vii,OLS,198107,-0.948754,-4.014836,-0.394202,-11.151168,2283
vii,OLS,198108,-9.078420,0.655500,4.003842,-4.705515,2269
vii,OLS,198109,15.782958,-13.030826,-1.763831,-3.812159,2255
vii,OLS,198110,3.014809,-2.040945,0.886853,-3.112030,2248
vii,OLS,198111,-2.869087,-0.319340,4.665975,-3.808695,2245
vii,OLS,198112,-3.110388,1.808705,2.255233,-3.076712,2227
vii,OLS,198201,-7.159398,4.834079,3.222499,-3.780571,2210
vii,OLS,198202,-10.041817,7.493399,6.283946,2.658914,2197
vii,OLS,198203,-4.527438,5.876106,4.119282,7.320763,2185
vii,OLS,198204,0.997251,-3.843642,2.533737,-7.371903,2176
vii,OLS,198205,-10.747759,9.070269,3.631362,2.022541,2164
vii,OLS,198206,-3.402076,0.221687,4.813129,-2.681752,2350
vii,OLS,198207,12.386715,-7.436970,-1.960246,-1.918266,2339
vii,OLS,198208,-0.819632,1.915011,6.593464,-2.401186,2328
vii,OLS,198209,4.947775,3.973094,2.687078,8.258708,2307
vii,OLS,198210,-14.300805,21.070033,10.746098,13.488189,2295
vii,OLS,198211,-1.751224,3.008727,2.355351,1.355981,2286
vii,OLS,198212,13.386170,-1.844994,-8.204392,0.985939,2267
vii,OLS,198301,-4.489084,10.302788,7.242373,1.352632,2244
vii,OLS,198302,-7.631184,12.749107,4.263367,7.275790,2235
vii,OLS,198303,4.443174,2.982197,1.001358,-0.178042,2222
vii,OLS,198304,3.300665,4.607324,-2.945450,7.782055,2212
vii,OLS,198305,2.922775,1.346663,1.673389,0.291475,2207
vii,OLS,198306,-5.286066,6.051664,0.425149,-2.392557,2385
vii,OLS,198307,-1.368565,-0.474201,-0.219710,-4.240400,2374
vii,OLS,198308,0.677292,-0.517438,3.959049,-4.809668,2360
vii,OLS,198309,-6.734224,3.864940,0.427808,-3.475534,2350
vii,OLS,198310,4.545371,-1.389001,2.255540,-2.388603,2340
vii,OLS,198311,-0.819246,1.410535,-0.388343,-3.745211,2333
vii,OLS,198312,-2.897324,7.190217,-3.768460,0.696783,2313
vii,OLS,198401,-5.538862,1.443288,-1.762226,-1.633613,2299
vii,OLS,198402,1.466191,1.149685,0.494196,-3.580422,2280
vii,OLS,198403,0.475332,-1.989137,2.694747,-5.724925,2262
vii,OLS,198404,-5.149877,0.499609,2.950640,-4.091684,2250
vii,OLS,198405,2.005532,-3.652240,5.293590,-2.495149,2241
vii,OLS,198406,-1.613828,-2.575310,3.077120,-8.534856,2513
vii,OLS,198407,10.798259,-5.822885,3.641493,-0.454912,2496
vii,OLS,198408,2.215652,-0.176035,-1.064772,-6.182741,2478
vii,OLS,198409,3.197361,-5.824096,2.060409,-9.729290,2457
vii,OLS,198410,0.953617,-2.827376,1.834421,-9.030424,2438
vii,OLS,198411,2.005857,-3.660266,3.371057,-3.869111,2415
vii,OLS,198412,7.340948,-0.178659,1.882030,6.284553,2389
vii,OLS,198501,4.565828,-1.326672,-0.091429,-0.591537,2369
vii,OLS,198502,0.299966,-0.338384,-0.850897,-4.447981,2352
vii,OLS,198503,2.035670,-2.064073,-0.463836,-6.700201,2341
vii,OLS,198504,1.358114,-0.796906,4.145853,-1.754134,2327
vii,OLS,198505,-0.189272,-1.195826,3.212857,-2.837842,2309
vii,OLS,198506,6.092332,-3.032418,-1.791915,-3.723851,2538
vii,OLS,198507,1.094116,-0.932574,-1.120149,-2.941943,2519
vii,OLS,198508,-2.305169,-1.924179,1.725736,-6.913650,2500
vii,OLS,198509,5.363475,-4.710471,2.338947,-5.786321,2482
vii,OLS,198510,2.595965,-1.440972,5.558048,-0.078593,2467
vii,OLS,198511,8.200986,-7.686899,3.978758,-8.487373,2446
vii,OLS,198512,1.402855,-0.071104,-0.306700,2.282752,2423
vii,OLS,198601,10.365069,-6.532937,2.688458,-5.776207,2406
vii,OLS,198602,3.760966,1.440773,1.784616,-2.593371,2385
vii,OLS,198603,-0.656335,-0.498730,3.138718,-0.667302,2365
vii,OLS,198604,-1.138564,1.831000,5.127934,1.178479,2346
vii,OLS,198605,-5.812535,3.559876,4.842016,2.897642,2332
vii,OLS,198606,-10.095603,2.591394,1.650014,-1.594531,2611
vii,OLS,198607,8.138254,-2.198816,-4.607971,-5.193156,2589
vii,OLS,198608,-4.588620,3.657047,-4.191830,-2.188782,2579
vii,OLS,198609,7.545262,-6.872665,0.632094,-2.143650,2554
vii,OLS,198610,-0.754491,-0.527550,4.312724,-2.667791,2528
vii,OLS,198611,-6.432510,3.138266,4.081098,-1.859905,2497
vii,OLS,198612,15.740859,-2.918100,-4.063724,-0.300762,2440
vii,OLS,198701,3.532947,0.583059,1.448447,5.973992,2420
vii,OLS,198702,2.174826,4.566395,-4.535321,2.067524,2409
vii,OLS,198703,-1.988672,1.884037,-1.490429,-0.169427,2382
vii,OLS,198704,1.702116,0.757574,-1.616194,-1.110466,2366
vii,OLS,198705,1.459089,1.136256,1.927800,-1.062531,2354
vii,OLS,198706,-2.884029,10.684218,-1.115786,4.853889,2719
vii,OLS,198707,2.043874,-2.064228,4.279591,-4.010864,2692
vii,OLS,198708,-3.631794,2.698717,1.512608,0.225558,2673
vii,OLS,198709,-27.737620,0.878967,0.210216,-4.790631,2650
vii,OLS,198710,-1.340626,-1.083948,-1.244931,-5.779026,2623
vii,OLS,198711,7.600725,-5.584217,4.806716,-4.642701,2596
vii,OLS,198712,2.926055,3.685145,-1.099300,4.386431,2572
vii,OLS,198801,7.694455,-0.715939,2.288338,-2.227417,2551
vii,OLS,198802,4.708774,1.875768,-0.581907,-2.859938,2533
vii,OLS,198803,1.025061,1.821450,-0.219971,-0.781338,2506
vii,OLS,198804,-5.037658,3.643439,3.038810,-1.262417,2485
vii,OLS,198805,2.965853,0.088821,3.065266,1.153382,2458
vii,OLS,198806,0.431004,0.280289,-0.668513,-2.604212,2570
vii,OLS,198807,-3.487588,1.475283,1.213683,-1.660516,2548
vii,OLS,198808,2.345738,-2.508051,2.169558,-0.511191,2522
vii,OLS,198809,-0.843738,-0.493392,1.854180,-3.283882,2496
vii,OLS,198810,-1.086746,-2.060611,0.320087,-5.114640,2475
vii,OLS,198811,6.386685,-3.251531,0.344890,-4.329678,2449
vii,OLS,198812,1.265593,3.970931,0.236315,3.832805,2416
vii,OLS,198901,-2.132181,1.883852,2.159619,-0.516385,2396
vii,OLS,198902,0.922839,1.690085,-0.316952,0.889555,2373
vii,OLS,198903,4.906637,-1.939956,-0.558106,-1.198102,2355
vii,OLS,198904,-0.167957,1.525745,2.886749,1.020276,2344
vii,OLS,198905,-5.584097,5.063978,0.609064,0.642331,2318
vii,OLS,198906,6.139634,-4.857975,0.177420,-2.855661,2604
vii,OLS,198907,3.967759,-0.887627,-1.481330,-3.145796,2583
vii,OLS,198908,1.627896,-2.896596,0.304633,-1.590523,2558
vii,OLS,198909,1.859227,-7.003662,-2.021774,-6.843468,2536
vii,OLS,198910,2.474005,-3.842218,-2.717911,-1.402773,2515
vii,OLS,198911,0.829404,-2.086506,0.481240,-1.893873,2489
vii,OLS,198912,-3.017053,0.729380,-3.651996,-3.581221,2457
vii,OLS,199001,-2.723747,4.962157,-0.425471,4.242154,2436
vii,OLS,199002,1.788130,0.225844,2.933011,-0.689086,2424
vii,OLS,199003,-4.395188,-0.571492,2.653483,0.441800,2402
vii,OLS,199004,7.749178,-5.576902,-0.254354,1.134794,2387
vii,OLS,199005,-0.081396,-1.897913,0.638167,1.748755,2368
vii,OLS,199006,-1.904958,1.495335,-4.336941,-0.109393,2722
vii,OLS,199007,-9.564068,2.659252,-4.598377,-4.210579,2700
vii,OLS,199008,-7.155085,2.101597,-2.539941,-2.013851,2678
vii,OLS,199009,-4.017724,-2.432007,0.899721,-2.728754,2664
vii,OLS,199010,10.682866,-9.575026,0.668095,-3.966902,2649
vii,OLS,199011,9.508029,-9.984043,1.151452,-9.578962,2645
vii,OLS,199012,1.583601,7.454212,2.671800,5.691253,2623
vii,OLS,199101,16.677812,-4.972602,-3.582105,0.292298,2606
vii,OLS,199102,-0.991832,5.899235,5.985353,6.063396,2593
vii,OLS,199103,-2.602326,1.028070,4.785188,2.257001,2574
vii,OLS,199104,0.461259,-0.412448,3.357447,2.693685,2559
vii,OLS,199105,-2.496629,-0.556087,0.084190,-2.911396,2546
vii,OLS,199106,5.308116,-3.493284,-0.616433,-0.459210,2723
vii,OLS,199107,-4.889961,3.860312,6.123418,4.529203,2698
vii,OLS,199108,-3.662591,1.733576,1.327560,4.285533,2684
vii,OLS,199109,1.276613,-0.410821,-0.566506,3.349157,2676
vii,OLS,199110,-4.976123,0.589860,1.915633,1.056006,2657
vii,OLS,199111,19.088253,-15.445813,-2.041422,-11.501727,2638
vii,OLS,199112,-14.257627,28.017243,7.139099,20.529527,2610
vii,OLS,199201,-7.145134,12.230741,6.499525,4.936191,2596
vii,OLS,199202,-8.293356,8.807118,3.451396,1.364423,2585
vii,OLS,199203,1.350633,-1.369485,-3.029955,-6.197379,2568
vii,OLS,199204,0.654328,0.815325,-1.161837,-2.068394,2557
vii,OLS,199205,-5.673531,2.469327,-0.619299,-0.664517,2527
vii,OLS,199206,3.542513,-1.078630,-1.401293,-0.445285,2688
vii,OLS,199207,0.177739,-2.318694,0.402125,-4.511939,2658
vii,OLS,199208,3.220739,-0.775018,-2.408577,-0.188594,2632
vii,OLS,199209,4.729296,-3.058638,2.602917,-5.079382,2619
vii,OLS,199210,5.291749,-1.398276,5.632257,0.200560,2602
vii,OLS,199211,-0.880302,4.847962,3.549755,-0.419792,2593
vii,OLS,199212,-6.365565,14.116726,2.973167,5.958903,2581
vii,OLS,199301,-8.798679,11.006379,0.254419,3.398209,2565
vii,OLS,199302,-1.249409,4.652280,-0.100704,2.319722,2556
vii,OLS,199303,-3.014625,3.787897,-3.091109,-0.613469,2535
vii,OLS,199304,4.577293,0.371283,-0.270401,1.099617,2526
vii,OLS,199305,-7.482713,7.751836,1.028197,6.994494,2519
vii,OLS,199306,-1.787625,4.173567,-0.697407,0.544406,2734
vii,OLS,199307,11.212479,-6.131130,-5.187648,-2.049136,2720
vii,OLS,199308,0.159192,1.851431,2.023729,-0.026837,2712
vii,OLS,199309,-0.541923,4.669184,0.923407,4.140181,2702
vii,OLS,199310,-8.398669,5.051429,6.191846,2.049995,2693
vii,OLS,199311,2.498473,-0.790732,0.579214,-1.603530,2679
vii,OLS,199312,-5.226017,11.877999,1.077765,7.480306,2659
vii,OLS,199401,-4.815328,5.508129,3.315485,0.718531,2642
vii,OLS,199402,-5.020472,3.029882,0.179568,-2.620857,2620
vii,OLS,199403,-3.441207,3.118092,1.451930,0.006495,2605
vii,OLS,199404,2.097690,-0.129072,-2.669210,-1.872877,2591
vii,OLS,199405,-3.830095,2.709700,0.087803,-2.003615,2577
vii,OLS,199406,3.732516,-0.879700,-1.722391,-2.208190,2823
vii,OLS,199407,4.707439,-1.728413,2.024084,-1.941716,2814
vii,OLS,199408,-1.760396,3.241619,1.933390,-0.042385,2797
vii,OLS,199409,-1.117865,1.910234,2.893708,-1.701144,2781
vii,OLS,199410,-4.626879,0.982086,3.505903,-2.939411,2768
vii,OLS,199411,-2.997324,0.898351,2.320594,-1.025889,2752
vii,OLS,199412,6.369276,-2.768014,-2.599578,-1.236789,2729
vii,OLS,199501,4.596313,-1.238941,-0.188115,-1.564017,2717
vii,OLS,199502,5.081565,-3.152639,-1.013150,-2.238165,2700
vii,OLS,199503,-2.257144,4.132235,3.275294,1.961095,2679
vii,OLS,199504,8.001958,-2.618556,-5.234760,-4.335922,2662
vii,OLS,199505,3.658429,-3.732869,3.287274,3.277403,2642
vii,OLS,199506,2.643418,-1.404058,4.736610,1.636914,3029
vii,OLS,199507,1.251483,1.503038,-0.915801,2.534566,3009
vii,OLS,199508,2.764184,0.055865,-0.228376,-0.120463,2988
vii,OLS,199509,0.045500,-3.335094,-1.672629,-7.046707,2966
vii,OLS,199510,6.094991,-4.864337,-2.096160,-2.688110,2949
vii,OLS,199511,8.676785,-3.879759,-8.296819,-3.849921,2931
vii,OLS,199512,2.359200,1.834913,-3.931621,2.077549,2908
vii,OLS,199601,-3.834462,3.734938,5.658195,5.182366,2891
vii,OLS,199602,-0.350098,1.960384,1.592886,2.728385,2873
vii,OLS,199603,-0.084361,3.994270,4.375857,4.456570,2850
vii,OLS,199604,4.563987,2.025102,1.199341,3.764560,2836
vii,OLS,199605,-2.039428,1.548452,-2.402021,-3.556937,2814
vii,OLS,199606,-4.918108,1.384549,-2.771775,-7.701147,3221
vii,OLS,199607,10.635979,-4.428130,-4.588777,-4.397309,3199
vii,OLS,199608,4.588081,-3.000956,-0.401367,-0.488726,3169
vii,OLS,199609,1.286332,1.492104,-2.431456,-6.848969,3151
vii,OLS,199610,8.536746,-3.184569,-2.820333,-6.153365,3135
vii,OLS,199611,6.750330,-2.999432,-4.199944,-7.337574,3123
vii,OLS,199612,5.071660,-0.819846,-0.687442,3.522249,3083
vii,OLS,199701,-3.338071,4.570757,-0.004115,-2.964025,3060
vii,OLS,199702,-5.851318,6.527536,-1.031742,-3.861972,3043
vii,OLS,199703,-3.263130,0.990629,2.162824,-1.923527,3012
vii,OLS,199704,13.028515,-6.550101,-0.199728,-0.136198,2992
vii,OLS,199705,0.080076,4.290142,1.870633,0.784542,2975
vii,OLS,199706,6.048866,-2.053645,0.986454,-1.619841,3253
vii,OLS,199707,3.946523,-0.765573,-0.127283,-0.332639,3223
vii,OLS,199708,13.765913,-0.640515,-7.042292,-3.747591,3197
vii,OLS,199709,-2.814990,2.915585,-1.114385,-1.947815,3170
vii,OLS,199710,-4.086463,1.222964,4.854485,-2.831740,3143
vii,OLS,199711,-0.213760,-2.242107,-1.205927,-4.449332,3124
vii,OLS,199712,-2.098845,2.134615,1.638259,2.522671,3072
vii,OLS,199801,2.291152,0.773228,4.415556,2.796797,3043
vii,OLS,199802,-0.397386,4.104022,1.848380,2.849632,3021
vii,OLS,199803,-3.409790,4.308548,3.913132,1.921398,2978
vii,OLS,199804,-8.645555,5.360340,3.040119,-0.640996,2954
vii,OLS,199805,-8.745832,1.401019,7.899695,1.295992,2935
vii,OLS,199806,-9.407427,2.455681,2.291613,0.284361,3172
vii,OLS,199807,-14.266831,0.331303,-1.833292,-9.793091,3136
vii,OLS,199808,13.392977,-11.099572,-4.783470,-2.307412,3107
vii,OLS,199809,22.137593,-14.572017,-8.758293,-11.673528,3067
vii,OLS,199810,-3.367262,3.764196,13.151401,3.627863,3015
vii,OLS,199811,4.442519,-5.530568,4.965958,-4.641677,2988
vii,OLS,199812,-8.897553,10.226080,8.617013,8.622584,2944
vii,OLS,199901,-6.189316,0.752761,0.932145,-0.664136,2904
vii,OLS,199902,4.416976,-5.703801,-5.820469,-0.085400,2883
vii,OLS,199903,4.549744,3.248832,-0.102067,5.634605,2837
vii,OLS,199904,5.874838,-0.097050,0.274701,-3.312030,2808
vii,OLS,199905,4.783366,-1.525151,1.791614,-1.363470,2785
vii,OLS,199906,0.749868,2.864588,-1.386688,-1.144971,3150
vii,OLS,199907,-0.595103,-1.436799,-0.871732,-2.834409,3122
vii,OLS,199908,0.907378,-5.527530,1.493133,-1.638619,3086
vii,OLS,199909,2.001276,-7.085912,2.818465,-3.069076,3047
vii,OLS,199910,12.727730,-4.362456,-0.826841,-2.124836,3020
vii,OLS,199911,19.596215,-12.328295,-6.195848,-2.186556,2971
vii,OLS,199912,-5.154888,14.575024,-0.122548,5.390184,2937
vii,OLS,200001,9.386912,2.857877,1.250616,3.871472,2909
vii,OLS,200002,5.600993,-2.367967,-2.711288,-2.565166,2883
vii,OLS,200003,-2.234163,-0.944727,-3.671988,-5.773696,2842
vii,OLS,200004,-3.692500,-0.688435,-2.298445,-1.658689,2818
vii,OLS,200005,11.170344,-4.367420,-3.845577,-0.574851,2793
vii,OLS,200006,-5.502124,9.430682,-1.194620,-2.643777,3082
vii,OLS,200007,7.416206,-5.904349,-0.158014,4.216662,3057
vii,OLS,200008,-0.345378,1.370065,-2.678146,-7.346332,3017
vii,OLS,200009,2.505494,-6.456106,-0.558305,-9.480373,2985
vii,OLS,200010,-6.478641,4.494458,-2.128189,-12.749867,2938
vii,OLS,200011,12.719299,-5.257293,-11.373815,-9.758933,2900
vii,OLS,200012,-3.532122,7.426356,17.625543,25.770539,2853
vii,OLS,200101,-10.620499,13.110761,1.384926,-6.668279,2816
vii,OLS,200102,-11.253372,8.826346,0.836805,-0.699349,2795
vii,OLS,200103,11.888448,-10.009349,-0.599830,1.170509,2765
vii,OLS,200104,4.406051,6.567991,-1.093626,-1.203495,2730
vii,OLS,200105,3.249121,-3.115149,2.682111,-4.427611,2696
vii,OLS,200106,0.863031,1.284821,0.895595,-8.749933,2860
vii,OLS,200107,3.041714,-1.869133,-1.395864,-9.802229,2832
vii,OLS,200108,-10.468067,-2.228776,2.326484,-7.811717,2796
vii,OLS,200109,9.464553,-7.332687,1.296921,2.737018,2770
vii,OLS,200110,3.598595,-1.472708,6.594440,2.117868,2756
vii,OLS,200111,6.397219,-0.399422,1.505142,-1.782381,2726
vii,OLS,200112,-11.331633,14.479790,11.061312,1.445734,2697
vii,OLS,200201,1.257029,-0.154037,-0.673685,-7.064204,2675
vii,OLS,200202,8.689733,3.043097,-1.132009,-1.201912,2649
vii,OLS,200203,-4.361147,10.195279,4.849319,-6.023509,2622
vii,OLS,200204,-6.965606,7.152187,3.968416,-0.853529,2601
vii,OLS,200205,-2.861782,1.118836,0.431738,-10.485784,2579
vii,OLS,200206,-4.829972,-3.420488,-5.423631,-7.208342,2785
vii,OLS,200207,-5.165031,1.343061,5.088951,2.211451,2762
vii,OLS,200208,-4.882261,-2.228097,0.282892,-6.656527,2741
vii,OLS,200209,10.455702,-10.198084,0.099428,-0.889681,2725
vii,OLS,200210,-13.653267,15.023717,9.682058,27.916165,2692
vii,OLS,200211,1.231915,-0.903940,-1.956142,-10.943124,2675
vii,OLS,200212,-6.024683,4.168355,3.626946,1.641908,2645
vii,OLS,200301,-8.912971,4.094348,4.921191,2.906730,2622
vii,OLS,200302,-3.533595,0.131566,4.220579,3.591567,2601
vii,OLS,200303,8.577684,-1.171656,-1.062449,5.571829,2566
vii,OLS,200304,10.004602,0.482999,-3.817937,9.562016,2548
vii,OLS,200305,-6.226314,8.785404,6.522236,6.707097,2528
vii,OLS,200306,-10.131211,12.929829,13.276267,9.588986,2765
vii,OLS,200307,8.722153,-0.848656,-2.054457,-3.064181,2744
vii,OLS,200308,-8.505514,11.807841,2.512003,5.657257,2720
vii,OLS,200309,-5.712476,12.836638,9.443740,7.767668,2701
vii,OLS,200310,1.990759,3.608303,2.248757,-1.580900,2686
vii,OLS,200311,6.000902,2.974073,-7.083225,-0.294360,2668
vii,OLS,200312,-13.170488,17.872887,8.244736,13.884182,2637
vii,OLS,200401,-1.504177,2.394631,2.930574,-0.464002,2624
vii,OLS,200402,-0.189972,1.505177,1.392032,-1.646658,2609
vii,OLS,200403,-0.486184,-1.811374,-0.260890,-2.130046,2596
vii,OLS,200404,5.304256,-3.273760,-1.934583,-4.431459,2580
vii,OLS,200405,7.070542,-0.646000,-2.888429,-4.337129,2563
vii,OLS,200406,-3.759092,3.794452,-3.477325,-7.490749,2646
vii,OLS,200407,2.593491,-1.635868,-3.437056,-4.737723,2631
vii,OLS,200408,4.676154,-0.116329,-0.312028,-0.163401,2617
vii,OLS,200409,0.296421,-0.447217,2.068728,1.318136,2607
vii,OLS,200410,1.543295,5.754458,4.651578,4.857168,2592
vii,OLS,200411,4.916000,0.223841,0.825399,1.964116,2574
vii,OLS,200412,0.560111,-0.450271,-1.379224,-6.511766,2552
vii,OLS,200501,3.070257,0.896563,-2.526239,-1.509800,2538
vii,OLS,200502,-4.144430,3.351434,3.348480,-4.078065,2524
vii,OLS,200503,1.781658,-4.889925,-3.610325,-7.617815,2511
vii,OLS,200504,6.147227,-3.120709,1.250160,0.256257,2493
vii,OLS,200505,-2.616838,5.903321,2.803975,1.854602,2476
vii,OLS,200506,-1.180282,5.776336,3.396542,6.664209,2537
vii,OLS,200507,1.870641,0.036162,-3.181019,-3.509201,2520
vii,OLS,200508,-2.969953,2.203316,0.990713,3.449326,2496
vii,OLS,200509,0.257655,-3.066183,-0.406123,-3.770057,2478
vii,OLS,200510,4.891981,-1.346203,0.911289,-1.622188,2461
vii,OLS,200511,-5.031621,3.402993,4.025491,3.623102,2447
vii,OLS,200512,5.984086,2.595094,-2.486123,4.169398,2424
vii,OLS,200601,-1.565932,0.237382,2.187874,0.350178,2400
vii,OLS,200602,-4.597645,6.944984,4.715544,5.575679,2389
vii,OLS,200603,-5.585893,6.267934,2.770984,3.008891,2369
vii,OLS,200604,-3.126706,0.892281,-1.677269,-4.390511,2357
vii,OLS,200605,-1.346581,0.694696,0.102992,-1.188879,2340
vii,OLS,200606,-3.366553,0.856996,0.722910,-3.493183,2449
vii,OLS,200607,4.090155,-2.495833,-2.022486,0.998238,2437
vii,OLS,200608,-4.529997,2.829120,7.619373,-0.310256,2424
vii,OLS,200609,5.471683,-0.687085,-1.186389,0.506083,2412
vii,OLS,200610,4.240595,-0.552416,-2.765971,-0.029097,2396
vii,OLS,200611,-8.656439,8.116417,6.177893,4.267613,2381
vii,OLS,200612,-2.528597,3.089215,3.590384,3.204463,2352
vii,OLS,200701,-6.077019,4.496695,3.754571,4.168242,2324
vii,OLS,200702,2.160763,-2.284717,-0.049681,-1.188128,2313
vii,OLS,200703,7.738543,-3.419360,-4.395048,-2.383281,2290
vii,OLS,200704,2.276805,0.271692,0.511011,-0.004329,2273
vii,OLS,200705,-2.800068,1.660425,1.335029,1.158786,2251
vii,OLS,200706,-3.369535,-0.702254,-0.364912,-1.293543,2383
vii,OLS,200707,2.880159,-6.482252,-1.959514,-0.856703,2367
vii,OLS,200708,2.071693,-3.559843,-0.308481,1.927222,2340
vii,OLS,200709,10.496994,-6.840589,-6.386066,-2.991222,2322
vii,OLS,200710,-1.056963,-5.903679,-2.517736,-6.592079,2297
vii,OLS,200711,6.462316,-4.557770,-4.594889,-5.848861,2274
vii,OLS,200712,-3.540328,0.603755,-2.999031,-2.712000,2247
vii,OLS,200801,6.482198,-4.385317,-6.828678,-4.598460,2235
vii,OLS,200802,2.378629,-1.647577,-2.141465,-3.934238,2227
vii,OLS,200803,5.937017,-2.585340,-1.826922,-1.384492,2207
vii,OLS,200804,3.182744,0.367022,-0.475417,2.374422,2188
vii,OLS,200805,-12.052469,3.358032,1.758427,1.898481,2171
vii,OLS,200806,9.398150,-7.076138,-3.742312,-7.195593,2337
vii,OLS,200807,-3.904898,3.804327,7.927348,1.067188,2321
vii,OLS,200808,-9.168672,-2.894328,2.922372,-7.107822,2301
vii,OLS,200809,-12.610550,-8.624155,-2.536947,-10.133766,2290
vii,OLS,200810,4.217743,-16.008117,-10.482169,-9.528107,2269
vii,OLS,200811,23.944887,-11.631574,-12.490525,-14.643488,2256
vii,OLS,200812,-9.573645,0.894885,1.851438,8.688936,2237
vii,OLS,200901,-5.622978,-8.049556,2.961491,-5.902344,2225
vii,OLS,200902,6.390767,5.735600,2.001071,3.345331,2209
vii,OLS,200903,14.387368,15.219533,0.933274,2.991797,2192
vii,OLS,200904,1.751250,9.419448,-2.834487,6.528594,2174
vii,OLS,200905,-0.029917,1.770399,3.571325,2.520779,2161
vii,OLS,200906,1.473236,9.748453,1.204333,6.420234,2298
vii,OLS,200907,-20.691826,25.065252,12.600514,16.928938,2284
vii,OLS,200908,1.187664,7.251963,0.546377,6.345497,2273
vii,OLS,200909,-3.384037,-1.852046,3.399114,-6.363308,2264
vii,OLS,200910,12.686327,-1.965792,-8.619034,-8.685318,2250
vii,OLS,200911,5.511609,1.890338,-0.013556,2.367931,2228
vii,OLS,200912,-7.308117,5.306696,1.611506,3.470127,2212
vii,OLS,201001,3.289288,2.730498,1.772761,-1.745740,2199
vii,OLS,201002,-4.068603,9.727681,8.569042,6.297786,2179
vii,OLS,201003,-4.164733,12.163939,4.031560,6.271392,2168
vii,OLS,201004,-2.479749,-5.093661,-0.179089,-5.355363,2154
vii,OLS,201005,-0.356230,-7.803898,-1.726737,-4.316020,2146
vii,OLS,201006,10.705302,-2.240074,-5.623989,0.148771,2293
vii,OLS,201007,-4.285491,-2.670725,-0.183334,-1.934691,2272
vii,OLS,201008,4.538508,2.273542,7.364539,5.441316,2255
vii,OLS,201009,2.438153,1.319243,1.015630,2.412627,2240
vii,OLS,201010,4.087781,0.339993,-0.570932,-1.456204,2226
vii,OLS,201011,7.996196,1.631273,-3.532098,2.228912,2203
vii,OLS,201012,-3.229260,5.087147,0.668555,4.466176,2180
vii,OLS,201101,2.410352,3.515672,0.164232,0.830980,2168
vii,OLS,201102,2.647997,-2.550836,1.016275,0.667123,2154
vii,OLS,201103,5.993416,-4.912856,0.267509,-3.048860,2141
vii,OLS,201104,-0.764611,-2.739190,1.886708,-1.046550,2128
vii,OLS,201105,-1.180096,0.816518,0.905662,-3.439842,2114
vii,OLS,201106,-2.869534,2.614543,0.674476,-2.742315,2160
vii,OLS,201107,2.488347,-8.294452,-5.018110,-10.068177,2152
vii,OLS,201108,-6.436322,-3.317166,2.201934,-8.046924,2142
vii,OLS,201109,14.600455,-3.784146,-2.396917,4.081911,2131
vii,OLS,201110,4.050668,-2.178306,-3.744644,-4.247412,2119
vii,OLS,201111,-3.280866,3.131397,3.004592,0.264527,2106
vii,OLS,201112,12.084807,-2.453492,-4.334792,1.355568,2091
vii,OLS,201201,1.697110,1.967968,0.661352,1.326644,2080
vii,OLS,201202,-1.825826,2.872453,5.449829,0.459466,2072
vii,OLS,201203,0.599366,-0.257733,-1.241178,-2.358302,2061
vii,OLS,201204,-4.954690,-0.868436,0.790560,-5.255356,2049
vii,OLS,201205,6.461599,-0.502228,-3.325344,-0.877520,2041
vii,OLS,201206,2.927634,-2.815988,-3.207778,-2.025593,2102
vii,OLS,201207,-2.952513,1.289426,4.735378,5.644390,2086
vii,OLS,201208,1.854607,1.377898,0.034115,1.831177,2076
vii,OLS,201209,-4.030553,2.269956,1.171341,-0.166119,2060
vii,OLS,201210,2.416955,-0.714128,-0.225914,-2.004482,2047
vii,OLS,201211,-2.289012,4.772320,2.500426,3.141224,2034
vii,OLS,201212,7.072983,2.246286,-2.098659,-0.238461,2018
vii,OLS,201301,0.563369,1.413816,0.127543,-1.363702,2011
vii,OLS,201302,1.829280,0.958473,1.458990,2.226112,2004
vii,OLS,201303,-0.307885,-2.572791,2.099994,0.504797,1992
vii,OLS,201304,0.592534,4.618324,2.941077,2.482221,1983
vii,OLS,201305,-3.519760,2.409798,3.591297,-0.264570,1975
vii,OLS,201306,8.264070,-0.957209,-1.314992,0.532337,2066
vii,OLS,201307,1.686571,-0.283063,-3.045941,-3.529641,2052
vii,OLS,201308,6.821729,1.248043,-2.627122,0.509972,2041
vii,OLS,201309,-5.470463,7.629598,6.368932,3.166059,2030
vii,OLS,201310,9.659653,-4.179824,-2.242030,-4.008585,2013
vii,OLS,201311,0.365756,2.141892,-0.086484,2.801774,1999
vii,OLS,201312,-6.435937,2.967696,1.325494,6.470332,1986
vii,OLS,201401,9.545587,-1.352562,-5.210187,-2.063464,1972
vii,OLS,201402,-3.712140,5.744292,1.032815,1.045609,1958
vii,OLS,201403,-3.067728,-0.263046,0.191380,-0.422631,1950
vii,OLS,201404,0.095953,-0.428577,-0.245293,0.462248,1943
vii,OLS,201405,7.094185,-2.582535,-4.807983,2.065244,1933
vii,OLS,201406,-6.854898,1.639441,3.543662,-0.948565,1998
vii,OLS,201407,3.847230,-0.243604,1.337549,0.034958,1990
vii,OLS,201408,-1.523648,-3.860063,2.485483,-5.660597,1982
vii,OLS,201409,12.751465,-10.670127,-0.935495,-8.037803,1973
vii,OLS,201410,9.302147,-7.467721,-2.219327,-8.150673,1960
vii,OLS,201411,-1.197332,1.033870,5.873788,-2.209400,1954
vii,OLS,201412,5.590131,-5.854996,-5.104030,-5.983526,1940
vii,OLS,201501,16.394859,-4.759366,-11.267470,-1.631591,1927
vii,OLS,201502,8.579267,-5.782317,-3.677248,-8.224294,1917
vii,OLS,201503,-6.609988,6.789130,1.411860,4.618602,1904
vii,OLS,201504,7.843569,-5.748833,-3.811674,-5.282299,1900
vii,OLS,201505,4.998227,-5.047681,-0.842300,-5.621308,1893
vii,OLS,201506,18.536668,-19.822062,-8.844647,-14.508788,1956
vii,OLS,201507,-18.218485,11.568648,8.366450,7.050713,1938
vii,OLS,201508,-3.026445,-3.816254,3.496209,-6.461970,1928
vii,OLS,201509,6.484233,-0.963292,-0.530895,1.302880,1915
vii,OLS,201510,9.750685,-4.975686,-6.510050,-3.929441,1899
vii,OLS,201511,3.945804,-8.766261,0.199626,-9.042292,1896
vii,OLS,201512,-4.416808,-2.435713,2.428669,-8.060593,1877
vii,OLS,201601,6.368326,-1.858227,-2.502717,-4.989903,1858
vii,OLS,201602,-9.708298,13.317185,8.267328,13.705078,1847
vii,OLS,201603,-5.064038,9.550110,-0.988815,7.819178,1834
vii,OLS,201604,1.419669,-4.340812,-0.304985,1.727005,1821
vii,OLS,201605,-7.920590,8.872082,6.659979,0.936251,1806
vii,OLS,201606,1.183429,2.704901,3.989072,2.683580,1884
vii,OLS,201607,-1.974258,4.232483,1.107639,1.363221,1869
vii,OLS,201608,5.398291,-0.298661,-5.769547,-0.876331,1858
vii,OLS,201609,-0.381082,-2.057559,0.188133,-8.067820,1842
vii,OLS,201610,9.981250,7.210439,-5.679324,-3.724298,1837
vii,OLS,201611,1.216619,2.934374,1.155201,-3.332181,1821
vii,OLS,201612,-1.145978,-1.182790,0.113405,6.558461,1809
vii,OLS,201701,2.119137,-6.080632,2.020173,1.926852,1802
vii,OLS,201702,2.317583,-1.962547,-0.493379,-0.574569,1787
vii,OLS,201703,2.789379,-3.257908,1.582037,-2.231572,1778
vii,OLS,201704,2.751706,-4.826147,0.229163,-3.750149,1763
vii,OLS,201705,11.461530,-4.102516,-7.915257,-5.329096,1751
vii,OLS,201706,0.629628,-1.069353,-0.381017,-0.257870,1858
vii,OLS,201707,1.464034,-3.863720,-0.669745,-1.345475,1853
vii,OLS,201708,2.055255,5.141217,-0.319560,4.556054,1840
vii,OLS,201709,1.015050,-0.422529,-0.058470,-0.588914,1825
vii,OLS,201710,0.365322,3.923132,3.387384,-0.958698,1816
vii,OLS,201711,0.358671,2.073714,-0.528746,0.222004,1805
vii,OLS,201712,5.302008,-2.067404,-2.527758,0.322716,1791
vii,OLS,201801,-8.297978,-0.254943,5.949349,1.730567,1786
vii,OLS,201802,-2.266412,1.285210,3.639946,0.015873,1777
vii,OLS,201803,-1.062088,1.123099,0.686548,0.925801,1769
vii,OLS,201804,5.469632,-0.969475,0.872645,-1.008555,1765
vii,OLS,201805,-3.838018,1.449243,7.126732,0.265677,1760
vii,OLS,201806,8.532763,-4.038133,-3.410178,-6.898112,1822
vii,OLS,201807,1.595340,-4.367822,6.698445,1.003999,1813
vii,OLS,201808,1.433777,-3.170400,-2.089089,-1.369751,1807
vii,OLS,201809,-7.045448,-0.031244,0.176402,-7.320594,1803
vii,OLS,201810,12.491174,-10.041531,-5.829327,-9.083215,1794
vii,OLS,201811,-1.749221,-8.146147,-1.660020,-12.102352,1780
vii,OLS,201812,-3.699904,8.545778,7.857298,16.756096,1766
vii,OLS,201901,1.324927,-1.215712,3.315359,4.733731,1758
vii,OLS,201902,5.307603,-7.066759,-4.877005,-2.020457,1750
vii,OLS,201903,9.583755,-3.647670,-3.702510,-6.532399,1738
vii,OLS,201904,7.453996,-11.029743,-10.068281,-11.566768,1731
vii,OLS,201905,16.307697,-9.744079,-5.581870,-3.986212,1725
vii,OLS,201906,6.337404,-6.057798,-2.553832,-4.578095,1820
vii,OLS,201907,1.388279,-7.388797,-1.581947,-4.393140,1807
vii,OLS,201908,-3.501299,11.036323,5.097609,-4.341529,1806
vii,OLS,201909,13.630765,-10.774125,-6.131693,-9.362204,1794
vii,OLS,201910,15.566516,-11.520956,-8.500351,-2.576838,1782
vii,OLS,201911,-0.176055,7.799913,-2.426844,3.003826,1772
vii,OLS,201912,-0.153872,-7.523868,-0.957831,4.664900,1757
vii,OLS,202001,-1.818134,-5.843005,-3.306818,-2.421988,1755
vii,OLS,202002,3.113895,-25.295200,-11.842151,-13.419993,1751
vii,OLS,202003,-7.258853,20.652174,13.224969,20.766791,1743
vii,OLS,202004,-1.845944,0.444481,7.721591,10.040094,1738
vii,OLS,202005,-21.214394,16.190632,18.225712,19.371681,1726
vii,OLS,202006,-13.302543,8.399842,14.553571,12.152432,1783
vii,OLS,202007,3.047127,2.505541,2.048837,0.249810,1772
vii,OLS,202008,3.570084,-4.602427,-3.771578,-4.517543,1767
vii,OLS,202009,-0.613990,1.427204,2.759535,-0.988450,1757
vii,OLS,202010,-2.900716,20.106187,9.256594,17.633110,1751
vii,OLS,202011,1.639167,5.330772,2.008516,6.294265,1745
vii,OLS,202012,-24.791830,35.042924,16.005061,18.365764,1734
vii,OLS,202101,-0.772795,12.626371,2.408177,5.082043,1728
vii,OLS,202102,4.844746,6.003778,-3.316049,-6.924198,1720
vii,OLS,202103,5.648515,-4.197752,0.277572,-4.063860,1715
vii,OLS,202104,-6.360610,11.232005,3.287821,2.384496,1703
vii,OLS,202105,-12.001688,5.574982,11.756552,12.247137,1698
vii,OLS,202106,6.050415,-4.696981,-0.041630,-12.812607,1774
vii,OLS,202107,3.117464,-0.823073,-2.310057,0.540928,1767
vii,OLS,202108,-9.315971,8.317539,-0.795019,4.488976,1760
vii,OLS,202109,8.955580,-3.608156,-1.717539,-5.569542,1750
vii,OLS,202110,2.050989,-2.034648,0.524108,-11.764686,1742
vii,OLS,202111,4.346068,2.369132,0.500602,-8.013860,1735
vii,OLS,202112,-13.065804,12.249778,-0.680210,-0.936970,1721
vii,OLS,202201,-1.436287,5.334132,-3.222306,2.180635,1720
vii,OLS,202202,-3.610942,4.825728,-1.582944,8.492941,1717
vii,OLS,202203,-5.447191,5.791046,-1.369596,-13.198167,1705
vii,OLS,202204,-0.105457,5.686907,-1.828892,-5.844228,1699
vii,OLS,202205,6.591943,-10.360068,-9.677380,-7.133454,1690
vii,OLS,202206,11.560277,-5.772606,1.549455,-1.029390,1785
vii,OLS,202207,-4.714178,2.488548,-1.559133,5.191424,1775
vii,OLS,202208,2.136265,-10.362761,-6.417590,-10.164333,1768
vii,OLS,202209,12.899546,4.088366,-1.920207,-9.744799,1761
vii,OLS,202210,14.728799,-5.983820,-5.213453,-11.606154,1751
vii,OLS,202211,0.531448,-3.771146,-4.083478,-4.688068,1744
vii,OLS,202212,-0.736306,8.809695,3.744977,15.190482,1737
vii,OLS,202301,2.305311,-4.320295,0.841258,-8.786790,1732
vii,OLS,202302,6.796171,-9.084227,-3.333019,-9.026518,1721
vii,OLS,202303,2.647318,-2.988917,-3.497587,-3.924997,1710
vii,OLS,202304,2.784823,-4.626701,-3.963154,1.494511,1708
vii,OLS,202305,8.719398,1.955960,0.685281,-6.440806,1698
vii,OLS,202306,-4.366327,8.134311,6.293879,1.742338,1829
vii,OLS,202307,5.946786,-6.633248,-3.864903,-11.875963,1821
vii,OLS,202308,0.369360,-2.104830,-2.774648,-9.118975,1810
vii,OLS,202309,6.328565,-6.816966,-7.109747,-14.859080,1799
vii,OLS,202310,-6.422151,1.800004,14.193581,11.786531,1791
vii,OLS,202311,0.616614,6.120418,4.238011,10.309527,1781
vii,OLS,202312,4.380944,-6.426594,-4.418280,-4.605507,1769
vii,OLS,202401,13.031921,-4.986997,-8.391569,-2.191347,1763
vii,OLS,202402,2.792446,2.989074,-0.901077,-1.358837,1756
vii,OLS,202403,-1.744235,-2.939642,-2.100706,-6.782218,1748
vii,OLS,202404,-18.597785,14.825386,18.736820,11.377868,1741
vii,OLS,202405,-6.128221,-5.218269,6.287131,2.921913,1731
vii,OLS,202406,10.177346,1.866988,-5.651914,-2.091507,1949
vii,OLS,202407,8.069874,-7.248599,-5.826660,-7.959502,1932
vii,OLS,202408,4.565156,-3.555436,-1.751837,-2.747220,1923
vii,OLS,202409,-4.813120,-0.295593,0.267381,5.486046,1914
vii,OLS,202410,6.371369,-0.922691,5.002957,0.050407,1900
vii,OLS,202411,-22.642085,10.609255,13.339007,11.507621,1890
vii,OLS,202412,2.484270,-3.895482,3.094911,0.097778,1877
vii,WLS,197306,17.691983,-13.457159,-2.789653,-10.570639,1447
vii,WLS,197307,3.699201,-5.696373,-4.630962,-4.802777,1446
vii,WLS,197308,10.891190,6.149504,-11.316409,-2.721580,1444
vii,WLS,197309,-7.516050,6.223552,-2.343828,9.211435,1443
vii,WLS,197310,-44.819934,28.597210,0.915382,32.725149,1443
vii,WLS,197311,5.732256,4.251247,-15.709355,2.863309,1444
vii,WLS,197312,8.880065,-1.930986,10.736382,-19.944696,1443
vii,WLS,197401,-6.342789,9.921420,-1.912457,5.823293,1442
vii,WLS,197402,7.133371,-10.618516,2.447663,-10.728877,1440
vii,WLS,197403,3.989764,-7.570723,2.357357,-9.719233,1440
vii,WLS,197404,-1.093772,-7.441623,4.186126,-3.120264,1441
vii,WLS,197405,-11.764883,10.421655,-0.467359,10.441866,1440
vii,WLS,197406,0.942402,1.343343,-9.090827,-7.081660,1563
vii,WLS,197407,-26.904225,21.229950,-0.558581,17.042643,1563
vii,WLS,197408,-22.968817,21.161556,-6.007396,10.468966,1562
vii,WLS,197409,1.684984,-5.657142,-2.596823,21.644605,1558
vii,WLS,197410,-11.476567,6.468761,-0.554683,6.462972,1558
vii,WLS,197411,-10.411037,9.375851,-2.425430,7.647828,1555
vii,WLS,197412,31.695378,2.128976,9.713226,-30.821262,1554
vii,WLS,197501,-0.567176,-5.542677,6.668896,6.780956,1552
vii,WLS,197502,32.936608,-21.955988,-1.792851,-29.923322,1549
vii,WLS,197503,34.493852,-28.187640,-8.139940,-24.134072,1550
vii,WLS,197504,-6.236238,8.462764,0.100727,11.278688,1546
vii,WLS,197505,21.292744,-10.598696,-5.983182,-14.641674,1547
vii,WLS,197506,3.579233,-2.299423,-7.529473,-7.573352,1958
vii,WLS,197507,10.432439,-12.139642,-2.614860,-10.959121,1957
vii,WLS,197508,-3.728928,1.194048,1.262990,-1.770824,1956
vii,WLS,197509,3.042930,-2.552212,8.730594,-1.230843,1957
vii,WLS,197510,-3.852327,6.476809,5.271346,3.042054,1958
vii,WLS,197511,2.028519,0.663312,-5.290559,-1.912052,1956
vii,WLS,197512,26.732040,-0.448119,0.507247,-17.289666,1950
vii,WLS,197601,2.364985,11.223306,-1.290837,-4.815859,1949
vii,WLS,197602,0.611392,-0.110233,-0.411635,2.569757,1942
vii,WLS,197603,2.770410,-0.466080,-7.416225,-0.817595,1934
vii,WLS,197604,-7.272561,5.457372,-1.358575,6.522374,1928
vii,WLS,197605,-0.004937,5.994062,2.985466,1.581962,1920
vii,WLS,197606,-13.153989,13.271835,4.489776,7.866840,2374
vii,WLS,197607,-18.954661,15.589805,4.129540,16.052506,2367
vii,WLS,197608,8.961545,-4.429461,-2.044075,-6.095621,2356
vii,WLS,197609,-7.548653,3.877591,-4.008643,7.504139,2350
vii,WLS,197610,-8.400777,13.551604,1.141709,5.736499,2347
vii,WLS,197611,23.441430,-11.200222,-3.316321,-18.281571,2339
vii,WLS,197612,3.849846,3.412794,0.107392,-12.354082,2329
vii,WLS,197701,-9.452992,7.319004,2.440246,6.193373,2314
vii,WLS,197702,-3.201366,3.712236,1.634502,-0.271797,2308
vii,WLS,197703,12.086138,-4.665334,-7.379883,-10.260301,2300
vii,WLS,197704,-6.946322,7.117450,0.216081,4.144109,2291
vii,WLS,197705,4.973829,-2.811301,5.472386,-3.044959,2276
vii,WLS,197706,-6.107019,2.678345,5.408205,0.776668,2422
vii,WLS,197707,-10.810883,1.204933,6.965395,7.588989,2408
vii,WLS,197708,-0.453703,1.723170,-1.725651,0.295429,2397
vii,WLS,197709,-0.836882,-1.333851,2.981290,-6.042037,2386
vii,WLS,197710,2.954393,2.941667,3.867739,-2.354125,2376
vii,WLS,197711,-1.080789,2.419097,0.343954,0.855709,2364
vii,WLS,197712,-10.715480,7.151707,4.741076,0.495075,2352
vii,WLS,197801,-6.675965,9.095845,1.378952,2.503843,2329
vii,WLS,197802,6.269634,2.219028,-0.953791,-5.241632,2319
vii,WLS,197803,15.224404,-11.679880,1.189059,-4.875858,2309
vii,WLS,197804,2.248715,1.881618,3.553406,-3.595466,2293
vii,WLS,197805,-7.333026,3.683494,4.006737,2.970280,2273
vii,WLS,197806,18.617261,-13.598526,-0.197944,-12.063349,2369
vii,WLS,197807,4.731284,0.457455,-0.575021,-1.260460,2358
vii,WLS,197808,-4.592044,7.299495,-3.623351,3.476048,2342
vii,WLS,197809,-17.398423,0.572370,-0.852427,8.544724,2334
vii,WLS,197810,1.024928,2.742848,0.536542,0.893930,2331
vii,WLS,197811,0.713050,-3.471062,2.195188,0.920357,2317
vii,WLS,197812,6.047560,2.723449,-0.405849,-4.219833,2309
vii,WLS,197901,-12.902675,9.173466,-1.762928,10.101223,2275
vii,WLS,197902,12.484623,-3.344223,-2.826857,-6.298090,2266
vii,WLS,197903,5.389381,-2.916382,0.181006,-6.388782,2262
vii,WLS,197904,-9.528231,5.347217,0.522764,6.784791,2252
vii,WLS,197905,8.922191,-2.213819,-6.415588,-2.819886,2241
vii,WLS,197906,10.172297,-5.123178,-5.003220,-7.915091,2316
vii,WLS,197907,-0.969877,7.752154,0.186592,7.144617,2301
vii,WLS,197908,5.270922,-2.337872,-5.518329,-3.630930,2289
vii,WLS,197909,-6.242224,-3.616582,-3.218415,1.653724,2278
vii,WLS,197910,-14.061115,15.271436,-2.793763,22.990583,2271
vii,WLS,197911,-2.261948,6.285090,-5.708837,8.198957,2262
vii,WLS,197912,22.134739,-6.721869,-14.668153,-9.578256,2240
vii,WLS,198001,9.194255,-3.170801,-11.721786,-5.516737,2207
vii,WLS,198002,-4.613140,-15.545933,8.317106,-10.881289,2200
vii,WLS,198003,-7.457336,10.193284,-2.591636,11.688850,2189
vii,WLS,198004,-4.230454,8.986440,4.590359,6.080007,2179
vii,WLS,198005,-0.883637,2.638748,-5.386970,7.914147,2172
vii,WLS,198006,3.136776,2.012915,7.404087,0.968690,2259
vii,WLS,198007,1.697315,-0.873052,-3.902436,3.702753,2260
vii,WLS,198008,-4.057011,4.347550,-7.460330,14.060117,2254
vii,WLS,198009,4.397482,-2.007643,-7.407053,1.981579,2238
vii,WLS,198010,24.991284,-13.442348,-19.895932,0.972696,2234
vii,WLS,198011,-5.039718,-4.366813,9.917861,-5.079328,2226
vii,WLS,198012,-10.671867,8.862078,9.169025,-4.443498,2222
vii,WLS,198101,6.205132,-3.848993,-0.092203,-5.012489,2183
vii,WLS,198102,-18.516971,22.561154,4.722509,18.434196,2174
vii,WLS,198103,-9.549823,6.203062,11.912750,-2.428212,2165
vii,WLS,198104,-13.146443,9.541791,7.924600,7.917661,2154
vii,WLS,198105,4.091399,-1.523125,-4.065398,-6.600333,2155
vii,WLS,198106,29.510721,-29.886553,-12.365157,-20.465328,2288
vii,WLS,198107,6.850764,-13.197872,0.926704,-16.156684,2283
vii,WLS,198108,-11.466065,2.713885,10.616013,-4.613541,2269
vii,WLS,198109,5.225808,-7.105425,-5.363682,9.062292,2255
vii,WLS,198110,-8.289741,11.819109,0.006577,11.056881,2248
vii,WLS,198111,-7.588696,4.486861,5.802738,-1.128838,2245
vii,WLS,198112,-4.873929,-1.710977,12.748122,-7.334815,2227
vii,WLS,198201,-12.522823,9.967896,11.343814,-6.511983,2210
vii,WLS,198202,-1.429233,3.405042,2.945423,-5.788588,2197
vii,WLS,198203,-10.918038,10.805036,4.369195,13.743619,2185
vii,WLS,198204,28.746659,-27.949583,-4.177197,-31.688380,2176
vii,WLS,198205,-7.608157,6.083964,6.173843,-1.462477,2164
vii,WLS,198206,2.339113,-9.632371,7.917398,-9.783840,2350
vii,WLS,198207,0.102866,12.910521,0.457467,9.472760,2339
vii,WLS,198208,-0.177127,-0.872864,4.205602,-1.490240,2328
vii,WLS,198209,-4.110497,13.744648,1.076928,15.694871,2307
vii,WLS,198210,-3.227427,3.410911,10.091876,2.052689,2295
vii,WLS,198211,13.527230,-10.042320,-2.923043,-11.437379,2286
vii,WLS,198212,-2.038513,6.696867,-3.026073,6.820023,2267
vii,WLS,198301,7.584311,-3.609507,1.530370,-7.031110,2244
vii,WLS,198302,-3.988883,7.891057,4.073261,1.725231,2235
vii,WLS,198303,1.499395,7.022119,0.992210,1.750468,2222
vii,WLS,198304,-21.042968,20.293568,-0.139650,21.826050,2212
vii,WLS,198305,8.638387,-4.945200,0.309798,-3.688185,2207
vii,WLS,198306,-4.159371,2.365990,1.295035,-3.667800,2385
vii,WLS,198307,-1.464973,5.480304,1.108727,-4.388403,2374
vii,WLS,198308,-1.590047,-1.551145,5.647752,0.347496,2360
vii,WLS,198309,-0.769693,-0.329853,3.086428,-7.723271,2350
vii,WLS,198310,-6.560794,9.159415,-2.646061,11.463928,2340
vii,WLS,198311,9.156211,-7.833220,-2.092573,-10.240345,2333
vii,WLS,198312,4.582784,2.253066,-4.062771,-11.659263,2313
vii,WLS,198401,7.589634,-7.698428,-1.601736,-15.010628,2299
vii,WLS,198402,-9.832484,9.807031,2.964068,8.828359,2280
vii,WLS,198403,5.850290,-5.179266,1.788716,-8.538507,2262
vii,WLS,198404,2.262163,-8.891855,1.419915,-9.151671,2250
vii,WLS,198405,0.357860,-2.782936,2.713718,2.458326,2241
vii,WLS,198406,11.364722,-14.749386,-0.451257,-14.658354,2513
vii,WLS,198407,6.291551,4.105248,-1.061852,6.712298,2496
vii,WLS,198408,-0.706885,1.614208,2.034837,-7.632610,2478
vii,WLS,198409,5.186763,-7.152635,1.392416,-7.876598,2457
vii,WLS,198410,-1.830284,0.690285,1.069623,-3.389778,2438
vii,WLS,198411,2.604857,-2.317916,0.204471,-0.732394,2415
vii,WLS,198412,8.790299,-2.956655,-3.077509,6.737037,2389
vii,WLS,198501,2.432983,-0.492674,1.289130,-4.145191,2369
vii,WLS,198502,-7.797510,5.565773,4.668271,0.996336,2352
vii,WLS,198503,2.295073,-1.092229,-1.704483,-5.875197,2341
vii,WLS,198504,-1.775015,3.347822,5.506160,4.546141,2327
vii,WLS,198505,-1.227023,1.801158,0.323210,1.891065,2309
vii,WLS,198506,2.046918,0.017965,-1.742059,-1.024411,2538
vii,WLS,198507,-1.187905,1.048375,0.813045,-2.401456,2519
vii,WLS,198508,-3.508785,0.245569,5.455538,-7.545315,2500
vii,WLS,198509,1.829522,0.964726,3.754506,-2.488063,2482
vii,WLS,198510,7.247133,-5.117477,1.672872,2.010970,2467
vii,WLS,198511,4.834687,-5.391380,2.517620,0.089517,2446
vii,WLS,198512,-9.410503,6.865347,4.675315,6.962401,2423
vii,WLS,198601,17.802391,-7.964033,-5.343860,-7.321673,2406
vii,WLS,198602,6.117621,-3.513455,1.149531,-0.795567,2385
vii,WLS,198603,-2.975690,-2.255567,4.236533,1.659064,2365
vii,WLS,198604,-1.831117,5.270109,5.700366,1.907042,2346
vii,WLS,198605,1.266573,-3.340516,2.869488,-2.268314,2332
vii,WLS,198606,-3.878899,-2.667297,1.816986,-7.610699,2611
vii,WLS,198607,13.647968,1.272692,-6.920388,-8.462262,2589
vii,WLS,198608,-11.154408,10.721867,-1.804121,-0.565997,2579
vii,WLS,198609,2.446029,2.269585,-0.705913,4.583332,2554
vii,WLS,198610,2.837572,-1.337459,0.975468,-1.587823,2528
vii,WLS,198611,3.105535,-5.241187,-2.346304,-5.007030,2497
vii,WLS,198612,6.254150,6.594036,1.763838,7.011059,2440
vii,WLS,198701,-1.122613,0.008004,4.731242,8.449580,2420
vii,WLS,198702,4.546131,4.676302,-1.749499,-5.123952,2409
vii,WLS,198703,-8.084936,7.134352,3.042393,3.958373,2382
vii,WLS,198704,-1.973041,1.426721,1.975428,1.697277,2366
vii,WLS,198705,3.745011,0.162478,2.156197,-1.838784,2354
vii,WLS,198706,-2.289065,6.704805,2.001368,6.804525,2719
vii,WLS,198707,5.246037,-3.495694,1.061316,-2.182099,2692
vii,WLS,198708,-2.068348,0.720132,-4.434129,2.994330,2673
vii,WLS,198709,-20.348286,-4.328848,2.481483,-7.079192,2650
vii,WLS,198710,-9.098838,2.862987,-1.587041,0.402340,2623
vii,WLS,198711,13.091287,-3.086752,-2.047490,-4.158629,2596
vii,WLS,198712,2.115517,4.570027,1.382676,-4.102858,2572
vii,WLS,198801,-1.308043,6.757446,3.838974,4.190058,2551
vii,WLS,198802,-2.239231,3.895492,-2.120955,-1.525433,2533
vii,WLS,198803,0.128821,4.975639,0.000208,-3.072505,2506
vii,WLS,198804,5.800401,-3.917380,-3.808772,-5.462246,2485
vii,WLS,198805,2.428541,0.889623,1.884793,2.457862,2458
vii,WLS,198806,-4.478742,4.015536,1.255813,0.994854,2570
vii,WLS,198807,-11.788597,5.319240,3.848854,5.686713,2548
vii,WLS,198808,2.603700,-1.936499,1.660666,1.564697,2522
vii,WLS,198809,-0.499666,3.900700,2.533938,-0.924984,2496
vii,WLS,198810,-2.221178,1.544821,-0.452279,-0.600021,2475
vii,WLS,198811,-4.258397,2.947316,2.861204,5.965355,2449
vii,WLS,198812,7.633032,0.340767,-1.557972,-0.796672,2416
vii,WLS,198901,-10.280741,6.755873,2.506518,6.229266,2396
vii,WLS,198902,-6.389594,6.483691,1.596025,7.645619,2373
vii,WLS,198903,5.566576,-2.889868,-2.139654,2.556657,2355
vii,WLS,198904,3.103814,-2.624442,-2.184043,4.299099,2344
vii,WLS,198905,-3.941673,1.703399,1.216029,0.765502,2318
vii,WLS,198906,2.199162,-2.727027,5.374282,7.085298,2604
vii,WLS,198907,10.168574,-0.376698,-5.581677,-9.342110,2583
vii,WLS,198908,2.417372,-5.726242,-0.696112,-1.294168,2558
vii,WLS,198909,-5.188831,-3.308042,3.851471,1.659249,2536
vii,WLS,198910,2.965191,-3.016963,-2.734074,1.546891,2515
vii,WLS,198911,3.322939,1.127451,-1.023762,-2.686995,2489
vii,WLS,198912,-6.268174,0.347111,-1.550763,-0.994080,2457
vii,WLS,199001,-0.295530,4.108022,-1.832920,1.045391,2436
vii,WLS,199002,0.242135,-0.057806,3.926432,1.382425,2424
vii,WLS,199003,-2.900173,-4.436024,3.530001,0.137417,2402
vii,WLS,199004,12.351991,-7.277196,1.155886,-2.539480,2387
vii,WLS,199005,2.214098,-9.074597,0.427787,0.566765,2368
vii,WLS,199006,1.007595,-1.587813,-2.176345,-0.514223,2722
vii,WLS,199007,-10.375679,-1.747991,-1.249661,2.444254,2700
vii,WLS,199008,2.625327,-7.705494,-3.611801,-6.517588,2678
vii,WLS,199009,-12.514533,2.045372,9.974997,7.517672,2664
vii,WLS,199010,1.507212,2.643622,7.082326,-0.911217,2649
vii,WLS,199011,13.459563,-8.390303,-2.780361,-10.074392,2645
vii,WLS,199012,2.344089,2.871609,2.805414,-0.016826,2623
vii,WLS,199101,2.203811,0.575742,3.430919,4.904159,2606
vii,WLS,199102,-10.562478,6.240324,10.761759,8.787154,2593
vii,WLS,199103,-1.594198,2.479519,0.355641,0.540467,2574
vii,WLS,199104,-2.705497,6.401387,3.391877,4.763013,2559
vii,WLS,199105,-2.643549,-1.511164,0.280169,-2.732580,2546
vii,WLS,199106,0.452488,-2.643306,4.253485,3.468770,2723
vii,WLS,199107,-0.727875,-3.407493,3.521369,2.882530,2698
vii,WLS,199108,5.530168,-6.748439,-4.213145,-5.406299,2684
vii,WLS,199109,4.602558,-1.589542,0.510856,-4.810115,2676
vii,WLS,199110,-7.662181,-6.335783,6.717185,2.657746,2657
vii,WLS,199111,7.690436,-8.005702,5.158628,5.436142,2638
vii,WLS,199112,-2.077022,12.132399,-1.638313,-2.221982,2610
vii,WLS,199201,-9.683858,15.613245,6.024139,4.285151,2596
vii,WLS,199202,-7.599091,7.597954,3.798019,0.895942,2585
vii,WLS,199203,8.525628,1.361055,-7.935583,-4.826771,2568
vii,WLS,199204,0.488476,-4.206465,0.116461,1.156363,2557
vii,WLS,199205,-7.106326,3.564113,-2.045673,5.937900,2527
vii,WLS,199206,9.579915,-6.150210,-1.221846,-5.039375,2688
vii,WLS,199207,7.426530,-9.396920,-3.447157,-6.982076,2658
vii,WLS,199208,10.560017,-5.750452,-7.125231,-6.130798,2632
vii,WLS,199209,2.713504,-4.831899,1.830049,-2.423071,2619
vii,WLS,199210,-2.344235,2.648153,2.910507,5.429476,2602
vii,WLS,199211,9.325803,-2.829163,-6.871442,-6.014447,2593
vii,WLS,199212,-13.370435,18.146074,3.412770,8.202945,2581
vii,WLS,199301,-4.762269,12.134717,1.403738,-0.301801,2565
vii,WLS,199302,3.430590,0.816546,-2.793121,-0.619388,2556
vii,WLS,199303,1.013032,5.312901,-5.931821,-4.493258,2535
vii,WLS,199304,-1.738678,2.931558,4.170170,3.227424,2526
vii,WLS,199305,-8.433124,9.048583,1.828000,5.443596,2519
vii,WLS,199306,-0.122921,5.003767,-6.074397,0.605278,2734
vii,WLS,199307,4.972837,0.219486,0.472198,-2.647673,2720
vii,WLS,199308,-1.260869,3.434602,0.748437,-1.821115,2712
vii,WLS,199309,-9.083284,3.474912,6.663033,11.398860,2702
vii,WLS,199310,-2.809546,-3.297509,2.212173,3.321460,2693
vii,WLS,199311,9.224282,-3.173646,-7.109314,-4.649269,2679
vii,WLS,199312,8.259375,-0.118872,-7.760380,-1.481350,2659
vii,WLS,199401,-5.109711,2.701829,4.775278,-0.316215,2642
vii,WLS,199402,-2.906368,1.212328,0.503676,-3.884357,2620
vii,WLS,199403,5.145772,-2.225888,-2.482762,-3.905070,2605
vii,WLS,199404,5.476861,-2.038527,-2.761523,-4.545412,2591
vii,WLS,199405,-6.782681,4.017332,3.254945,1.244924,2577
vii,WLS,199406,-2.722113,3.329531,2.216557,5.240367,2823
vii,WLS,199407,0.395349,-0.008148,8.169584,-0.333658,2814
vii,WLS,199408,-5.316517,0.300720,4.130409,2.117522,2797
vii,WLS,199409,5.322947,-1.188976,0.248429,-5.444075,2781
vii,WLS,199410,1.349601,-3.390444,0.794475,-7.121774,2768
vii,WLS,199411,5.632571,-4.025349,-4.680404,-1.618309,2752
vii,WLS,199412,7.013538,-4.564987,-2.274279,-4.960344,2729
vii,WLS,199501,6.490458,-1.473659,-3.071570,-0.954415,2717
vii,WLS,199502,5.275183,0.649900,-0.777477,-3.642454,2700
vii,WLS,199503,10.552029,-2.954172,-3.309802,-8.614448,2679
vii,WLS,199504,5.271698,-1.822266,-0.887534,-2.823493,2662
vii,WLS,199505,-2.580097,1.656923,6.274743,2.593006,2642
vii,WLS,199506,8.534144,-2.409924,-4.010882,-3.391640,3029
vii,WLS,199507,-4.882184,2.240523,2.719373,3.835270,3009
vii,WLS,199508,2.201949,-4.499807,2.608405,1.764066,2988
vii,WLS,199509,10.102816,-10.157639,-3.289291,-10.354217,2966
vii,WLS,199510,-3.435901,1.246657,0.041621,10.518125,2949
vii,WLS,199511,15.114268,-5.728765,-12.563136,-9.002593,2931
vii,WLS,199512,2.239310,-3.515744,-1.608366,3.576431,2908
vii,WLS,199601,-5.354837,4.935952,7.427081,2.079379,2891
vii,WLS,199602,-4.033114,5.487770,-1.018369,5.405045,2873
vii,WLS,199603,-4.474473,7.382778,7.136069,1.484523,2850
vii,WLS,199604,1.809654,-1.468296,4.233671,-1.382907,2836
vii,WLS,199605,8.393803,-10.935507,-5.376946,-5.190070,2814
vii,WLS,199606,1.307091,-4.080469,-2.684005,-7.256810,3221
vii,WLS,199607,-4.373638,6.314818,3.751431,4.195312,3199
vii,WLS,199608,7.603944,-7.801851,2.603553,-2.971175,3169
vii,WLS,199609,8.413845,-2.232512,-5.804183,-6.478242,3151
vii,WLS,199610,8.180578,-1.765847,1.251357,-3.418468,3135
vii,WLS,199611,3.210448,-0.405874,-3.687938,-3.653294,3123
vii,WLS,199612,12.723970,-9.792456,0.317022,-6.907983,3083
vii,WLS,199701,0.996801,-0.619426,-0.682894,-2.163341,3060
vii,WLS,199702,4.045544,4.092710,-6.852045,-9.474978,3043
vii,WLS,199703,-7.473057,-0.317489,12.524142,7.970420,3012
vii,WLS,199704,-6.916589,7.111266,8.216563,10.738346,2992
vii,WLS,199705,4.849340,-3.467082,-0.319432,-0.231876,2975
vii,WLS,199706,0.163659,3.995114,4.982720,4.613449,3253
vii,WLS,199707,10.450629,1.478856,-10.684629,-14.249649,3223
vii,WLS,199708,-0.298413,5.154665,1.320215,3.504754,3197
vii,WLS,199709,-16.744565,6.370995,10.597353,6.473030,3170
vii,WLS,199710,-1.976531,-0.732800,7.528075,1.022704,3143
vii,WLS,199711,-4.270245,1.211767,0.619387,5.578068,3124
vii,WLS,199712,-12.800491,3.564464,13.252711,8.806687,3072
vii,WLS,199801,-3.675242,3.209595,7.179811,9.624631,3043
vii,WLS,199802,-10.648657,7.670483,7.317739,13.454052,3021
vii,WLS,199803,-3.374874,2.506970,1.053522,3.790655,2978
vii,WLS,199804,-16.579368,8.065651,9.728525,9.605165,2954
vii,WLS,199805,-22.625782,4.496197,22.284042,18.710502,2935
vii,WLS,199806,-5.659756,-2.179644,3.844088,2.079459,3172
vii,WLS,199807,3.175557,-14.502962,-9.872774,-12.128928,3136
vii,WLS,199808,17.795729,-8.004516,-6.164572,-7.872560,3107
vii,WLS,199809,12.426122,-1.221132,-3.727800,-4.588121,3067
vii,WLS,199810,10.933913,-2.979936,2.197518,-9.010403,3015
vii,WLS,199811,2.436904,-1.655593,4.211163,1.841252,2988
vii,WLS,199812,-10.779706,2.365231,13.336035,9.807732,2944
vii,WLS,199901,1.284256,-1.993369,-7.267281,-1.949211,2904
vii,WLS,199902,1.560886,-2.661118,-1.176060,4.812424,2883
vii,WLS,199903,21.233281,3.522368,-19.803512,-11.074540,2837
vii,WLS,199904,6.511639,1.929415,-2.868554,-11.592531,2808
vii,WLS,199905,14.124240,-8.646905,-2.104280,-8.643965,2785
vii,WLS,199906,15.118866,-9.981276,-10.060918,-13.199446,3150
vii,WLS,199907,-27.205174,8.027591,19.242535,19.739577,3122
vii,WLS,199908,9.193514,-9.335895,-8.137703,-8.304709,3086
vii,WLS,199909,1.615014,-11.707781,3.038190,4.441230,3047
vii,WLS,199910,3.324712,-3.364931,4.194297,-1.955087,3020
vii,WLS,199911,-0.434761,-1.247554,3.668069,7.592317,2971
vii,WLS,199912,10.215055,-7.182625,-6.450487,-13.826273,2937
vii,WLS,200001,1.826642,3.904189,6.041189,-5.159820,2909
vii,WLS,200002,-10.577603,4.178548,8.252443,15.691020,2883
vii,WLS,200003,1.758552,4.330312,0.017038,-9.053462,2842
vii,WLS,200004,10.783002,-8.728077,-5.606902,-14.008943,2818
vii,WLS,200005,-3.306959,-9.155334,6.641614,8.536162,2793
vii,WLS,200006,-26.538666,23.667425,11.255682,15.298458,3082
vii,WLS,200007,2.010390,-3.834439,-1.225449,6.342488,3057
vii,WLS,200008,15.899655,0.964937,-8.129505,-26.482429,3017
vii,WLS,200009,23.308404,-5.353676,-9.163221,-22.929260,2985
vii,WLS,200010,3.879712,10.959970,6.260296,-26.015208,2938
vii,WLS,200011,24.548340,11.892452,-10.249723,-31.268877,2900
vii,WLS,200012,-8.383611,5.393740,-2.528783,18.085553,2853
vii,WLS,200101,38.323444,-0.012942,-18.865455,-52.824026,2816
vii,WLS,200102,-0.033587,10.548224,-3.873465,-10.825923,2795
vii,WLS,200103,4.564042,-3.224860,-4.951069,9.322268,2765
vii,WLS,200104,19.621443,-6.153233,-10.294062,-16.742993,2730
vii,WLS,200105,-8.234080,4.409264,5.872673,1.636748,2696
vii,WLS,200106,-17.608303,11.136598,13.573367,9.366927,2860
vii,WLS,200107,15.528424,-5.986196,-6.009413,-23.706427,2832
vii,WLS,200108,-23.199601,-1.954169,7.882237,14.382023,2796
vii,WLS,200109,22.842923,-15.642234,-6.046309,-17.603499,2770
vii,WLS,200110,-7.417674,12.357855,9.534909,9.682125,2756
vii,WLS,200111,20.358377,-2.383505,-9.779189,-18.535737,2726
vii,WLS,200112,-4.582764,1.195128,8.080138,-0.393397,2697
vii,WLS,200201,-1.535355,4.145233,1.054993,-2.471518,2675
vii,WLS,200202,21.463312,-4.412760,-11.223980,-14.566739,2649
vii,WLS,200203,1.298590,4.656719,3.400766,-14.221647,2622
vii,WLS,200204,9.454355,-4.381671,-8.471931,-6.054094,2601
vii,WLS,200205,-13.720609,6.198244,6.457452,1.558694,2579
vii,WLS,200206,-2.918590,-12.559255,0.478492,-4.611286,2785
vii,WLS,200207,-20.046690,13.658236,14.464939,12.609310,2762
vii,WLS,200208,-11.113970,0.852016,4.026641,-2.142232,2741
vii,WLS,200209,17.888598,-18.062712,-8.158671,-0.483211,2725
vii,WLS,200210,-6.438130,9.663027,0.287743,15.384733,2692
vii,WLS,200211,4.968212,-1.704165,-2.282128,-14.028859,2675
vii,WLS,200212,-17.928767,7.627123,9.569265,11.614798,2645
vii,WLS,200301,-6.742724,-1.002887,4.691505,4.194253,2622
vii,WLS,200302,0.380298,-3.591404,2.708657,-0.145994,2601
vii,WLS,200303,4.838327,0.968220,-3.726502,5.639219,2566
vii,WLS,200304,19.364726,-1.271360,-11.119740,-10.261816,2548
vii,WLS,200305,-7.225223,5.827816,6.369766,5.669242,2528
vii,WLS,200306,0.109994,2.925226,2.433506,0.365502,2765
vii,WLS,200307,8.896143,5.675342,-4.075871,-7.354624,2744
vii,WLS,200308,-8.809932,-0.062365,5.933207,5.165978,2720
vii,WLS,200309,5.795340,8.841055,2.324460,-4.553762,2701
vii,WLS,200310,4.167658,3.209457,-0.616191,-4.505680,2686
vii,WLS,200311,3.267140,0.309526,-6.704180,6.787514,2668
vii,WLS,200312,-3.127566,4.622856,4.097423,1.374688,2637
vii,WLS,200401,8.082472,-2.368355,-1.658270,-8.400193,2624
vii,WLS,200402,-2.487968,2.584702,1.452079,-0.389687,2609
vii,WLS,200403,-1.763689,-6.361403,0.804847,3.080323,2596
vii,WLS,200404,-5.452050,3.429208,4.835348,4.486482,2580
vii,WLS,200405,5.264402,1.524157,-4.146889,-1.897520,2563
vii,WLS,200406,14.426589,-5.037978,-13.629985,-17.085877,2646
vii,WLS,200407,8.462283,-4.368547,-5.332262,-8.794966,2631
vii,WLS,200408,7.863239,0.920308,-7.326203,-4.115871,2617
vii,WLS,200409,-0.737613,2.122282,3.323171,-0.068711,2607
vii,WLS,200410,2.641899,6.374410,-2.341325,1.314340,2592
vii,WLS,200411,-1.175010,0.412567,4.922954,3.123147,2574
vii,WLS,200412,9.797835,-5.443369,-6.333612,-12.358802,2552
vii,WLS,200501,25.706180,-8.502705,-18.469255,-17.214722,2538
vii,WLS,200502,-2.067289,1.246789,2.057895,-1.890990,2524
vii,WLS,200503,2.426074,-8.007696,-2.434168,-1.851025,2511
vii,WLS,200504,-14.780834,10.743679,13.856923,12.814028,2493
vii,WLS,200505,2.578850,3.634453,-1.812002,-5.277074,2476
vii,WLS,200506,5.049185,1.357106,-0.341402,-1.331522,2537
vii,WLS,200507,4.500691,-0.468021,-6.746076,-3.530614,2520
vii,WLS,200508,13.232810,-4.796091,-11.652456,-8.973128,2496
vii,WLS,200509,-5.777076,-2.539440,4.288436,3.474898,2478
vii,WLS,200510,3.644115,-0.894114,-0.888141,1.370846,2461
vii,WLS,200511,1.047659,0.364989,-2.151643,-1.205047,2447
vii,WLS,200512,-2.345146,10.609248,1.524768,1.461440,2424
vii,WLS,200601,-3.400793,-0.078160,3.080998,2.067782,2400
vii,WLS,200602,2.843431,1.546031,-2.276857,-0.456613,2389
vii,WLS,200603,5.466802,0.615009,-5.719316,-4.474808,2369
vii,WLS,200604,6.529291,-5.317595,-7.153202,-7.533918,2357
vii,WLS,200605,-1.480385,2.616992,1.315843,-0.878224,2340
vii,WLS,200606,2.089186,-0.560642,-1.243880,-4.419669,2449
vii,WLS,200607,-10.725292,3.751998,10.254051,10.270512,2437
vii,WLS,200608,-13.742688,8.713615,13.041752,9.497534,2424
vii,WLS,200609,-0.157331,3.280861,2.312276,1.408370,2412
vii,WLS,200610,11.633550,-4.192620,-9.345024,-5.821431,2396
vii,WLS,200611,-1.029020,2.633382,-0.085529,0.764951,2381
vii,WLS,200612,-8.416212,5.486713,7.949054,6.708257,2352
vii,WLS,200701,-0.343101,-0.043686,-2.507144,-0.002941,2324
vii,WLS,200702,7.509141,-2.626826,-6.184533,-4.366808,2313
vii,WLS,200703,4.895435,-3.188307,-0.395378,0.610985,2290
vii,WLS,200704,3.935517,2.947170,-2.427798,-0.406674,2273
vii,WLS,200705,-0.460019,0.676536,-1.217536,-0.737210,2251
vii,WLS,200706,4.344323,-7.487446,-6.765004,-0.474886,2383
vii,WLS,200707,1.547840,-3.536194,0.313806,0.724889,2367
vii,WLS,200708,10.110203,-7.245634,-7.514979,0.565024,2340
vii,WLS,200709,-13.291294,4.966684,10.791847,14.012354,2322
vii,WLS,200710,4.446130,-7.058406,-3.642394,-7.931312,2297
vii,WLS,200711,-5.117820,5.098730,1.925729,3.798932,2274
vii,WLS,200712,-5.032575,1.199244,0.086309,-4.596515,2247
vii,WLS,200801,19.493656,-9.511209,-15.591653,-15.706042,2235
vii,WLS,200802,-13.766803,6.616651,9.885058,10.934428,2227
vii,WLS,200803,9.847073,0.287451,-4.174433,-6.569368,2207
vii,WLS,200804,-4.208027,7.124952,3.930227,4.043472,2188
vii,WLS,200805,-1.095281,-2.633473,-1.713100,-6.828155,2171
vii,WLS,200806,2.535713,-4.326473,2.458451,-6.843450,2337
vii,WLS,200807,-11.609557,10.524009,12.996170,5.005969,2321
vii,WLS,200808,-7.531359,-0.984628,7.472063,-11.593156,2301
vii,WLS,200809,-9.532592,-10.280958,2.818280,-10.263309,2290
vii,WLS,200810,11.732726,-12.640563,-9.978847,-14.980708,2269
vii,WLS,200811,11.091617,-2.931008,-4.462919,-9.396233,2256
vii,WLS,200812,-8.187899,-5.125926,2.841174,3.425374,2237
vii,WLS,200901,-33.635626,8.533552,24.565300,13.511106,2225
vii,WLS,200902,2.045830,2.134386,5.984278,4.400485,2209
vii,WLS,200903,3.233974,13.901654,-3.669449,6.804061,2192
vii,WLS,200904,9.887789,-6.277229,-9.446790,2.643637,2174
vii,WLS,200905,-21.774015,8.892168,20.733442,13.624287,2161
vii,WLS,200906,1.481436,9.682622,0.885691,5.682693,2298
vii,WLS,200907,-5.211874,8.280324,4.388091,4.982190,2284
vii,WLS,200908,-0.959344,7.991421,0.595434,5.324991,2273
vii,WLS,200909,-0.881776,-7.180269,3.491744,-2.000525,2264
vii,WLS,200910,9.487299,-6.840380,-4.274636,1.237934,2250
vii,WLS,200911,-3.393393,10.332328,3.067950,3.158268,2228
vii,WLS,200912,-6.838499,0.962956,2.516235,1.649702,2212
vii,WLS,201001,4.677519,4.183934,-0.437927,-3.136912,2199
vii,WLS,201002,5.616641,3.096153,-2.045631,1.375768,2179
vii,WLS,201003,-3.192377,8.418190,1.778734,3.724193,2168
vii,WLS,201004,-11.936430,0.112899,4.384943,2.910964,2154
vii,WLS,201005,-4.995076,-9.092141,-0.369923,3.471751,2146
vii,WLS,201006,2.622908,2.420120,1.198790,5.174581,2293
vii,WLS,201007,-5.382474,-0.715508,1.066306,1.322891,2272
vii,WLS,201008,-2.504207,5.891040,9.468397,10.371899,2255
vii,WLS,201009,0.964229,0.558192,0.684993,5.093497,2240
vii,WLS,201010,5.702746,-1.375972,-4.904907,-2.459109,2226
vii,WLS,201011,6.167462,3.301542,-4.080691,1.699442,2203
vii,WLS,201012,10.965595,-5.264712,-10.341343,-2.970156,2180
vii,WLS,201101,1.736976,5.009917,-1.610734,1.451889,2168
vii,WLS,201102,-2.228886,3.244280,1.198355,2.653195,2154
vii,WLS,201103,5.584890,-1.963783,1.315563,-3.607744,2141
vii,WLS,201104,-7.423369,2.626447,7.772973,2.385396,2128
vii,WLS,201105,-1.549197,-1.030013,1.563564,-0.417116,2114
vii,WLS,201106,-7.656492,-2.562502,5.850434,6.630198,2160
vii,WLS,201107,2.703008,-7.663992,-1.640257,-8.365716,2152
vii,WLS,201108,-11.451241,0.108216,10.731782,-2.684267,2142
vii,WLS,201109,12.510132,2.444793,-6.868366,2.874289,2131
vii,WLS,201110,12.586444,-4.053343,-9.401271,-10.233980,2119
vii,WLS,201111,6.248802,0.646319,-3.561662,-7.886328,2106
vii,WLS,201112,-5.385090,0.753740,7.389443,11.635629,2091
vii,WLS,201201,-6.204905,3.182536,6.788197,9.940582,2080
vii,WLS,201202,-8.702463,1.007237,12.940642,7.428533,2072
vii,WLS,201203,-1.022467,-0.014175,0.747846,0.281866,2061
vii,WLS,201204,-11.554781,4.960563,8.100667,-1.532196,2049
vii,WLS,201205,7.441016,0.928759,-4.090642,-3.387265,2041
vii,WLS,201206,5.908249,-1.441787,-3.892881,-4.146310,2102
vii,WLS,201207,-1.918216,1.763623,3.626513,3.427925,2086
vii,WLS,201208,-2.975293,4.070314,1.788043,4.811825,2076
vii,WLS,201209,7.920097,-1.887579,-8.531282,-8.826011,2060
vii,WLS,201210,-0.939663,-0.284588,1.225592,2.736031,2047
vii,WLS,201211,-1.586618,4.847433,-1.262519,2.234306,2034
vii,WLS,201212,8.056589,3.410366,-3.542362,-3.652207,2018
vii,WLS,201301,5.102409,-1.073928,-3.199821,-3.428788,2011
vii,WLS,201302,0.807186,2.892128,2.140793,1.615747,2004
vii,WLS,201303,7.750907,-3.297504,-2.508713,-6.849939,1992
vii,WLS,201304,4.185109,0.398228,-1.361359,-2.205131,1983
vii,WLS,201305,2.432132,-0.303290,-3.280242,-3.632579,1975
vii,WLS,201306,3.705784,0.081198,0.830255,2.358135,2066
vii,WLS,201307,0.043801,-2.964728,-2.161854,-0.300330,2052
vii,WLS,201308,-1.360956,2.099656,2.827257,5.406617,2041
vii,WLS,201309,-6.807720,8.383626,7.609566,7.316699,2030
vii,WLS,201310,2.642198,-1.335601,1.981607,-0.544459,2013
vii,WLS,201311,7.837184,-1.498783,-6.541970,-2.199302,1999
vii,WLS,201312,-5.848510,-0.033153,-0.109355,3.912169,1986
vii,WLS,201401,11.455328,-3.790206,-3.698445,-5.412960,1972
vii,WLS,201402,1.187067,5.309792,-0.917136,-3.896146,1958
vii,WLS,201403,12.334949,-4.340775,-10.034781,-8.652957,1950
vii,WLS,201404,-0.039388,1.304882,0.649657,2.542471,1943
vii,WLS,201405,-0.419771,3.432767,0.915286,1.618949,1933
vii,WLS,201406,-6.324797,2.916460,5.012313,1.618165,1998
vii,WLS,201407,8.306388,-5.866993,-1.927260,-1.426112,1990
vii,WLS,201408,1.082696,-5.110226,1.034232,-3.289457,1982
vii,WLS,201409,8.938285,-7.676269,-2.930850,-4.023009,1973
vii,WLS,201410,0.935008,-1.445575,6.616362,-1.595347,1960
vii,WLS,201411,3.062970,0.132472,-2.027748,-4.971625,1954
vii,WLS,201412,-6.404667,-3.270652,5.299748,4.862471,1940
vii,WLS,201501,4.324920,-0.020794,-0.227690,4.391915,1927
vii,WLS,201502,-2.313223,-0.817433,1.565612,0.239320,1917
vii,WLS,201503,-8.916734,6.614677,4.578790,8.869658,1904
vii,WLS,201504,1.686356,-2.796439,0.895564,0.267259,1900
vii,WLS,201505,-2.428098,-2.490710,1.440054,1.044139,1893
vii,WLS,201506,4.017781,-11.859900,0.853086,1.389236,1956
vii,WLS,201507,-10.725820,4.318675,3.891389,2.012816,1938
vii,WLS,201508,-3.637219,-2.162778,2.719293,0.161693,1928
vii,WLS,201509,4.836836,0.462363,-0.652201,6.726538,1915
vii,WLS,201510,-3.283060,0.888284,2.246770,3.924689,1899
vii,WLS,201511,-8.784420,-1.970056,7.569731,5.383819,1896
vii,WLS,201512,2.437954,0.657023,-2.863023,-11.877027,1877
vii,WLS,201601,4.663275,-0.202958,-3.874958,-3.094687,1858
vii,WLS,201602,2.340246,3.935647,2.062094,3.856187,1847
vii,WLS,201603,-2.429976,5.465911,-2.031558,3.665793,1834
vii,WLS,201604,-9.635004,3.314791,10.337917,7.932132,1821
vii,WLS,201605,0.605646,3.444483,-0.029957,-1.765184,1806
vii,WLS,201606,-10.091165,4.579580,13.673867,9.498909,1884
vii,WLS,201607,4.194766,-0.779514,-3.816232,-3.791048,1869
vii,WLS,201608,-4.047410,3.433124,2.432699,3.793445,1858
vii,WLS,201609,2.430362,-3.441806,-4.117358,-3.068059,1842
vii,WLS,201610,10.635811,4.559802,-9.936627,-5.135207,1837
vii,WLS,201611,2.617626,0.631973,-0.824398,-2.001020,1821
vii,WLS,201612,-6.779148,-0.900456,5.984815,11.110552,1809
vii,WLS,201701,8.721510,-6.573434,-1.186525,-4.735126,1802
vii,WLS,201702,2.058384,-2.512841,0.691302,-1.422869,1787
vii,WLS,201703,-1.998435,-1.486725,4.222057,2.827270,1778
vii,WLS,201704,-1.985899,-4.043801,4.589656,4.178353,1763
vii,WLS,201705,5.704671,-3.854625,-5.536233,-2.714934,1751
vii,WLS,201706,-5.312411,1.112333,5.091641,7.549036,1858
vii,WLS,201707,9.957506,-8.100875,-6.840714,-5.659976,1853
vii,WLS,201708,2.043968,4.037336,-2.260499,0.382438,1840
vii,WLS,201709,-3.734023,-3.705501,7.903873,5.486355,1825
vii,WLS,201710,4.328615,1.485956,1.984621,-4.847960,1816
vii,WLS,201711,2.110628,1.700460,-2.542824,0.190520,1805
vii,WLS,201712,-14.825416,-0.293190,17.614311,20.553244,1791
vii,WLS,201801,-8.832938,-4.072763,5.392323,6.674795,1786
vii,WLS,201802,-7.578103,5.903868,4.415743,1.749057,1777
vii,WLS,201803,-7.042822,2.429125,5.283758,6.702216,1769
vii,WLS,201804,0.018622,-0.957057,1.758122,4.920110,1765
vii,WLS,201805,-2.616475,0.484140,4.851669,0.634289,1760
vii,WLS,201806,12.527431,-5.161010,-6.812721,-7.754412,1822
vii,WLS,201807,-4.085559,-3.217443,10.498718,6.310590,1813
vii,WLS,201808,5.066653,-2.962395,-4.520597,-1.657326,1807
vii,WLS,201809,19.354103,-6.630402,-21.281037,-25.101617,1803
vii,WLS,201810,-5.684476,1.531949,7.140972,4.043110,1794
vii,WLS,201811,-0.530207,-8.705068,-4.609567,-6.641557,1780
vii,WLS,201812,-16.883695,13.366263,17.654025,20.054173,1766
vii,WLS,201901,11.079845,-5.604449,-6.745426,-3.550507,1758
vii,WLS,201902,5.466804,-6.942163,-2.314835,-0.017486,1750
vii,WLS,201903,-1.079872,-1.506832,3.853097,5.646975,1738
vii,WLS,201904,0.811549,-5.797839,-6.513218,-5.213628,1731
vii,WLS,201905,8.387184,0.290798,-1.216509,0.187111,1725
vii,WLS,201906,3.389611,-2.657819,-1.594898,-1.765680,1820
vii,WLS,201907,7.590767,-9.000115,-5.526960,-7.916927,1807
vii,WLS,201908,1.723466,6.489872,-0.548625,-3.580450,1806
vii,WLS,201909,0.757371,-2.073421,2.206122,1.633722,1794
vii,WLS,201910,6.823797,-6.087753,-3.428849,1.641438,1782
vii,WLS,201911,2.281047,0.311545,1.205615,-0.012408,1772
vii,WLS,201912,-12.754509,-8.649646,9.375357,17.558336,1757
vii,WLS,202001,-20.963732,2.587498,13.100052,8.851915,1755
vii,WLS,202002,-20.041609,-16.115786,15.713428,7.115536,1751
vii,WLS,202003,4.980566,5.105380,8.402985,5.573219,1743
vii,WLS,202004,4.996282,-1.172263,1.067487,0.553756,1738
vii,WLS,202005,-7.218320,-6.539635,8.032462,13.694385,1726
vii,WLS,202006,-4.091500,-4.236440,8.212693,12.663976,1783
vii,WLS,202007,6.409923,-14.844469,-0.386062,11.886089,1772
vii,WLS,202008,8.529154,-2.232536,-9.192474,-11.855281,1767
vii,WLS,202009,-0.976770,2.624556,-2.114371,-2.606411,1757
vii,WLS,202010,12.445064,6.913392,-7.857465,4.602847,1751
vii,WLS,202011,8.279991,-7.482011,-6.252454,4.473112,1745
vii,WLS,202012,-11.031567,8.642347,7.289207,7.963130,1734
vii,WLS,202101,8.475764,11.657408,-8.389705,-8.413853,1728
vii,WLS,202102,11.274030,4.003203,-3.750687,-13.321810,1720
vii,WLS,202103,-3.967689,-1.925060,7.881403,7.822106,1715
vii,WLS,202104,-1.732109,10.102147,0.915070,-3.007128,1703
vii,WLS,202105,-17.531939,-0.968864,18.437461,18.813911,1698
vii,WLS,202106,10.097564,-10.633356,-4.499784,-4.960684,1774
vii,WLS,202107,-5.358156,-2.786111,8.223103,7.539649,1767
vii,WLS,202108,-6.314253,4.485759,-3.605073,5.140311,1760
vii,WLS,202109,6.583615,-11.110977,-0.568787,7.254398,1750
vii,WLS,202110,-22.674734,2.099260,22.609078,14.644403,1742
vii,WLS,202111,8.267280,6.751186,-2.976493,-9.795320,1735
vii,WLS,202112,-17.084362,17.558099,4.416421,5.655678,1721
vii,WLS,202201,-11.439065,9.076549,2.172823,9.288190,1720
vii,WLS,202202,6.933530,-5.199768,-5.029938,3.827558,1717
vii,WLS,202203,-0.274418,9.537235,-5.169342,-16.206914,1705
vii,WLS,202204,-8.584693,16.109772,2.528184,3.368100,1699
vii,WLS,202205,-4.038264,-4.831477,-0.862731,-5.293518,1690
vii,WLS,202206,3.624192,-8.822284,5.502300,10.760242,1785
vii,WLS,202207,-0.707857,2.314581,-5.211695,-1.205647,1775
vii,WLS,202208,4.268245,-7.200931,-9.444881,-10.907028,1768
vii,WLS,202209,11.239801,12.587504,-6.728257,-4.760876,1761
vii,WLS,202210,9.653693,-1.481573,-1.762756,-6.842883,1751
vii,WLS,202211,12.767628,-3.556056,-13.208748,-19.527144,1744
vii,WLS,202212,-17.604957,7.858047,18.013129,20.886349,1737
vii,WLS,202301,-10.888339,-2.628913,6.676276,10.437994,1732
vii,WLS,202302,-18.967592,1.033686,24.663590,13.473978,1721
vii,WLS,202303,-1.831096,1.677476,6.398048,-5.541698,1710
vii,WLS,202304,-26.775301,-3.997045,23.374155,25.464259,1708
vii,WLS,202305,6.073794,-1.756449,-1.205987,4.651030,1698
vii,WLS,202306,0.323053,4.845476,3.121968,-1.718651,1829
vii,WLS,202307,-3.010418,-4.040991,3.628040,-0.236505,1821
vii,WLS,202308,-6.256011,5.195105,1.672224,-2.373570,1810
vii,WLS,202309,-10.354984,-1.221104,10.841714,0.094957,1799
vii,WLS,202310,-19.489617,11.709938,19.395021,25.262911,1791
vii,WLS,202311,11.378406,0.913852,-6.154425,-4.626017,1781
vii,WLS,202312,-15.461015,4.141978,17.042732,9.987186,1769
vii,WLS,202401,-8.046623,2.376862,17.393141,5.355873,1763
vii,WLS,202402,16.421608,-4.153657,-10.372665,-10.903213,1756
vii,WLS,202403,9.519216,-12.763190,-11.909667,-8.177206,1748
vii,WLS,202404,-8.307146,0.314150,13.117347,7.374726,1741
vii,WLS,202405,-20.788860,0.162877,23.777555,16.347413,1731
vii,WLS,202406,24.682103,-5.846748,-24.633814,-14.135441,1949
vii,WLS,202407,-0.389296,-2.553634,2.927046,-0.246830,1932
vii,WLS,202408,8.355462,-6.800096,-5.502475,-1.541669,1923
vii,WLS,202409,-24.609084,13.394862,18.731606,14.538662,1914
vii,WLS,202410,8.928342,-3.071276,-3.844200,1.033738,1900
vii,WLS,202411,5.620553,-18.424012,-3.637493,-3.904856,1890
vii,WLS,202412,26.119119,-9.685615,-15.353392,-21.572981,1877
