date,y1,y2,y3,y4,y5,f1,f2,f3,f4,f5,r1,r2,r3,r4,r5,xy1,xy2,xy3,xy4,xy5,xf1,xf2,xf3,xf4,xf5,xr1,xr2,xr3,xr4,xr5
1952-06-30,0.01822339,0.01891432,0.01955888,0.01894748,0.01996616,0.01822339,0.01960525,0.02084801,0.01711327,0.02404086,,,,,,0.00000000,0.00069093,0.00133550,0.00072409,0.00174277,0.00000000,0.00138187,0.00262462,-0.00111012,0.00581747,,,,,
1952-07-31,0.01905360,0.02007218,0.02069173,0.01979655,0.02116492,0.01905360,0.02109076,0.02193084,0.01711102,0.02663838,,,,,,0.00000000,0.00101858,0.00163814,0.00074296,0.00211132,0.00000000,0.00203716,0.00287725,-0.00194258,0.00758478,,,,,
1952-08-31,0.01931832,0.02027816,0.02113535,0.02020221,0.02176352,0.01931832,0.02123801,0.02284973,0.01740277,0.02800876,,,,,,0.00000000,0.00095984,0.00181703,0.00088389,0.00244520,0.00000000,0.00191969,0.00353141,-0.00191554,0.00869044,,,,,
1952-09-30,0.01968940,0.02066605,0.02126693,0.02038922,0.02265917,0.01968940,0.02164269,0.02246869,0.01775608,0.03173898,,,,,,0.00000000,0.00097664,0.00157752,0.00069981,0.00296977,0.00000000,0.00195329,0.00277928,-0.00193332,0.01204958,,,,,
1952-10-31,0.01894486,0.02039100,0.02125591,0.02080601,0.02144112,0.01894486,0.02183715,0.02298573,0.01945629,0.02398156,,,,,,0.00000000,0.00144615,0.00231106,0.00186115,0.00249626,0.00000000,0.00289229,0.00404087,0.00051143,0.00503670,,,,,
1952-11-30,0.02033727,0.02146308,0.02162815,0.02091469,0.02160883,0.02033727,0.02258890,0.02195827,0.01877430,0.02438541,,,,,,0.00000000,0.00112582,0.00129088,0.00057742,0.00127156,0.00000000,0.00225163,0.00162101,-0.00156297,0.00404814,,,,,
1952-12-31,0.01978384,0.02167082,0.02187149,0.02087100,0.02184530,0.01978384,0.02355780,0.02227283,0.01786955,0.02574249,,,,,,0.00000000,0.00188698,0.00208765,0.00108716,0.00206146,0.00000000,0.00377395,0.00248898,-0.00191429,0.00595865,,,,,
1953-01-31,0.01954275,0.02121799,0.02109133,0.02110313,0.02241983,0.01954275,0.02289323,0.02083803,0.02113853,0.02768663,,,,,,0.00000000,0.00167524,0.00154859,0.00156038,0.00287708,0.00000000,0.00335048,0.00129528,0.00159578,0.00814388,,,,,
1953-02-28,0.02055321,0.02169247,0.02153963,0.02162313,0.02318397,0.02055321,0.02283174,0.02123394,0.02187364,0.02942733,,,,,,0.00000000,0.00113927,0.00098642,0.00106992,0.00263076,0.00000000,0.00227853,0.00068073,0.00132043,0.00887412,,,,,
1953-03-31,0.02052986,0.02190211,0.02324822,0.02331543,0.02452992,0.02052986,0.02327435,0.02594045,0.02351706,0.02938787,,,,,,0.00000000,0.00137224,0.00271836,0.00278557,0.00400005,0.00000000,0.00274448,0.00541058,0.00298720,0.00885801,,,,,
1953-04-30,0.02336686,0.02453113,0.02171017,0.02392540,0.02654722,0.02336686,0.02569540,0.01606824,0.03057109,0.03703450,,,,,,0.00000000,0.00116427,-0.00165670,0.00055854,0.00318036,0.00000000,0.00232854,-0.00729863,0.00720423,0.01366764,,,,,
1953-05-31,0.02562178,0.02619982,0.02382935,0.02590404,0.02990496,0.02562178,0.02677785,0.01908841,0.03212810,0.04590866,,,,,,0.00000000,0.00057803,-0.00179244,0.00028225,0.00428318,0.00000000,0.00115607,-0.00653338,0.00650631,0.02028687,,,,,
1953-06-30,0.02391913,0.02413653,0.02280233,0.02410455,0.02753269,0.02391913,0.02435394,0.02013391,0.02801124,0.04124524,0.01822339,0.01390951,0.01040358,0.00738294,0.00341256,0.00000000,0.00021741,-0.00111680,0.00018543,0.00361356,0.00000000,0.00043481,-0.00378521,0.00409211,0.01732611,0.00000000,-0.00431387,-0.00781981,-0.01084045,-0.01481083
1953-07-31,0.02266066,0.02309537,0.02253218,0.02391745,0.02679543,0.02266066,0.02353009,0.02140580,0.02807324,0.03830735,0.01905360,0.01748370,0.01588445,0.01158968,0.01015481,0.00000000,0.00043472,-0.00012847,0.00125679,0.00413477,0.00000000,0.00086944,-0.00125486,0.00541259,0.01564670,0.00000000,-0.00156990,-0.00316914,-0.00746392,-0.00889879
1953-08-31,0.02343601,0.02234796,0.02268602,0.02433654,0.02751366,0.02343601,0.02125991,0.02336213,0.02928813,0.04022211,0.01931832,0.01712031,0.01871013,0.01275077,0.01147141,0.00000000,-0.00108805,-0.00074999,0.00090053,0.00407765,0.00000000,-0.00217610,-0.00007388,0.00585212,0.01678610,0.00000000,-0.00219800,-0.00060819,-0.00656754,-0.00784691
1953-09-30,0.02003896,0.02092779,0.02220421,0.02202191,0.02396002,0.02003896,0.02181662,0.02475705,0.02147501,0.03171247,0.01968940,0.02129313,0.02194520,0.01494423,0.02520820,0.00000000,0.00088883,0.00216525,0.00198295,0.00392106,0.00000000,0.00177765,0.00471809,0.00143605,0.01167350,0.00000000,0.00160373,0.00225580,-0.00474517,0.00551880
1953-10-31,0.01650248,0.01812818,0.01914238,0.02021999,0.02224634,0.01650248,0.01975389,0.02117077,0.02345280,0.03035176,0.01894486,0.02427952,0.02751136,0.02579688,0.02632564,0.00000000,0.00162570,0.00263990,0.00371750,0.00574386,0.00000000,0.00325140,0.00466829,0.00695032,0.01384928,0.00000000,0.00533467,0.00856651,0.00685202,0.00738078
1953-11-30,0.01564502,0.01832477,0.01889110,0.02021551,0.02393390,0.01564502,0.02100453,0.02002374,0.02418874,0.03880748,0.02033727,0.02728114,0.02823489,0.02698545,0.02718212,0.00000000,0.00267975,0.00324607,0.00457049,0.00828888,0.00000000,0.00535950,0.00437872,0.00854372,0.02316246,0.00000000,0.00694388,0.00789763,0.00664819,0.00684485
1953-12-31,0.01562230,0.01783502,0.01942638,0.01931637,0.02188095,0.01562230,0.02004773,0.02260912,0.01898632,0.03213929,0.01978384,0.02771934,0.02994443,0.02520487,0.03196104,0.00000000,0.00221272,0.00380409,0.00369407,0.00625865,0.00000000,0.00442543,0.00698682,0.00336402,0.01651700,0.00000000,0.00793550,0.01016059,0.00542102,0.01217720
1954-01-31,0.01147406,0.01430043,0.01657063,0.01679554,0.02100985,0.01147406,0.01712680,0.02111104,0.01747027,0.03786710,0.01954275,0.03096191,0.03467314,0.03470063,0.04491699,0.00000000,0.00282637,0.00509657,0.00532148,0.00953579,0.00000000,0.00565273,0.00963698,0.00599620,0.02639304,0.00000000,0.01141916,0.01513039,0.01515788,0.02537424
1954-02-28,0.01094320,0.01285363,0.01485155,0.01615013,0.01861758,0.01094320,0.01476406,0.01884740,0.02004586,0.02848737,0.02055321,0.03244175,0.03891162,0.04193786,0.05131932,0.00000000,0.00191043,0.00390836,0.00520693,0.00767438,0.00000000,0.00382087,0.00790421,0.00910267,0.01754418,0.00000000,0.01188854,0.01835842,0.02138465,0.03076612
1954-03-31,0.01052932,0.01204564,0.01415469,0.01584276,0.01801160,0.01052932,0.01356196,0.01837279,0.02090698,0.02668693,0.02052986,0.03327490,0.04565338,0.05079765,0.05927854,0.00000000,0.00151632,0.00362537,0.00531345,0.00748228,0.00000000,0.00303265,0.00784347,0.01037767,0.01615762,0.00000000,0.01274503,0.02512352,0.03026779,0.03874868
1954-04-30,0.00834041,0.01129664,0.01372542,0.01532650,0.01566914,0.00834041,0.01425288,0.01858296,0.02012976,0.01703967,0.02336686,0.04072185,0.04253721,0.05452534,0.07143007,0.00000000,0.00295623,0.00538501,0.00698609,0.00732873,0.00000000,0.00591247,0.01024255,0.01178935,0.00869926,0.00000000,0.01735499,0.01917035,0.03115847,0.04806321
1954-05-31,0.00844392,0.01091952,0.01419037,0.01808708,0.01758441,0.00844392,0.01339512,0.02073208,0.02977719,0.01557372,0.02562178,0.04395571,0.04964900,0.06104502,0.07717649,0.00000000,0.00247560,0.00574645,0.00964316,0.00914048,0.00000000,0.00495120,0.01228816,0.02133327,0.00712980,0.00000000,0.01833393,0.02402722,0.03542324,0.05155470
1954-06-30,0.00728996,0.00908391,0.01310973,0.01634451,0.01751414,0.00728996,0.01087785,0.02116138,0.02604885,0.02219266,0.02391913,0.04098311,0.05023917,0.05708903,0.07228541,0.00000000,0.00179395,0.00581977,0.00905455,0.01022418,0.00000000,0.00358789,0.01387142,0.01875889,0.01490270,0.00000000,0.01706398,0.02632004,0.03316990,0.04836628
1954-07-31,0.00630814,0.00916104,0.01322773,0.01589878,0.01733453,0.00630814,0.01201394,0.02136112,0.02391193,0.02307754,0.02266066,0.03988261,0.04927447,0.05598659,0.07038201,0.00000000,0.00285290,0.00691959,0.00959064,0.01102640,0.00000000,0.00570580,0.01505298,0.01760380,0.01676941,0.00000000,0.01722195,0.02661381,0.03332593,0.04772136
1954-08-31,0.00820644,0.00919640,0.01321534,0.01593022,0.01799472,0.00820644,0.01018636,0.02125321,0.02407486,0.02625274,0.02343601,0.03648948,0.04966525,0.05770017,0.07384742,0.00000000,0.00098996,0.00500890,0.00772378,0.00978828,0.00000000,0.00197992,0.01304677,0.01586842,0.01804630,0.00000000,0.01305347,0.02622924,0.03426416,0.05041141
1954-09-30,0.00934680,0.01047518,0.01510617,0.01617643,0.01863108,0.00934680,0.01160356,0.02436814,0.01938720,0.02844970,0.02003896,0.03250877,0.04566227,0.04276914,0.05509441,0.00000000,0.00112838,0.00575936,0.00682962,0.00928428,0.00000000,0.00225675,0.01502134,0.01004039,0.01910290,0.00000000,0.01246981,0.02562330,0.02273018,0.03505544
1954-10-31,0.01040428,0.01295552,0.01578074,0.01763662,0.01828788,0.01040428,0.01550676,0.02143117,0.02320429,0.02089290,0.01650248,0.02585209,0.03151610,0.03353773,0.04068520,0.00000000,0.00255124,0.00537646,0.00723235,0.00788360,0.00000000,0.00510248,0.01102689,0.01280001,0.01048863,0.00000000,0.00934961,0.01501362,0.01703525,0.02418272
1954-11-30,0.01036697,0.01331723,0.01591783,0.01859763,0.01922518,0.01036697,0.01626748,0.02111904,0.02663703,0.02173537,0.01564502,0.02628257,0.03003883,0.03310854,0.04527899,0.00000000,0.00295025,0.00555086,0.00823066,0.00885820,0.00000000,0.00590051,0.01075206,0.01627005,0.01136839,0.00000000,0.01063755,0.01439381,0.01746352,0.02963397
1954-12-31,0.01132487,0.01471946,0.01698944,0.01969424,0.02006177,0.01132487,0.01811404,0.02152941,0.02780864,0.02153188,0.01562230,0.02434516,0.02884024,0.02629715,0.03062780,0.00000000,0.00339458,0.00566457,0.00836937,0.00873690,0.00000000,0.00678917,0.01020454,0.01648377,0.01020701,0.00000000,0.00872286,0.01321794,0.01067485,0.01500550
1955-01-31,0.01284710,0.01751939,0.01861014,0.02088140,0.02112115,0.01284710,0.02219167,0.02079166,0.02769518,0.02208013,0.01147406,0.01575376,0.01467313,0.01135174,0.02152366,0.00000000,0.00467228,0.00576304,0.00803430,0.00827405,0.00000000,0.00934457,0.00794456,0.01484807,0.00923303,0.00000000,0.00427970,0.00319907,-0.00012233,0.01004960
1955-02-28,0.01640984,0.01881899,0.02053074,0.02305323,0.02316051,0.01640984,0.02122815,0.02395424,0.03062071,0.02358959,0.01094320,0.00929742,0.00691667,0.00300830,0.00087496,0.00000000,0.00240916,0.00412091,0.00664340,0.00675067,0.00000000,0.00481832,0.00754440,0.01421088,0.00717976,0.00000000,-0.00164577,-0.00402652,-0.00793490,-0.01006824
1955-03-31,0.01546427,0.02009996,0.02160756,0.02256979,0.02311912,0.01546427,0.02473566,0.02462276,0.02545646,0.02531645,0.01052932,0.00862701,0.00226414,-0.00145164,-0.00022116,0.00000000,0.00463570,0.00614329,0.00710552,0.00765485,0.00000000,0.00927139,0.00915849,0.00999219,0.00985219,0.00000000,-0.00190231,-0.00826518,-0.01198095,-0.01075048
1955-04-30,0.01616959,0.02082827,0.02256645,0.02249686,0.02312975,0.01616959,0.02548696,0.02604281,0.02228810,0.02566130,0.00834041,0.00642370,-0.00048029,-0.00639333,-0.01164176,0.00000000,0.00465869,0.00639686,0.00632728,0.00696017,0.00000000,0.00931737,0.00987322,0.00611852,0.00949172,0.00000000,-0.00191671,-0.00882070,-0.01473374,-0.01998217
1955-05-31,0.01795457,0.02028160,0.02298588,0.02288274,0.02362235,0.01795457,0.02260864,0.02839443,0.02257334,0.02658076,0.00844392,0.00388448,0.00200791,0.00339067,-0.00360894,0.00000000,0.00232704,0.00503132,0.00492818,0.00566778,0.00000000,0.00465408,0.01043987,0.00461877,0.00862619,0.00000000,-0.00455945,-0.00643601,-0.00505325,-0.01205286
1955-06-30,0.01822410,0.02142773,0.02396421,0.02416927,0.02481763,0.01822410,0.02463137,0.02903716,0.02478444,0.02741110,0.00728996,-0.00005629,-0.00352627,-0.00651458,-0.00910635,0.00000000,0.00320363,0.00574011,0.00594516,0.00659353,0.00000000,0.00640727,0.01081306,0.00656034,0.00918700,0.00000000,-0.00734625,-0.01081623,-0.01380454,-0.01639631
1955-07-31,0.01984816,0.02287160,0.02480696,0.02490475,0.02638456,0.01984816,0.02589504,0.02867767,0.02519815,0.03230377,0.00630814,-0.00152609,-0.00606001,-0.01082574,-0.01294635,0.00000000,0.00302344,0.00495880,0.00505659,0.00653640,0.00000000,0.00604688,0.00882950,0.00534998,0.01245561,0.00000000,-0.00783422,-0.01236815,-0.01713388,-0.01925448
1955-08-31,0.02118009,0.02507789,0.02610417,0.02603749,0.02724702,0.02118009,0.02897569,0.02815672,0.02583747,0.03208513,0.00820644,-0.00278729,-0.01050977,-0.01459163,-0.01417635,0.00000000,0.00389780,0.00492408,0.00485740,0.00606693,0.00000000,0.00779560,0.00697663,0.00465738,0.01090504,0.00000000,-0.01099373,-0.01871621,-0.02279807,-0.02238279
1955-09-30,0.01978726,0.02356445,0.02455326,0.02544694,0.02621983,0.01978726,0.02734165,0.02653087,0.02812799,0.02931135,0.00934680,0.00116310,-0.00181040,-0.00895408,-0.00863237,0.00000000,0.00377719,0.00476600,0.00565968,0.00643256,0.00000000,0.00755438,0.00674361,0.00834073,0.00952409,0.00000000,-0.00818370,-0.01115721,-0.01830088,-0.01797918
1955-10-31,0.02048621,0.02279410,0.02409664,0.02472870,0.02504473,0.02048621,0.02510199,0.02670173,0.02662489,0.02630883,0.01040428,0.00542483,0.00175401,-0.00174343,-0.00747542,0.00000000,0.00230789,0.00361043,0.00424250,0.00455852,0.00000000,0.00461578,0.00621553,0.00613868,0.00582262,0.00000000,-0.00497945,-0.00865026,-0.01214771,-0.01787969
1955-11-30,0.02539855,0.02434662,0.02715490,0.02555949,0.02686431,0.02539855,0.02329469,0.03277147,0.02077325,0.03208358,0.01036697,0.00123591,-0.00093975,-0.00707419,-0.00611207,0.00000000,-0.00105193,0.00175636,0.00016094,0.00146576,0.00000000,-0.00210385,0.00737293,-0.00462530,0.00668503,0.00000000,-0.00913107,-0.01130672,-0.01744117,-0.01647905
1955-12-31,0.02618519,0.02591547,0.02766399,0.02597027,0.02761719,0.02618519,0.02564575,0.03116103,0.02088909,0.03420487,0.01132487,0.00325372,-0.00086262,-0.00421501,-0.00357222,0.00000000,-0.00026972,0.00147880,-0.00021492,0.00143200,0.00000000,-0.00053944,0.00497584,-0.00529610,0.00801968,0.00000000,-0.00807115,-0.01218749,-0.01553988,-0.01489709
1956-01-31,0.02342852,0.02439752,0.02548012,0.02546770,0.02596557,0.02342852,0.02536651,0.02764534,0.02543041,0.02795706,0.01284710,0.01161025,0.00703540,0.00708524,0.00373495,0.00000000,0.00096899,0.00205160,0.00203917,0.00253705,0.00000000,0.00193799,0.00421681,0.00200189,0.00452854,0.00000000,-0.00123685,-0.00581170,-0.00576186,-0.00911215
1956-02-29,0.02480228,0.02419277,0.02594926,0.02580921,0.02655217,0.02480228,0.02358326,0.02946225,0.02538906,0.02952403,0.01640984,0.01283571,0.01320669,0.01436515,0.01256568,0.00000000,-0.00060951,0.00114699,0.00100694,0.00174990,0.00000000,-0.00121902,0.00465998,0.00058678,0.00472175,0.00000000,-0.00357412,-0.00320315,-0.00204469,-0.00384415
1956-03-31,0.02487746,0.02670893,0.02670287,0.02686491,0.02926243,0.02487746,0.02854039,0.02669074,0.02735106,0.03885248,0.01546427,0.01532247,0.01140484,0.01017055,0.00813595,0.00000000,0.00183147,0.00182541,0.00198746,0.00438497,0.00000000,0.00366294,0.00181329,0.00247360,0.01397502,0.00000000,-0.00014180,-0.00405943,-0.00529372,-0.00732832
1956-04-30,0.02898944,0.03102361,0.03011698,0.02880201,0.02998923,0.02898944,0.03305777,0.02830373,0.02485709,0.03473812,0.01616959,0.01266710,0.00565214,-0.00036348,0.00044073,0.00000000,0.00203417,0.00112754,-0.00018743,0.00099979,0.00000000,0.00406833,-0.00068571,-0.00413235,0.00574868,0.00000000,-0.00350248,-0.01051745,-0.01653307,-0.01572885
1956-05-31,0.02790802,0.02853471,0.02804480,0.02831332,0.02870270,0.02790802,0.02916140,0.02706499,0.02911887,0.03026023,0.01795457,0.01265519,0.01188822,0.00739656,0.00485845,0.00000000,0.00062669,0.00013679,0.00040530,0.00079468,0.00000000,0.00125339,-0.00084303,0.00121085,0.00235221,0.00000000,-0.00529937,-0.00606635,-0.01055800,-0.01309611
1956-06-30,0.02517621,0.02779873,0.02742557,0.02787142,0.02803174,0.02517621,0.03042124,0.02667926,0.02920897,0.02867303,0.01822410,0.01767926,0.01629517,0.01440035,0.01260249,0.00000000,0.00262252,0.00224936,0.00269521,0.00285553,0.00000000,0.00524503,0.00150305,0.00403276,0.00349682,0.00000000,-0.00054484,-0.00192893,-0.00382375,-0.00562161
1956-07-31,0.02679944,0.03058373,0.02875421,0.03019774,0.03080808,0.02679944,0.03436802,0.02509516,0.03452835,0.03324942,0.01984816,0.01894377,0.01325342,0.01335640,0.01113182,0.00000000,0.00378429,0.00195477,0.00339831,0.00400864,0.00000000,0.00756858,-0.00170427,0.00772891,0.00644998,0.00000000,-0.00090439,-0.00659475,-0.00649176,-0.00871634
1956-08-31,0.03076725,0.03137630,0.03179355,0.03326719,0.03380116,0.03076725,0.03198535,0.03262806,0.03768813,0.03593704,0.02118009,0.01938853,0.01555990,0.00876931,0.00316632,0.00000000,0.00060905,0.00102630,0.00249995,0.00303392,0.00000000,0.00121810,0.00186081,0.00692088,0.00516979,0.00000000,-0.00179156,-0.00562019,-0.01241078,-0.01801377
1956-09-30,0.03131473,0.03172976,0.03268992,0.03383745,0.03440845,0.03131473,0.03214479,0.03461024,0.03728005,0.03669245,0.01978726,0.01581418,0.01020026,0.00371802,-0.00425068,0.00000000,0.00041503,0.00137519,0.00252272,0.00309372,0.00000000,0.00083006,0.00329551,0.00596532,0.00537772,0.00000000,-0.00397308,-0.00958700,-0.01606924,-0.02403795
1956-10-31,0.03033368,0.03162686,0.03181936,0.03298970,0.03404016,0.03033368,0.03292003,0.03220436,0.03650074,0.03824198,0.02048621,0.01525452,0.00903622,0.00345674,-0.00673517,0.00000000,0.00129318,0.00148568,0.00265602,0.00370648,0.00000000,0.00258635,0.00187068,0.00616706,0.00790830,0.00000000,-0.00523169,-0.01144999,-0.01702947,-0.02722137
1956-11-30,0.03370067,0.03435487,0.03504048,0.03423651,0.03556267,0.03370067,0.03500908,0.03641168,0.03182461,0.04086732,0.02539855,0.01499257,0.01275496,-0.00288347,-0.00262450,0.00000000,0.00065420,0.00133980,0.00053584,0.00186200,0.00000000,0.00130841,0.00271100,-0.00187607,0.00716665,0.00000000,-0.01040598,-0.01264359,-0.02828201,-0.02802304
1956-12-31,0.03386270,0.03512567,0.03478135,0.03466902,0.03598639,0.03386270,0.03638864,0.03409270,0.03433202,0.04125590,0.02618519,0.01796825,0.01274064,-0.00046298,-0.00059013,0.00000000,0.00126297,0.00091865,0.00080632,0.00212370,0.00000000,0.00252595,0.00023001,0.00046932,0.00739320,0.00000000,-0.00821694,-0.01344455,-0.02664817,-0.02677532
1957-01-31,0.02929803,0.03246967,0.03172267,0.03180090,0.03256191,0.02929803,0.03564130,0.03022869,0.03203559,0.03560594,0.02342852,0.01949700,0.01150104,0.00670276,0.00262424,0.00000000,0.00317163,0.00242464,0.00250287,0.00326388,0.00000000,0.00634327,0.00093065,0.00273755,0.00630790,0.00000000,-0.00393152,-0.01192749,-0.01672576,-0.02080429
1957-02-28,0.03183781,0.03314329,0.03305084,0.03315687,0.03326328,0.03183781,0.03444877,0.03286595,0.03347495,0.03368892,0.02480228,0.01654772,0.01156121,0.00408432,0.00013340,0.00000000,0.00130548,0.00121303,0.00131906,0.00142547,0.00000000,0.00261095,0.00102813,0.00163714,0.00185111,0.00000000,-0.00825455,-0.01324107,-0.02071795,-0.02466888
1957-03-31,0.03322963,0.03174047,0.03221619,0.03332005,0.03340992,0.03322963,0.03025132,0.03316762,0.03663162,0.03376938,0.02487746,0.02018822,0.01662765,0.01081109,0.01303195,0.00000000,-0.00148916,-0.00101344,0.00009042,0.00018029,0.00000000,-0.00297831,-0.00006201,0.00340199,0.00053975,0.00000000,-0.00468923,-0.00824981,-0.01406637,-0.01184551
1957-04-30,0.03417492,0.03184913,0.03413661,0.03449235,0.03476537,0.03417492,0.02952335,0.03871155,0.03555956,0.03585745,0.02898944,0.02787229,0.02665267,0.01279821,0.01197676,0.00000000,-0.00232578,-0.00003831,0.00031743,0.00059045,0.00000000,-0.00465157,0.00453664,0.00138465,0.00168254,0.00000000,-0.00111714,-0.00233677,-0.01619123,-0.01701268
1957-05-31,0.03433244,0.03334774,0.03539020,0.03574086,0.03640122,0.03433244,0.03236303,0.03947513,0.03679284,0.03904265,0.02790802,0.02273698,0.01743894,0.00708267,0.00055006,0.00000000,-0.00098470,0.00105776,0.00140842,0.00206878,0.00000000,-0.00196941,0.00514269,0.00246040,0.00471021,0.00000000,-0.00517104,-0.01046908,-0.02082535,-0.02735796
1957-06-30,0.03518183,0.03452482,0.03645765,0.03773540,0.03870187,0.03518183,0.03386780,0.04032331,0.04156865,0.04256777,0.02517621,0.02041562,0.01322708,0.00211273,-0.01078290,0.00000000,-0.00065702,0.00127582,0.00255357,0.00352004,0.00000000,-0.00131403,0.00514148,0.00638682,0.00738594,0.00000000,-0.00476059,-0.01194913,-0.02306348,-0.03595910
1957-07-31,0.03812687,0.03593540,0.03726398,0.03847583,0.03963180,0.03812687,0.03374394,0.03992114,0.04211139,0.04425568,0.02679944,0.02304059,0.01439181,0.00899902,0.00013705,0.00000000,-0.00219146,-0.00086288,0.00034897,0.00150494,0.00000000,-0.00438293,0.00179427,0.00398452,0.00612881,0.00000000,-0.00375885,-0.01240763,-0.01780042,-0.02666239
1957-08-31,0.03816902,0.03592045,0.03712768,0.03771809,0.03674396,0.03816902,0.03367187,0.03954215,0.03948933,0.03284741,0.03076725,0.02458357,0.02353976,0.02168573,0.01813344,0.00000000,-0.00224858,-0.00104134,-0.00045093,-0.00142507,0.00000000,-0.00449715,0.00137312,0.00132031,-0.00532162,0.00000000,-0.00618367,-0.00722749,-0.00908151,-0.01263380
1957-09-30,0.03957881,0.03806607,0.03809029,0.03849599,0.04002521,0.03957881,0.03655332,0.03813873,0.03971309,0.04614208,0.03131473,0.02388071,0.02193763,0.02107895,0.01805831,0.00000000,-0.00151274,-0.00148852,-0.00108282,0.00044640,0.00000000,-0.00302549,-0.00144008,0.00013429,0.00656327,0.00000000,-0.00743402,-0.00937710,-0.01023578,-0.01325642
1957-10-31,0.03746522,0.03895716,0.03924478,0.04004950,0.03777904,0.03746522,0.04044909,0.03982002,0.04246367,0.02869720,0.03033368,0.02578849,0.01754376,0.01422448,0.01000279,0.00000000,0.00149194,0.00177956,0.00258428,0.00031382,0.00000000,0.00298387,0.00235480,0.00499845,-0.00876802,0.00000000,-0.00454519,-0.01278992,-0.01610920,-0.02033089
1957-11-30,0.03386104,0.02986235,0.03037664,0.03246034,0.03390893,0.03386104,0.02586366,0.03140520,0.03871146,0.03970331,0.03370067,0.03484871,0.04539672,0.04581613,0.04797199,0.00000000,-0.00399869,-0.00348441,-0.00140070,0.00004789,0.00000000,-0.00799738,-0.00245584,0.00485042,0.00584226,0.00000000,0.00114804,0.01169605,0.01211545,0.01427132
1957-12-31,0.02650319,0.02513910,0.02660445,0.02793010,0.02786147,0.02650319,0.02377502,0.02953513,0.03190707,0.02758694,0.03386270,0.04374815,0.05406584,0.05886273,0.06821155,0.00000000,-0.00136408,0.00010126,0.00142692,0.00135828,0.00000000,-0.00272817,0.00303195,0.00540389,0.00108375,0.00000000,0.00988546,0.02020314,0.02500003,0.03434886
1958-01-31,0.02036058,0.02213267,0.02412126,0.02709822,0.02792703,0.02036058,0.02390476,0.02809845,0.03602909,0.03124230,0.02929803,0.04457875,0.05090268,0.05483982,0.05441667,0.00000000,0.00177209,0.00376068,0.00673764,0.00756645,0.00000000,0.00354418,0.00773787,0.01566851,0.01088172,0.00000000,0.01528072,0.02160465,0.02554179,0.02511864
1958-02-28,0.01719120,0.01887487,0.02146773,0.02465763,0.02577009,0.01719120,0.02055855,0.02665344,0.03422735,0.03021990,0.03183781,0.04909538,0.06140278,0.06822429,0.06768587,0.00000000,0.00168367,0.00427653,0.00746643,0.00857889,0.00000000,0.00336735,0.00946224,0.01703615,0.01302870,0.00000000,0.01725757,0.02956497,0.03638648,0.03584806
1958-03-31,0.01485216,0.01919800,0.02159360,0.02356760,0.02505853,0.01485216,0.02354385,0.02638480,0.02948960,0.03102222,0.03322963,0.04862879,0.05825256,0.06849938,0.07277916,0.00000000,0.00434585,0.00674145,0.00871545,0.01020637,0.00000000,0.00869170,0.01153264,0.01463745,0.01617007,0.00000000,0.01539916,0.02502293,0.03526976,0.03954953
1958-04-30,0.01267247,0.01643792,0.01965665,0.02173363,0.02410045,0.01267247,0.02020337,0.02609412,0.02796456,0.03356775,0.03417492,0.05102579,0.06953398,0.07899942,0.08689232,0.00000000,0.00376545,0.00698418,0.00906116,0.01142798,0.00000000,0.00753090,0.01342165,0.01529208,0.02089527,0.00000000,0.01685088,0.03535906,0.04482450,0.05271740
1958-05-31,0.01113235,0.01468610,0.01916017,0.02010602,0.02341429,0.01113235,0.01823985,0.02810830,0.02294357,0.03664738,0.03433244,0.05556312,0.07679841,0.08548295,0.10158203,0.00000000,0.00355375,0.00802782,0.00897367,0.01228194,0.00000000,0.00710750,0.01697594,0.01181122,0.02551503,0.00000000,0.02123068,0.04246597,0.05115051,0.06724959
1958-06-30,0.01093960,0.01652649,0.02174139,0.02459187,0.02528961,0.01093960,0.02211339,0.03217119,0.03314330,0.02808055,0.03518183,0.05811004,0.07631996,0.08571743,0.09514190,0.00000000,0.00558690,0.01080180,0.01365227,0.01435001,0.00000000,0.01117380,0.02123159,0.02220370,0.01714096,0.00000000,0.02292821,0.04113813,0.05053559,0.05996007
1958-07-31,0.01600158,0.01861980,0.02413246,0.02731733,0.02782482,0.01600158,0.02123801,0.03515779,0.03687194,0.02985476,0.03812687,0.05586922,0.07455235,0.08150595,0.08888969,0.00000000,0.00261821,0.00813088,0.01131575,0.01182323,0.00000000,0.00523643,0.01915620,0.02087036,0.01385318,0.00000000,0.01774236,0.03642549,0.04337909,0.05076282
1958-08-31,0.02735957,0.03281851,0.03341849,0.03580852,0.03560897,0.02735957,0.03827746,0.03461843,0.04297863,0.03481078,0.03816902,0.04448133,0.04574602,0.05061692,0.04048569,0.00000000,0.00545894,0.00605892,0.00844895,0.00824940,0.00000000,0.01091789,0.00725886,0.01561906,0.00745121,0.00000000,0.00631230,0.00757699,0.01244789,0.00231667
1958-09-30,0.02936593,0.03339390,0.03414347,0.03608758,0.03640988,0.02936593,0.03742187,0.03564260,0.04191991,0.03769908,0.03957881,0.04676620,0.04748306,0.05155355,0.05577572,0.00000000,0.00402797,0.00477754,0.00672165,0.00704395,0.00000000,0.00805594,0.00627667,0.01255398,0.00833315,0.00000000,0.00718739,0.00790425,0.01197475,0.01619692
1958-10-31,0.02988209,0.03211039,0.03593924,0.03545898,0.03573002,0.02988209,0.03433868,0.04359696,0.03401818,0.03681420,0.03746522,0.04803222,0.05351356,0.05238027,0.04705928,0.00000000,0.00222830,0.00605716,0.00557689,0.00584794,0.00000000,0.00445659,0.01371487,0.00413609,0.00693211,0.00000000,0.01056700,0.01604834,0.01491505,0.00959406
1958-11-30,0.03171374,0.03145503,0.03491836,0.03551097,0.03353201,0.03171374,0.03119631,0.04184504,0.03728880,0.02561614,0.03386104,0.02801096,0.02821985,0.02508627,0.02750078,0.00000000,-0.00025872,0.00320462,0.00379723,0.00181826,0.00000000,-0.00051744,0.01013130,0.00557506,-0.00609760,0.00000000,-0.00585008,-0.00564119,-0.00877477,-0.00636026
1958-12-31,0.02910885,0.03072900,0.03567094,0.03661196,0.03694171,0.02910885,0.03234914,0.04555482,0.03943502,0.03826069,0.02650319,0.02116935,0.01835534,0.00470760,-0.00714049,0.00000000,0.00162014,0.00656209,0.00750311,0.00783285,0.00000000,0.00324029,0.01644597,0.01032617,0.00915184,0.00000000,-0.00533383,-0.00814784,-0.02179559,-0.03364368
1959-01-31,0.03061834,0.03320413,0.03758610,0.03874152,0.03853012,0.03061834,0.03578993,0.04635004,0.04220775,0.03768455,0.02036058,0.01364699,0.00595552,-0.00436544,-0.01533089,0.00000000,0.00258579,0.00696776,0.00812317,0.00791178,0.00000000,0.00517158,0.01573170,0.01158941,0.00706620,0.00000000,-0.00671359,-0.01440506,-0.02472602,-0.03569147
1959-02-28,0.03385582,0.03349110,0.03566300,0.03709147,0.03686704,0.03385582,0.03312637,0.04000680,0.04137690,0.03596930,0.01719120,0.00389393,-0.00257901,-0.00835846,-0.01951546,0.00000000,-0.00036472,0.00180718,0.00323566,0.00301122,0.00000000,-0.00072944,0.00615099,0.00752108,0.00211348,0.00000000,-0.01329727,-0.01977021,-0.02554966,-0.03670666
1959-03-31,0.03483232,0.03635311,0.03750988,0.03775488,0.03838138,0.03483232,0.03787390,0.03982344,0.03848986,0.04088740,0.01485216,0.00356369,-0.00792541,-0.01825924,-0.02572688,0.00000000,0.00152079,0.00267757,0.00292256,0.00354906,0.00000000,0.00304158,0.00499112,0.00365754,0.00605508,0.00000000,-0.01128847,-0.02277756,-0.03311140,-0.04057904
1959-04-30,0.03719623,0.03830269,0.03855989,0.03993970,0.04003706,0.03719623,0.03940915,0.03907429,0.04407915,0.04042650,0.01267247,-0.00432039,-0.01763541,-0.02874515,-0.03925656,0.00000000,0.00110646,0.00136366,0.00274348,0.00284084,0.00000000,0.00221292,0.00187806,0.00688292,0.00323028,0.00000000,-0.01699286,-0.03030789,-0.04141762,-0.05192903
1959-05-31,0.03771130,0.03892153,0.04039347,0.04094701,0.04143693,0.03771130,0.04013177,0.04333735,0.04260760,0.04339663,0.01113235,-0.00833910,-0.02036257,-0.04075635,-0.04671658,0.00000000,0.00121024,0.00268218,0.00323571,0.00372563,0.00000000,0.00242047,0.00562606,0.00489631,0.00568533,0.00000000,-0.01947145,-0.03149492,-0.05188870,-0.05784893
1959-06-30,0.04001945,0.04196869,0.04187113,0.04319858,0.04337153,0.04001945,0.04391793,0.04167602,0.04718092,0.04406331,0.01093960,-0.00696646,-0.01871320,-0.02724592,-0.04634629,0.00000000,0.00194924,0.00185168,0.00317913,0.00335207,0.00000000,0.00389847,0.00165657,0.00716147,0.00404386,0.00000000,-0.01790606,-0.02965280,-0.03818552,-0.05728588
1959-07-31,0.04235950,0.04022689,0.04129039,0.04317284,0.04455506,0.04235950,0.03809429,0.04341739,0.04882016,0.05008395,0.01600158,-0.00511990,-0.00805641,-0.01460185,-0.03356725,0.00000000,-0.00213261,-0.00106911,0.00081334,0.00219556,0.00000000,-0.00426521,0.00105789,0.00646066,0.00772445,0.00000000,-0.02112149,-0.02405799,-0.03060344,-0.04956884
1959-08-31,0.04386227,0.04367850,0.04432477,0.04559404,0.04590328,0.04386227,0.04349473,0.04561731,0.04940184,0.04714024,0.02735957,0.02177476,0.01289846,0.01025978,-0.00433128,0.00000000,-0.00018377,0.00046250,0.00173177,0.00204101,0.00000000,-0.00036753,0.00175504,0.00553958,0.00327797,0.00000000,-0.00558481,-0.01446111,-0.01709979,-0.03169085
1959-09-30,0.04678872,0.04645810,0.04629239,0.04644332,0.04580872,0.04678872,0.04612749,0.04596098,0.04689608,0.04327036,0.02936593,0.01999908,0.00951419,0.00547312,-0.00372388,0.00000000,-0.00033061,-0.00049632,-0.00034540,-0.00097999,0.00000000,-0.00066123,-0.00082774,0.00010736,-0.00351836,0.00000000,-0.00936685,-0.01985174,-0.02389281,-0.03308981
1959-10-31,0.04093801,0.04132712,0.04398126,0.04430488,0.04155016,0.04093801,0.04171623,0.04928954,0.04527573,0.03053131,0.02988209,0.02328276,0.02516349,0.00989213,0.00143061,0.00000000,0.00038911,0.00304325,0.00336686,0.00061215,0.00000000,0.00077822,0.00835152,0.00433772,-0.01040670,0.00000000,-0.00659933,-0.00471860,-0.01998995,-0.02845148
1959-11-30,0.04702059,0.04654705,0.04667978,0.04741193,0.04485598,0.04702059,0.04607352,0.04694522,0.04960838,0.03463216,0.03171374,0.01588946,0.01166099,0.00200456,-0.02198768,0.00000000,-0.00047354,-0.00034081,0.00039134,-0.00216461,0.00000000,-0.00094707,-0.00007537,0.00258780,-0.01238843,0.00000000,-0.01582428,-0.02005276,-0.02970918,-0.05370142
1959-12-31,0.04746039,0.04803161,0.04867268,0.04764811,0.04698424,0.04746039,0.04860283,0.04995483,0.04457441,0.04432876,0.02910885,0.01399760,0.01094959,0.00042978,-0.00588393,0.00000000,0.00057122,0.00121229,0.00018772,-0.00047615,0.00000000,0.00114243,0.00249444,-0.00288599,-0.00313163,0.00000000,-0.01511125,-0.01815926,-0.02867907,-0.03499278
1960-01-31,0.04528643,0.04533552,0.04585486,0.04557768,0.04550006,0.04528643,0.04538460,0.04689356,0.04474614,0.04518957,0.03061834,0.02112184,0.02208728,0.01740147,0.01033988,0.00000000,0.00004909,0.00056843,0.00029125,0.00021363,0.00000000,0.00009817,0.00160712,-0.00054029,-0.00009686,0.00000000,-0.00949651,-0.00853106,-0.01321687,-0.02027847
1960-02-29,0.04457020,0.04316938,0.04552018,0.04516577,0.04485029,0.04457020,0.04176855,0.05022179,0.04410253,0.04358838,0.03385582,0.02241199,0.02065024,0.01180535,0.00367211,0.00000000,-0.00140082,0.00094998,0.00059557,0.00028009,0.00000000,-0.00280165,0.00565158,-0.00046767,-0.00098182,0.00000000,-0.01144383,-0.01320558,-0.02205047,-0.03018370
1960-03-31,0.03558586,0.03689718,0.03758398,0.03910842,0.03963685,0.03558586,0.03820850,0.03895758,0.04368172,0.04175056,0.03483232,0.03712035,0.03873529,0.03826756,0.03547324,0.00000000,0.00131132,0.00199812,0.00352256,0.00405098,0.00000000,0.00262264,0.00337172,0.00809586,0.00616470,0.00000000,0.00228803,0.00390297,0.00343525,0.00064092
1960-04-30,0.04063036,0.03968783,0.04108150,0.04279906,0.04131472,0.04063036,0.03874531,0.04386885,0.04795173,0.03537736,0.03719623,0.03597502,0.03630400,0.03651431,0.02898908,0.00000000,-0.00094252,0.00045115,0.00216870,0.00068437,0.00000000,-0.00188505,0.00323849,0.00732137,-0.00525299,0.00000000,-0.00122121,-0.00089222,-0.00068192,-0.00820715
1960-05-31,0.03952504,0.04085867,0.04057384,0.04205013,0.04304814,0.03952504,0.04219229,0.04000418,0.04647899,0.04704017,0.03771130,0.03831803,0.03946308,0.04206651,0.03898415,0.00000000,0.00133363,0.00104880,0.00252508,0.00352309,0.00000000,0.00266725,0.00047914,0.00695395,0.00751513,0.00000000,0.00060673,0.00175179,0.00435521,0.00127285
1960-06-30,0.03119720,0.03632600,0.03683660,0.03874050,0.03901488,0.03119720,0.04145481,0.03785781,0.04445219,0.04011243,0.04001945,0.05274018,0.05296140,0.06228451,0.06189563,0.00000000,0.00512880,0.00563941,0.00754330,0.00781769,0.00000000,0.01025761,0.00666061,0.01325500,0.00891523,0.00000000,0.01272073,0.01294194,0.02226506,0.02187618
1960-07-31,0.02796887,0.03050710,0.03060492,0.03433577,0.03364973,0.02796887,0.03304532,0.03080057,0.04552830,0.03090559,0.04235950,0.05248492,0.06285699,0.08087657,0.08543223,0.00000000,0.00253823,0.00263605,0.00636689,0.00568086,0.00000000,0.00507645,0.00283170,0.01755943,0.00293672,0.00000000,0.01012542,0.02049749,0.03851707,0.04307273
1960-08-31,0.02856801,0.02921122,0.03222447,0.03462201,0.03450756,0.02856801,0.02985443,0.03825097,0.04181464,0.03404975,0.04386227,0.05878899,0.07455187,0.08570275,0.09102835,0.00000000,0.00064321,0.00365646,0.00605400,0.00593955,0.00000000,0.00128641,0.00968295,0.01324662,0.00548174,0.00000000,0.01492672,0.03068960,0.04184048,0.04716609
1960-09-30,0.02807186,0.02673647,0.03281504,0.03537627,0.03432875,0.02807186,0.02540108,0.04497219,0.04305995,0.03013867,0.04678872,0.06484435,0.08540425,0.08732814,0.08753855,0.00000000,-0.00133539,0.00474318,0.00730441,0.00625689,0.00000000,-0.00267078,0.01690033,0.01498809,0.00206681,0.00000000,0.01805563,0.03861554,0.04053943,0.04074984
1960-10-31,0.02788008,0.03017074,0.03354177,0.03571982,0.03495168,0.02788008,0.03246140,0.04028383,0.04225397,0.03187911,0.04093801,0.05477416,0.07160229,0.07659419,0.06487153,0.00000000,0.00229066,0.00566169,0.00783974,0.00707159,0.00000000,0.00458132,0.01240375,0.01437389,0.00399903,0.00000000,0.01383615,0.03066428,0.03565618,0.02393352
1960-11-30,0.02966654,0.03139456,0.03452882,0.03770101,0.03613261,0.02966654,0.03312258,0.04079733,0.04721757,0.02985903,0.04702059,0.06342757,0.07725021,0.08606127,0.07347585,0.00000000,0.00172802,0.00486228,0.00803447,0.00646607,0.00000000,0.00345604,0.01113079,0.01755104,0.00019249,0.00000000,0.01640698,0.03022962,0.03904068,0.02645526
1960-12-31,0.02600785,0.02742616,0.03062480,0.03292262,0.03375908,0.02600785,0.02884447,0.03702208,0.03981607,0.03710492,0.04746039,0.07005538,0.09116574,0.09871806,0.10323075,0.00000000,0.00141831,0.00461695,0.00691477,0.00775123,0.00000000,0.00283663,0.01101423,0.01380823,0.01109707,0.00000000,0.02259498,0.04370534,0.05125767,0.05577036
1961-01-31,0.02745082,0.03085672,0.03309957,0.03531772,0.03567192,0.02745082,0.03426261,0.03758528,0.04197216,0.03708875,0.04528643,0.06322021,0.07585116,0.08301201,0.08622943,0.00000000,0.00340590,0.00564875,0.00786690,0.00822110,0.00000000,0.00681179,0.01013446,0.01452134,0.00963793,0.00000000,0.01793378,0.03056473,0.03772558,0.04094300
1961-02-28,0.02931054,0.03055193,0.03257060,0.03404492,0.03428778,0.02931054,0.03179333,0.03660793,0.03846788,0.03525921,0.04457020,0.05702822,0.07545668,0.08295128,0.08807178,0.00000000,0.00124140,0.00326006,0.00473438,0.00497724,0.00000000,0.00248279,0.00729739,0.00915734,0.00594867,0.00000000,0.01245802,0.03088648,0.03838108,0.04350158
1961-03-31,0.02855250,0.02868467,0.03098883,0.03223166,0.03384333,0.02855250,0.02881684,0.03559716,0.03596013,0.04029001,0.03558586,0.04524187,0.05538262,0.06346718,0.06925761,0.00000000,0.00013217,0.00243633,0.00367916,0.00529083,0.00000000,0.00026434,0.00704466,0.00740763,0.01173751,0.00000000,0.00965601,0.01979675,0.02788132,0.03367175
1961-04-30,0.02831514,0.03006933,0.03160823,0.03071049,0.03291449,0.02831514,0.03182353,0.03468602,0.02801728,0.04173049,0.04063036,0.05106052,0.06310585,0.07637155,0.08373163,0.00000000,0.00175419,0.00329309,0.00239535,0.00459935,0.00000000,0.00350839,0.00637088,-0.00029786,0.01341535,0.00000000,0.01043017,0.02247549,0.03574120,0.04310128
1961-05-31,0.02887084,0.03159982,0.03363189,0.03196641,0.03476745,0.02887084,0.03432879,0.03769603,0.02696998,0.04597160,0.03952504,0.05284649,0.05852188,0.06730485,0.08737504,0.00000000,0.00272897,0.00476104,0.00309557,0.00589661,0.00000000,0.00545795,0.00882519,-0.00190086,0.01710076,0.00000000,0.01332145,0.01899684,0.02777980,0.04784999
1961-06-30,0.02953820,0.03205186,0.03452616,0.03563360,0.03563496,0.02953820,0.03456553,0.03947475,0.03895590,0.03564039,0.03119720,0.04311380,0.04640608,0.05138352,0.05254004,0.00000000,0.00251366,0.00498796,0.00609539,0.00609675,0.00000000,0.00502733,0.00993655,0.00941770,0.00610219,0.00000000,0.01191660,0.01520888,0.02018632,0.02134285
1961-07-31,0.02849079,0.03105839,0.03563727,0.03565993,0.03573075,0.02849079,0.03362599,0.04479503,0.03572790,0.03601402,0.02796887,0.03252340,0.02969799,0.03043126,0.02560895,0.00000000,0.00256760,0.00714648,0.00716914,0.00723996,0.00000000,0.00513519,0.01630424,0.00723711,0.00752323,0.00000000,0.00455453,0.00172912,0.00246239,-0.00235992
1961-08-31,0.03002053,0.03201181,0.03563909,0.03732516,0.03596392,0.03002053,0.03400309,0.04289366,0.04238338,0.03051892,0.02856801,0.02840191,0.03264979,0.03157077,0.02323713,0.00000000,0.00199128,0.00561856,0.00730464,0.00594339,0.00000000,0.00398256,0.01287313,0.01236286,0.00049840,0.00000000,-0.00016610,0.00408177,0.00300276,-0.00533088
1961-09-30,0.02933990,0.03052697,0.03553274,0.03574299,0.03523196,0.02933990,0.03171404,0.04554428,0.03637374,0.03318783,0.02807186,0.02413303,0.03739118,0.03490685,0.02867177,0.00000000,0.00118707,0.00619284,0.00640309,0.00589206,0.00000000,0.00237414,0.01620438,0.00703384,0.00384793,0.00000000,-0.00393882,0.00931932,0.00683499,0.00059992
1961-10-31,0.02894997,0.03116848,0.03442968,0.03448620,0.03615582,0.02894997,0.03338698,0.04095207,0.03465578,0.04283431,0.02788008,0.03139151,0.03828836,0.03959026,0.03681359,0.00000000,0.00221850,0.00547970,0.00553623,0.00720585,0.00000000,0.00443701,0.01200210,0.00570581,0.01388433,0.00000000,0.00351143,0.01040828,0.01171018,0.00893350
1961-11-30,0.02926584,0.03251812,0.03554486,0.03465474,0.03710755,0.02926584,0.03577039,0.04159833,0.03198441,0.04691878,0.02966654,0.03352328,0.03855021,0.04416946,0.04204408,0.00000000,0.00325227,0.00627901,0.00538890,0.00784171,0.00000000,0.00650455,0.01233248,0.00271857,0.01765293,0.00000000,0.00385674,0.00888367,0.01450292,0.01237754
1961-12-31,0.03062118,0.03328473,0.03638214,0.03659000,0.03776711,0.03062118,0.03594827,0.04257697,0.03721359,0.04247556,0.02600785,0.02423113,0.02530494,0.02254405,0.02243537,0.00000000,0.00266354,0.00576096,0.00596882,0.00714593,0.00000000,0.00532709,0.01195578,0.00659240,0.01185437,0.00000000,-0.00177671,-0.00070291,-0.00346380,-0.00357247
1962-01-31,0.03239291,0.03437310,0.03731221,0.03802215,0.03878303,0.03239291,0.03635328,0.04319045,0.04015195,0.04182655,0.02745082,0.02932052,0.03055252,0.02933424,0.02627103,0.00000000,0.00198018,0.00491930,0.00562923,0.00639012,0.00000000,0.00396037,0.01079753,0.00775904,0.00943364,0.00000000,0.00186970,0.00310170,0.00188342,-0.00117979
1962-02-28,0.03086620,0.03194799,0.03412932,0.03527853,0.03638198,0.03086620,0.03302977,0.03849198,0.03872617,0.04079576,0.02931054,0.03023766,0.03381582,0.03379172,0.03032476,0.00000000,0.00108179,0.00326312,0.00441233,0.00551578,0.00000000,0.00216357,0.00762578,0.00785997,0.00992956,0.00000000,0.00092713,0.00450528,0.00448118,0.00101422
1962-03-31,0.02845714,0.03096614,0.03268043,0.03450805,0.03517692,0.02845714,0.03347515,0.03610900,0.03999093,0.03785238,0.02855250,0.02891220,0.03103421,0.03088534,0.03118441,0.00000000,0.00250900,0.00422329,0.00605092,0.00671978,0.00000000,0.00501801,0.00765186,0.01153380,0.00939525,0.00000000,0.00035970,0.00248171,0.00233284,0.00263192
1962-04-30,0.02961854,0.03222676,0.03309773,0.03513621,0.03541948,0.02961854,0.03483499,0.03483968,0.04125163,0.03655259,0.02831514,0.03052013,0.03037116,0.02354877,0.02402763,0.00000000,0.00260822,0.00347919,0.00551767,0.00580094,0.00000000,0.00521645,0.00522114,0.01163309,0.00693405,0.00000000,0.00220499,0.00205602,-0.00476637,-0.00428751
1962-05-31,0.02900608,0.03117151,0.03267103,0.03459899,0.03515001,0.02900608,0.03333695,0.03567005,0.04038290,0.03735408,0.02887084,0.03419355,0.03855263,0.02985257,0.03544127,0.00000000,0.00216544,0.00366495,0.00559291,0.00614393,0.00000000,0.00433087,0.00666397,0.01137682,0.00834800,0.00000000,0.00532271,0.00968179,0.00098173,0.00657043
1962-06-30,0.03024995,0.03321688,0.03421456,0.03546605,0.03586996,0.03024995,0.03618381,0.03620992,0.03922052,0.03748558,0.02953820,0.03385378,0.03714472,0.03989070,0.03631058,0.00000000,0.00296693,0.00396461,0.00521610,0.00562001,0.00000000,0.00593386,0.00595997,0.00897057,0.00723563,0.00000000,0.00431558,0.00760652,0.01035250,0.00677237
1962-07-31,0.03254601,0.03377722,0.03483846,0.03580160,0.03655123,0.03254601,0.03500844,0.03696093,0.03869103,0.03954973,0.02849079,0.02957077,0.03935736,0.03812434,0.03544733,0.00000000,0.00123122,0.00229245,0.00325559,0.00400522,0.00000000,0.00246243,0.00441492,0.00614502,0.00700372,0.00000000,0.00107998,0.01086657,0.00963354,0.00695654
1962-08-31,0.02988994,0.03115368,0.03290611,0.03408509,0.03476784,0.02988994,0.03241742,0.03641097,0.03762204,0.03749880,0.03002053,0.03413367,0.04460991,0.05058232,0.04347920,0.00000000,0.00126374,0.00301617,0.00419515,0.00487789,0.00000000,0.00252748,0.00652103,0.00773210,0.00760886,0.00000000,0.00411315,0.01458938,0.02056179,0.01345867
1962-09-30,0.02919751,0.03029201,0.03266325,0.03405223,0.03598733,0.02919751,0.03138651,0.03740574,0.03821915,0.04372777,0.02933990,0.03185644,0.04601420,0.04498220,0.03995088,0.00000000,0.00109450,0.00346575,0.00485472,0.00678983,0.00000000,0.00218901,0.00820823,0.00902164,0.01453026,0.00000000,0.00251654,0.01667430,0.01564230,0.01061098
1962-10-31,0.02880143,0.03043209,0.03259276,0.03346683,0.03551650,0.02880143,0.03206275,0.03691409,0.03608905,0.04371517,0.02894997,0.03353552,0.04242484,0.04016653,0.04691179,0.00000000,0.00163066,0.00379133,0.00466540,0.00671507,0.00000000,0.00326132,0.00811266,0.00728762,0.01491373,0.00000000,0.00458555,0.01347487,0.01121656,0.01796182
1962-11-30,0.02879811,0.03147887,0.03316307,0.03370444,0.03473683,0.02879811,0.03415962,0.03653149,0.03532855,0.03886638,0.02926584,0.03623813,0.04367683,0.03912976,0.05071998,0.00000000,0.00268076,0.00436496,0.00490633,0.00593872,0.00000000,0.00536151,0.00773338,0.00653044,0.01006827,0.00000000,0.00697228,0.01441099,0.00986391,0.02145413
1962-12-31,0.02934483,0.03154010,0.03324070,0.03352432,0.03431794,0.02934483,0.03373537,0.03664190,0.03437519,0.03749242,0.03062118,0.03722463,0.04606622,0.04663791,0.05473828,0.00000000,0.00219527,0.00389587,0.00417950,0.00497312,0.00000000,0.00439055,0.00729708,0.00503036,0.00814760,0.00000000,0.00660345,0.01544504,0.01601672,0.02411709
1963-01-31,0.02984487,0.03017300,0.03341161,0.03406645,0.03538963,0.02984487,0.03050113,0.03988881,0.03603097,0.04068238,0.03239291,0.03890132,0.05159064,0.05185377,0.05764936,0.00000000,0.00032813,0.00356673,0.00422158,0.00554476,0.00000000,0.00065626,0.01004394,0.00618610,0.01083751,0.00000000,0.00650841,0.01919772,0.01946086,0.02525645
1963-02-28,0.02918010,0.03060805,0.03343737,0.03433279,0.03585679,0.02918010,0.03203600,0.03909602,0.03701904,0.04195278,0.03086620,0.03471588,0.04117187,0.04080201,0.04457874,0.00000000,0.00142795,0.00425728,0.00515269,0.00667669,0.00000000,0.00285590,0.00991593,0.00783894,0.01277268,0.00000000,0.00384968,0.01030566,0.00993581,0.01371254
1963-03-31,0.02982244,0.03119685,0.03367532,0.03549158,0.03605705,0.02982244,0.03257126,0.03863228,0.04094034,0.03831893,0.02845714,0.03210985,0.03564759,0.03700624,0.03391829,0.00000000,0.00137441,0.00385289,0.00566914,0.00623461,0.00000000,0.00274882,0.00880984,0.01111790,0.00849650,0.00000000,0.00365271,0.00719045,0.00854910,0.00546115
1963-04-30,0.03051622,0.03224780,0.03460888,0.03574747,0.03613713,0.03051622,0.03397938,0.03933103,0.03916324,0.03769576,0.02961854,0.03393731,0.03479760,0.03671820,0.03410755,0.00000000,0.00173158,0.00409266,0.00523125,0.00562091,0.00000000,0.00346316,0.00881481,0.00864702,0.00717954,0.00000000,0.00431877,0.00517906,0.00709966,0.00448901
1963-05-31,0.03101353,0.03227958,0.03488374,0.03619300,0.03668386,0.03101353,0.03354563,0.04009208,0.04012077,0.03864729,0.02900608,0.03132950,0.03345392,0.03374474,0.03097805,0.00000000,0.00126605,0.00387022,0.00517947,0.00567033,0.00000000,0.00253210,0.00907855,0.00910724,0.00763376,0.00000000,0.00232342,0.00444784,0.00473866,0.00197197
1963-06-30,0.03077845,0.03225967,0.03474099,0.03646203,0.03701337,0.03077845,0.03374088,0.03970365,0.04162513,0.03921873,0.03024995,0.03565531,0.03812435,0.03764122,0.03350166,0.00000000,0.00148121,0.00396254,0.00568358,0.00623492,0.00000000,0.00296243,0.00892520,0.01084668,0.00844028,0.00000000,0.00540536,0.00787440,0.00739127,0.00325171
1963-07-31,0.03427941,0.03555233,0.03597427,0.03733208,0.03767487,0.03427941,0.03682526,0.03681814,0.04140552,0.03904602,0.03254601,0.03327503,0.03341071,0.03528359,0.03342781,0.00000000,0.00127292,0.00169486,0.00305267,0.00339546,0.00000000,0.00254585,0.00253873,0.00712611,0.00476661,0.00000000,0.00072903,0.00086470,0.00273759,0.00088180
1963-08-31,0.03620743,0.03584825,0.03606816,0.03768699,0.03804807,0.03620743,0.03548908,0.03650797,0.04254350,0.03949238,0.02988994,0.02609994,0.02702183,0.02813591,0.02309121,0.00000000,-0.00035917,-0.00013927,0.00147957,0.00184064,0.00000000,-0.00071835,0.00030054,0.00633607,0.00328496,0.00000000,-0.00379000,-0.00286811,-0.00175404,-0.00679873
1963-09-30,0.03630710,0.03599006,0.03618436,0.03782720,0.03844200,0.03630710,0.03567301,0.03657295,0.04275575,0.04090120,0.02919751,0.02427692,0.02600964,0.02765584,0.02862785,0.00000000,-0.00031705,-0.00012275,0.00152010,0.00213490,0.00000000,-0.00063409,0.00026584,0.00644865,0.00459409,0.00000000,-0.00492059,-0.00318787,-0.00154167,-0.00056965
1963-10-31,0.03600842,0.03693704,0.03679224,0.03853904,0.03900990,0.03600842,0.03786567,0.03650264,0.04377944,0.04089333,0.02880143,0.02485576,0.02390419,0.02349060,0.02342633,0.00000000,0.00092862,0.00078382,0.00253062,0.00300148,0.00000000,0.00185724,0.00049422,0.00777101,0.00488491,0.00000000,-0.00394567,-0.00489724,-0.00531083,-0.00537510
1963-11-30,0.03722224,0.03731851,0.03715971,0.03826143,0.03870098,0.03722224,0.03741477,0.03684211,0.04156661,0.04045915,0.02879811,0.02573549,0.02485221,0.02333865,0.02063842,0.00000000,0.00009627,-0.00006253,0.00103919,0.00147874,0.00000000,0.00019253,-0.00038013,0.00434437,0.00323691,0.00000000,-0.00306262,-0.00394590,-0.00545946,-0.00815969
1963-12-31,0.03757546,0.03833277,0.03850033,0.03929461,0.03926174,0.03757546,0.03909007,0.03883547,0.04167742,0.03913030,0.02934483,0.02550474,0.02305657,0.01859629,0.01441130,0.00000000,0.00075731,0.00092487,0.00171915,0.00168628,0.00000000,0.00151461,0.00126001,0.00410196,0.00155484,0.00000000,-0.00384009,-0.00628825,-0.01074853,-0.01493353
1964-01-31,0.03719277,0.03819130,0.03863044,0.03867108,0.03906617,0.03719277,0.03918984,0.03950871,0.03879302,0.04064651,0.02984487,0.02315324,0.02385221,0.02037447,0.02226383,0.00000000,0.00099853,0.00143767,0.00147832,0.00187340,0.00000000,0.00199707,0.00231595,0.00160026,0.00345374,0.00000000,-0.00669164,-0.00599266,-0.00947040,-0.00758104
1964-02-29,0.03871508,0.03903910,0.03945970,0.03932022,0.03944214,0.03871508,0.03936313,0.04030088,0.03890179,0.03992982,0.02918010,0.02250102,0.02223391,0.01895206,0.02200305,0.00000000,0.00032403,0.00074462,0.00060514,0.00072706,0.00000000,0.00064806,0.00158581,0.00018671,0.00121474,0.00000000,-0.00667908,-0.00694619,-0.01022803,-0.00717704
1964-03-31,0.03835932,0.03995471,0.04042239,0.04061314,0.03991981,0.03835932,0.04155009,0.04135776,0.04118538,0.03714652,0.02982244,0.02403438,0.02111656,0.02069914,0.01783270,0.00000000,0.00159539,0.00206307,0.00225382,0.00156049,0.00000000,0.00319077,0.00299844,0.00282606,-0.00121280,0.00000000,-0.00578806,-0.00870587,-0.00912329,-0.01198974
1964-04-30,0.03713121,0.03901048,0.03967580,0.04001074,0.03995984,0.03713121,0.04088975,0.04100645,0.04101556,0.03975622,0.03051622,0.02736439,0.02580567,0.02396246,0.02064266,0.00000000,0.00187927,0.00254459,0.00287953,0.00282863,0.00000000,0.00375854,0.00387524,0.00388435,0.00262501,0.00000000,-0.00315183,-0.00471055,-0.00655376,-0.00987356
1964-05-31,0.03760662,0.03843336,0.03887613,0.03942378,0.03902135,0.03760662,0.03926010,0.03976168,0.04106672,0.03741165,0.03101353,0.02695253,0.02778451,0.02814360,0.02572417,0.00000000,0.00082674,0.00126951,0.00181716,0.00141473,0.00000000,0.00165348,0.00215506,0.00346010,-0.00019497,0.00000000,-0.00406100,-0.00322902,-0.00286993,-0.00528936
1964-06-30,0.03709865,0.03708867,0.03819646,0.03895606,0.03900259,0.03709865,0.03707870,0.04041205,0.04123485,0.03918869,0.03077845,0.02742069,0.03004564,0.03125873,0.02924261,0.00000000,-0.00000998,0.00109782,0.00185741,0.00190394,0.00000000,-0.00001995,0.00331340,0.00413620,0.00209004,0.00000000,-0.00335777,-0.00073281,0.00048027,-0.00153584
1964-07-31,0.03689881,0.03598420,0.03795299,0.03893668,0.03927805,0.03689881,0.03506958,0.04189058,0.04188776,0.04064352,0.03427941,0.03420585,0.03595442,0.03546936,0.03262762,0.00000000,-0.00091462,0.00105418,0.00203787,0.00237924,0.00000000,-0.00182924,0.00499176,0.00498895,0.00374470,0.00000000,-0.00007356,0.00167501,0.00118995,-0.00165179
1964-08-31,0.03742131,0.03665746,0.03828002,0.03913432,0.03943259,0.03742131,0.03589361,0.04152514,0.04169724,0.04062567,0.03620743,0.03427520,0.03488956,0.03590791,0.03370305,0.00000000,-0.00076385,0.00085871,0.00171302,0.00201129,0.00000000,-0.00152770,0.00410384,0.00427593,0.00320437,0.00000000,-0.00193223,-0.00131787,-0.00029952,-0.00250437
1964-09-30,0.03823301,0.03726876,0.03863421,0.03917490,0.03913348,0.03823301,0.03630452,0.04136511,0.04079696,0.03896783,0.03630710,0.03374711,0.03401554,0.03540619,0.03551043,0.00000000,-0.00096424,0.00040120,0.00094189,0.00090048,0.00000000,-0.00192849,0.00313210,0.00256395,0.00073482,0.00000000,-0.00255999,-0.00229156,-0.00090092,-0.00079668
1964-10-31,0.03831775,0.03789092,0.03896520,0.03920717,0.03927313,0.03831775,0.03746409,0.04111377,0.03993307,0.03953696,0.03600842,0.03555634,0.03459489,0.03726056,0.03822083,0.00000000,-0.00042683,0.00064745,0.00088942,0.00095538,0.00000000,-0.00085366,0.00279602,0.00161532,0.00121921,0.00000000,-0.00045208,-0.00141353,0.00125214,0.00221240
1964-11-30,0.04127709,0.03948784,0.04012589,0.04000026,0.03988807,0.04127709,0.03769859,0.04140198,0.03962339,0.03943929,0.03722224,0.03335992,0.03250344,0.03266806,0.03350382,0.00000000,-0.00178925,-0.00115120,-0.00127683,-0.00138902,0.00000000,-0.00357849,0.00012489,-0.00165370,-0.00183780,0.00000000,-0.00386232,-0.00471880,-0.00455418,-0.00371841
1964-12-31,0.03970429,0.03857951,0.03898250,0.03921543,0.03994758,0.03970429,0.03745474,0.03978848,0.03991420,0.04287621,0.03757546,0.03696124,0.03834198,0.04023092,0.03944702,0.00000000,-0.00112477,-0.00072179,-0.00048886,0.00024330,0.00000000,-0.00224955,0.00008419,0.00020991,0.00317193,0.00000000,-0.00061422,0.00076652,0.00265546,0.00187156
1965-01-31,0.03996242,0.03852410,0.03864809,0.03897312,0.03997268,0.03996242,0.03708579,0.03889608,0.03994821,0.04397089,0.03719277,0.03642019,0.03884311,0.03874006,0.03943835,0.00000000,-0.00143832,-0.00131432,-0.00098929,0.00001026,0.00000000,-0.00287663,-0.00106634,-0.00001421,0.00400847,0.00000000,-0.00077258,0.00165035,0.00154729,0.00224559
1965-02-28,0.04118037,0.03954945,0.03918824,0.03924238,0.04038470,0.04118037,0.03791854,0.03846582,0.03940480,0.04495395,0.03871508,0.03689784,0.03928018,0.03971615,0.04024117,0.00000000,-0.00163091,-0.00199213,-0.00193799,-0.00079567,0.00000000,-0.00326183,-0.00271455,-0.00177557,0.00377359,0.00000000,-0.00181724,0.00056511,0.00100107,0.00152609
1965-03-31,0.04056681,0.03947542,0.03945357,0.03925378,0.04019234,0.04056681,0.03838404,0.03940985,0.03865443,0.04394658,0.03835932,0.03934260,0.04231632,0.04409185,0.04258394,0.00000000,-0.00109138,-0.00111324,-0.00131302,-0.00037446,0.00000000,-0.00218276,-0.00115696,-0.00191237,0.00337978,0.00000000,0.00098329,0.00395700,0.00573253,0.00422462
1965-04-30,0.04015729,0.03945882,0.03959918,0.03940075,0.04034203,0.04015729,0.03876036,0.03987990,0.03880547,0.04410711,0.03713121,0.03786367,0.04010976,0.04124543,0.04219618,0.00000000,-0.00069847,-0.00055811,-0.00075654,0.00018473,0.00000000,-0.00139693,-0.00027740,-0.00135182,0.00394982,0.00000000,0.00073246,0.00297855,0.00411422,0.00506497
1965-05-31,0.03996463,0.03951276,0.03956401,0.03938363,0.04037780,0.03996463,0.03906090,0.03966649,0.03884251,0.04435445,0.03760662,0.03690210,0.03760287,0.03900310,0.03757224,0.00000000,-0.00045186,-0.00040062,-0.00058100,0.00041317,0.00000000,-0.00090373,-0.00029813,-0.00112212,0.00438982,0.00000000,-0.00070452,-0.00000375,0.00139648,-0.00003438
1965-06-30,0.03899400,0.03856421,0.03926358,0.03938799,0.04011963,0.03899400,0.03813441,0.04066233,0.03976123,0.04304617,0.03709865,0.03518335,0.03746098,0.03803349,0.03746095,0.00000000,-0.00042979,0.00026958,0.00039399,0.00112563,0.00000000,-0.00085959,0.00166833,0.00076723,0.00405217,0.00000000,-0.00191530,0.00036233,0.00093485,0.00036231
1965-07-31,0.03939206,0.03921572,0.03968635,0.04030145,0.04038395,0.03939206,0.03903938,0.04062760,0.04214675,0.04071397,0.03689881,0.03257633,0.03542753,0.03668770,0.03518446,0.00000000,-0.00017634,0.00029428,0.00090938,0.00099189,0.00000000,-0.00035268,0.00123553,0.00275469,0.00132191,0.00000000,-0.00432248,-0.00147128,-0.00021112,-0.00171435
1965-08-31,0.04087120,0.04005438,0.04061607,0.04080598,0.04069740,0.04087120,0.03923756,0.04173946,0.04137571,0.04026305,0.03742131,0.03244371,0.03473130,0.03468908,0.03393904,0.00000000,-0.00081682,-0.00025513,-0.00006522,-0.00017381,0.00000000,-0.00163365,0.00086826,0.00050451,-0.00060816,0.00000000,-0.00497760,-0.00269001,-0.00273223,-0.00348227
1965-09-30,0.04254558,0.04158274,0.04175368,0.04179206,0.04160244,0.04254558,0.04061990,0.04209556,0.04190720,0.04084398,0.03823301,0.03199194,0.03273715,0.03143855,0.02849918,0.00000000,-0.00096284,-0.00079190,-0.00075352,-0.00094314,0.00000000,-0.00192568,-0.00045002,-0.00063838,-0.00170160,0.00000000,-0.00624106,-0.00549586,-0.00679446,-0.00973383
1965-10-31,0.04260138,0.04167334,0.04192883,0.04251078,0.04229577,0.04260138,0.04074529,0.04243980,0.04425663,0.04143577,0.03831775,0.03318045,0.03354893,0.03104219,0.02632252,0.00000000,-0.00092804,-0.00067256,-0.00009061,-0.00030561,0.00000000,-0.00185609,-0.00016158,0.00165525,-0.00116561,0.00000000,-0.00513729,-0.00476882,-0.00727555,-0.01199523
1965-11-30,0.04340825,0.04201179,0.04304078,0.04336458,0.04301225,0.04340825,0.04061534,0.04509875,0.04433598,0.04160295,0.04127709,0.03556743,0.03635408,0.03087872,0.02598203,0.00000000,-0.00139646,-0.00036747,-0.00004367,-0.00039600,0.00000000,-0.00279291,0.00169050,0.00092773,-0.00180530,0.00000000,-0.00570966,-0.00492301,-0.01039837,-0.01529506
1965-12-31,0.04770096,0.04696003,0.04774048,0.04762323,0.04659934,0.04770096,0.04621911,0.04930136,0.04727149,0.04250376,0.03970429,0.02945806,0.02302744,0.01364027,0.00924500,0.00000000,-0.00074093,0.00003952,-0.00007773,-0.00110162,0.00000000,-0.00148185,0.00160041,-0.00042947,-0.00519719,0.00000000,-0.01024622,-0.01667685,-0.02606401,-0.03045929
1966-01-31,0.04802630,0.04710860,0.04784846,0.04788423,0.04713414,0.04802630,0.04619090,0.04932818,0.04799155,0.04413378,0.03996242,0.02902191,0.02172708,0.01234712,0.00832646,0.00000000,-0.00091770,-0.00017784,-0.00014207,-0.00089215,0.00000000,-0.00183539,0.00130188,-0.00003475,-0.00389251,0.00000000,-0.01094051,-0.01823533,-0.02761530,-0.03163596
1966-02-28,0.04859764,0.04783726,0.04826280,0.04873319,0.04833034,0.04859764,0.04707688,0.04911389,0.05014433,0.04671894,0.04118037,0.03050127,0.02189021,0.01218111,0.00699073,0.00000000,-0.00076038,-0.00033484,0.00013555,-0.00026730,0.00000000,-0.00152076,0.00051625,0.00154669,-0.00187870,0.00000000,-0.01067910,-0.01929016,-0.02899925,-0.03418963
1966-03-31,0.04812781,0.04617441,0.04631021,0.04668720,0.04618397,0.04812781,0.04422100,0.04658181,0.04781818,0.04417103,0.04056681,0.03082304,0.02601188,0.01808451,0.01421292,0.00000000,-0.00195340,-0.00181760,-0.00144061,-0.00194384,0.00000000,-0.00390681,-0.00154600,-0.00030963,-0.00395678,0.00000000,-0.00974377,-0.01455492,-0.02248230,-0.02635389
1966-04-30,0.04869677,0.04719220,0.04743601,0.04726801,0.04685454,0.04869677,0.04568764,0.04792363,0.04676398,0.04520070,0.04015729,0.03022088,0.02441314,0.01529498,0.01263811,0.00000000,-0.00150457,-0.00126076,-0.00142876,-0.00184222,0.00000000,-0.00300913,-0.00077314,-0.00193279,-0.00349607,0.00000000,-0.00993641,-0.01574415,-0.02486231,-0.02751918
1966-05-31,0.04965051,0.04882711,0.04864472,0.04876685,0.04768230,0.04965051,0.04800372,0.04827992,0.04913325,0.04334409,0.03996463,0.02937502,0.02103779,0.01160038,0.00682157,0.00000000,-0.00082340,-0.00100579,-0.00088366,-0.00196821,0.00000000,-0.00164679,-0.00137059,-0.00051726,-0.00630642,0.00000000,-0.01058961,-0.01892683,-0.02836425,-0.03314305
1966-06-30,0.04980279,0.04953743,0.04993692,0.04986216,0.04886042,0.04980279,0.04927207,0.05073592,0.04963786,0.04485349,0.03899400,0.02732562,0.01871589,0.00774120,0.00114951,0.00000000,-0.00026536,0.00013413,0.00005937,-0.00094237,0.00000000,-0.00053072,0.00093313,-0.00016493,-0.00494930,0.00000000,-0.01166838,-0.02027811,-0.03125280,-0.03784449
1966-07-31,0.05112984,0.05060104,0.05078439,0.05093085,0.05050056,0.05112984,0.05007223,0.05115109,0.05137023,0.04877942,0.03939206,0.02730160,0.01785696,0.00885262,-0.00180364,0.00000000,-0.00052880,-0.00034545,-0.00019899,-0.00062928,0.00000000,-0.00105761,0.00002125,0.00024039,-0.00235042,0.00000000,-0.01209046,-0.02153510,-0.03053944,-0.04119570
1966-08-31,0.05762121,0.05676300,0.05605712,0.05637671,0.05410556,0.05762121,0.05590480,0.05464536,0.05733547,0.04502099,0.04087120,0.02248756,0.00832222,-0.00494743,-0.02201985,0.00000000,-0.00085820,-0.00156408,-0.00124450,-0.00351564,0.00000000,-0.00171641,-0.00297585,-0.00028574,-0.01260022,0.00000000,-0.01838365,-0.03254899,-0.04581864,-0.06289106
1966-09-30,0.05826772,0.05251035,0.05247055,0.05181117,0.05019318,0.05826772,0.04675298,0.05239093,0.04983304,0.04372120,0.04254558,0.02489776,0.02024034,0.00975661,0.00076754,0.00000000,-0.00575737,-0.00579718,-0.00645655,-0.00807455,0.00000000,-0.01151474,-0.00587679,-0.00843468,-0.01454652,0.00000000,-0.01764782,-0.02230524,-0.03278897,-0.04177804
1966-10-31,0.05543783,0.05149469,0.05101591,0.05078727,0.04989636,0.05543783,0.04755156,0.05005833,0.05010135,0.04633271,0.04260138,0.02790885,0.02279709,0.01699539,0.00832980,0.00000000,-0.00394313,-0.00442192,-0.00465056,-0.00554147,0.00000000,-0.00788627,-0.00537950,-0.00533647,-0.00910512,0.00000000,-0.01469253,-0.01980429,-0.02560600,-0.03427158
1966-11-30,0.05295006,0.05215530,0.05196630,0.05171723,0.05064875,0.05295006,0.05136054,0.05158831,0.05097000,0.04637483,0.04340825,0.03107352,0.02481173,0.01755940,0.00819235,0.00000000,-0.00079476,-0.00098376,-0.00123283,-0.00230131,0.00000000,-0.00158952,-0.00136176,-0.00198006,-0.00657523,0.00000000,-0.01233473,-0.01859652,-0.02584885,-0.03521590
1966-12-31,0.04891313,0.04678579,0.04760873,0.04623983,0.04577580,0.04891313,0.04465844,0.04925461,0.04213313,0.04391968,0.04770096,0.04500693,0.04964986,0.04766674,0.04803737,0.00000000,-0.00212735,-0.00130440,-0.00267330,-0.00313733,0.00000000,-0.00425469,0.00034148,-0.00678000,-0.00499345,0.00000000,-0.00269402,0.00194890,-0.00003422,0.00033642
1967-01-31,0.04508281,0.04395323,0.04464291,0.04522744,0.04450786,0.04508281,0.04282366,0.04602225,0.04698103,0.04162955,0.04802630,0.04913439,0.05563891,0.05760820,0.05476096,0.00000000,-0.00112957,-0.00043990,0.00014463,-0.00057495,0.00000000,-0.00225915,0.00093944,0.00189822,-0.00345325,0.00000000,0.00110810,0.00761261,0.00958191,0.00673466
1967-02-28,0.04554243,0.04530037,0.04620565,0.04609840,0.04578531,0.04554243,0.04505832,0.04801621,0.04577667,0.04453293,0.04859764,0.05013210,0.05418766,0.05631579,0.05725807,0.00000000,-0.00024205,0.00066323,0.00055598,0.00024289,0.00000000,-0.00048410,0.00247378,0.00023424,-0.00100949,0.00000000,0.00153446,0.00559002,0.00771815,0.00866043
1967-03-31,0.04056788,0.04043243,0.04147723,0.04239314,0.04272299,0.04056788,0.04029698,0.04356682,0.04514090,0.04404238,0.04812781,0.05178093,0.05806576,0.06231712,0.06134725,0.00000000,-0.00013545,0.00090934,0.00182526,0.00215511,0.00000000,-0.00027090,0.00299893,0.00457302,0.00347450,0.00000000,0.00365312,0.00993795,0.01418931,0.01321944
1967-04-30,0.03950785,0.04245239,0.04404017,0.04508617,0.04526757,0.03950785,0.04539692,0.04721572,0.04822419,0.04599317,0.04869677,0.05487656,0.05740327,0.05695152,0.05392803,0.00000000,0.00294454,0.00453232,0.00557832,0.00575972,0.00000000,0.00588907,0.00770788,0.00871634,0.00648532,0.00000000,0.00617979,0.00870650,0.00825475,0.00523126
1967-05-31,0.03884389,0.04230463,0.04417185,0.04492079,0.04573172,0.03884389,0.04576538,0.04790627,0.04716761,0.04897544,0.04965051,0.05881034,0.06132488,0.06255186,0.05872834,0.00000000,0.00346074,0.00532796,0.00607690,0.00688783,0.00000000,0.00692149,0.00906238,0.00832372,0.01013155,0.00000000,0.00915983,0.01167437,0.01290135,0.00907783
1967-06-30,0.04937310,0.04803707,0.04927114,0.05045066,0.05119751,0.04937310,0.04670104,0.05173928,0.05398921,0.05418493,0.04980279,0.04970175,0.05373662,0.05163520,0.04249948,0.00000000,-0.00133603,-0.00010196,0.00107756,0.00182441,0.00000000,-0.00267206,0.00236618,0.00461610,0.00481182,0.00000000,-0.00010104,0.00393383,0.00183241,-0.00730331
1967-07-31,0.04970472,0.04755023,0.04833233,0.04856144,0.04898383,0.04970472,0.04539574,0.04989653,0.04924875,0.05067341,0.05112984,0.05149736,0.05725271,0.05872641,0.05825707,0.00000000,-0.00215449,-0.00137239,-0.00114328,-0.00072088,0.00000000,-0.00430898,0.00019182,-0.00045596,0.00096870,0.00000000,0.00036752,0.00612287,0.00759657,0.00712723
1967-08-31,0.05125423,0.05020105,0.05080375,0.05051240,0.05056462,0.05125423,0.04914787,0.05200914,0.04963836,0.05077348,0.05762121,0.06227178,0.06776927,0.07309560,0.06847823,0.00000000,-0.00105318,-0.00045048,-0.00074183,-0.00068961,0.00000000,-0.00210636,0.00075491,-0.00161587,-0.00048075,0.00000000,0.00465057,0.01014807,0.01547439,0.01085702
1967-09-30,0.05219617,0.05059791,0.05145006,0.05154964,0.05083187,0.05219617,0.04899964,0.05315437,0.05184839,0.04796079,0.05826772,0.05282454,0.05621582,0.05289450,0.04476731,0.00000000,-0.00159826,-0.00074611,-0.00064652,-0.00136430,0.00000000,-0.00319652,0.00095820,-0.00034777,-0.00423538,0.00000000,-0.00544318,-0.00205190,-0.00537322,-0.01350041
1967-10-31,0.05371558,0.05410203,0.05382854,0.05377099,0.05413368,0.05371558,0.05448848,0.05328154,0.05359837,0.05558441,0.05543783,0.04927380,0.04484365,0.04166347,0.03439780,0.00000000,0.00038645,0.00011295,0.00005541,0.00041810,0.00000000,0.00077290,-0.00043404,-0.00011721,0.00186883,0.00000000,-0.00616402,-0.01059417,-0.01377436,-0.02104003
1967-11-30,0.05657967,0.05417729,0.05442128,0.05407356,0.05452374,0.05657967,0.05177490,0.05490928,0.05303037,0.05632449,0.05295006,0.04773093,0.04754433,0.04360506,0.03694951,0.00000000,-0.00240238,-0.00215839,-0.00250611,-0.00205593,0.00000000,-0.00480477,-0.00167039,-0.00354930,-0.00025518,0.00000000,-0.00521913,-0.00540573,-0.00934500,-0.01600055
1967-12-31,0.05773676,0.05544658,0.05551711,0.05533407,0.05438607,0.05773676,0.05315639,0.05565817,0.05478498,0.05059405,0.04891313,0.03583481,0.03193303,0.01840799,0.00754269,0.00000000,-0.00229018,-0.00221965,-0.00240268,-0.00335069,0.00000000,-0.00458036,-0.00207859,-0.00295178,-0.00714271,0.00000000,-0.01307832,-0.01698010,-0.03050514,-0.04137044
1968-01-31,0.05325864,0.05176737,0.05262322,0.05293137,0.05251258,0.05325864,0.05027610,0.05433491,0.05385582,0.05083746,0.04508281,0.03464783,0.03039398,0.02304010,0.01081384,0.00000000,-0.00149127,-0.00063542,-0.00032727,-0.00074605,0.00000000,-0.00298254,0.00107627,0.00059718,-0.00242118,0.00000000,-0.01043498,-0.01468883,-0.02204271,-0.03426897
1968-02-29,0.05381312,0.05228382,0.05427680,0.05359382,0.05244662,0.05381312,0.05075452,0.05826276,0.05154486,0.04785782,0.04554243,0.03678762,0.03404931,0.02156321,0.01455129,0.00000000,-0.00152930,0.00046368,-0.00021931,-0.00136651,0.00000000,-0.00305861,0.00444964,-0.00226827,-0.00595531,0.00000000,-0.00875480,-0.01149311,-0.02397921,-0.03099114
1968-03-31,0.05529803,0.05357742,0.05529070,0.05557743,0.05391745,0.05529803,0.05185682,0.05871725,0.05643761,0.04727752,0.04056788,0.02556684,0.01727683,0.00370048,-0.00869475,0.00000000,-0.00172060,-0.00000733,0.00027940,-0.00138058,0.00000000,-0.00344120,0.00341922,0.00113958,-0.00802050,0.00000000,-0.01500104,-0.02329105,-0.03686740,-0.04926263
1968-04-30,0.05741808,0.05467470,0.05689567,0.05701363,0.05528559,0.05741808,0.05193131,0.06133762,0.05736749,0.04837345,0.03950785,0.02748669,0.02277111,0.00965768,-0.00171665,0.00000000,-0.00274338,-0.00052241,-0.00040445,-0.00213249,0.00000000,-0.00548677,0.00391954,-0.00005059,-0.00904463,0.00000000,-0.01202116,-0.01673674,-0.02985017,-0.04122450
1968-05-31,0.05880412,0.05623584,0.05626145,0.05647177,0.05483770,0.05880412,0.05366757,0.05631268,0.05710270,0.04830143,0.03884389,0.02580515,0.02004386,0.01089879,0.00277153,0.00000000,-0.00256828,-0.00254266,-0.00233235,-0.00396642,0.00000000,-0.00513655,-0.00249144,-0.00170142,-0.01050269,0.00000000,-0.01303874,-0.01880003,-0.02794510,-0.03607236
1968-06-30,0.05732573,0.05380849,0.05403363,0.05390967,0.05234594,0.05732573,0.05029125,0.05448391,0.05353778,0.04609100,0.04937310,0.03874842,0.04019645,0.03970175,0.04034889,0.00000000,-0.00351724,-0.00329210,-0.00341606,-0.00497980,0.00000000,-0.00703449,-0.00284182,-0.00378795,-0.01123473,0.00000000,-0.01062469,-0.00917665,-0.00967136,-0.00902421
1968-07-31,0.05254395,0.05183812,0.04975871,0.04994554,0.04963719,0.05254395,0.05113230,0.04559987,0.05050606,0.04840378,0.04970472,0.04255651,0.04132074,0.04496962,0.04513698,0.00000000,-0.00070583,-0.00278524,-0.00259840,-0.00290676,0.00000000,-0.00141165,-0.00694408,-0.00203789,-0.00414017,0.00000000,-0.00714821,-0.00838397,-0.00473509,-0.00456773
1968-08-31,0.05223616,0.05003149,0.04990570,0.04984377,0.05038715,0.05223616,0.04782683,0.04965411,0.04965797,0.05256069,0.05125423,0.04816594,0.05234825,0.05233249,0.05344800,0.00000000,-0.00220466,-0.00233046,-0.00239239,-0.00184900,0.00000000,-0.00440932,-0.00258204,-0.00257819,0.00032454,0.00000000,-0.00308829,0.00109402,0.00107826,0.00219378
1968-09-30,0.05234087,0.05196435,0.05065416,0.05006290,0.05055501,0.05234087,0.05158783,0.04803379,0.04828911,0.05252344,0.05219617,0.04885494,0.05042148,0.05423608,0.05390776,0.00000000,-0.00037652,-0.00168670,-0.00227797,-0.00178586,0.00000000,-0.00075304,-0.00430707,-0.00405176,0.00018257,0.00000000,-0.00334122,-0.00177468,0.00203992,0.00171159
1968-10-31,0.05472698,0.05335025,0.05142947,0.05085582,0.05177426,0.05472698,0.05197353,0.04758792,0.04913484,0.05544806,0.05371558,0.05347709,0.05478510,0.06079556,0.06724513,0.00000000,-0.00137672,-0.00329750,-0.00387116,-0.00295271,0.00000000,-0.00275345,-0.00713906,-0.00559214,0.00072108,0.00000000,-0.00023849,0.00106952,0.00707998,0.01352955
1968-11-30,0.05652625,0.05410312,0.05235196,0.05227204,0.05342464,0.05652625,0.05167999,0.04884963,0.05203229,0.05803507,0.05657967,0.05182833,0.05505761,0.05923836,0.06353056,0.00000000,-0.00242313,-0.00417429,-0.00425421,-0.00310160,0.00000000,-0.00484625,-0.00767662,-0.00449396,0.00150883,0.00000000,-0.00475134,-0.00152206,0.00265869,0.00695089
1968-12-31,0.06285242,0.06104200,0.05879348,0.06070040,0.06136777,0.06285242,0.05923158,0.05429643,0.06642116,0.06403729,0.05773676,0.04804073,0.04446732,0.04495587,0.02912876,0.00000000,-0.00181042,-0.00405894,-0.00215202,-0.00148464,0.00000000,-0.00362084,-0.00855598,0.00356874,0.00118487,0.00000000,-0.00969602,-0.01326944,-0.01278089,-0.02860800
1969-01-31,0.05917579,0.05957732,0.05816451,0.05656852,0.05881616,0.05917579,0.05997885,0.05533890,0.05178052,0.06780673,0.05325864,0.04435895,0.03871501,0.03723193,0.03628886,0.00000000,0.00040153,-0.00101128,-0.00260728,-0.00035963,0.00000000,0.00080306,-0.00383689,-0.00739527,0.00863094,0.00000000,-0.00889969,-0.01454363,-0.01602671,-0.01696978
1969-02-28,0.06439679,0.06105457,0.06164290,0.05986240,0.06097756,0.06439679,0.05771236,0.06281954,0.05452092,0.06543819,0.05381312,0.04017086,0.04072126,0.02944658,0.02278348,0.00000000,-0.00334221,-0.00275389,-0.00453438,-0.00341923,0.00000000,-0.00668442,-0.00157725,-0.00987587,0.00104141,0.00000000,-0.01364227,-0.01309186,-0.02436655,-0.03102965
1969-03-31,0.06286903,0.05822887,0.05967133,0.05935449,0.06083657,0.06286903,0.05358871,0.06255625,0.05840398,0.06676490,0.05529803,0.04428582,0.04941436,0.04329572,0.03216926,0.00000000,-0.00464016,-0.00319770,-0.00351454,-0.00203246,0.00000000,-0.00928032,-0.00031278,-0.00446505,0.00389587,0.00000000,-0.01101221,-0.00588367,-0.01200231,-0.02312877
1969-04-30,0.05995729,0.05895507,0.05927788,0.05779020,0.06017693,0.05995729,0.05795284,0.05992352,0.05332715,0.06972384,0.05741808,0.04939210,0.05277688,0.05022086,0.04526716,0.00000000,-0.00100223,-0.00067941,-0.00216709,0.00021964,0.00000000,-0.00200445,-0.00003377,-0.00663014,0.00976654,0.00000000,-0.00802598,-0.00464120,-0.00719722,-0.01215092
1969-05-31,0.06278818,0.06264608,0.06304456,0.06176769,0.06324226,0.06278818,0.06250397,0.06384153,0.05793707,0.06914053,0.05880412,0.04968351,0.04349221,0.03675338,0.02711774,0.00000000,-0.00014210,0.00025638,-0.00102049,0.00045408,0.00000000,-0.00028421,0.00105336,-0.00485111,0.00635235,0.00000000,-0.00912061,-0.01531191,-0.02205074,-0.03168638
1969-06-30,0.07096902,0.06776036,0.06786802,0.06574935,0.06623886,0.07096902,0.06455170,0.06808334,0.05939334,0.06819687,0.05732573,0.03664796,0.02658018,0.01203462,-0.00126772,0.00000000,-0.00320866,-0.00310100,-0.00521967,-0.00473016,0.00000000,-0.00641732,-0.00288568,-0.01157568,-0.00277214,0.00000000,-0.02067777,-0.03074556,-0.04529111,-0.05859345
1969-07-31,0.07081510,0.07005730,0.06871360,0.06618803,0.06555999,0.07081510,0.06929951,0.06602618,0.05861133,0.06304785,0.05254395,0.03286115,0.00916151,-0.00635862,-0.01656617,0.00000000,-0.00075780,-0.00210150,-0.00462707,-0.00525510,0.00000000,-0.00151559,-0.00478891,-0.01220377,-0.00776725,0.00000000,-0.01968280,-0.04338244,-0.05890256,-0.06911011
1969-08-31,0.07358973,0.07031816,0.06939360,0.06780051,0.06722254,0.07358973,0.06704660,0.06754448,0.06302126,0.06491064,0.05223616,0.02647326,0.00908078,-0.00880573,-0.01926629,0.00000000,-0.00327157,-0.00419613,-0.00578921,-0.00636719,0.00000000,-0.00654313,-0.00604525,-0.01056847,-0.00867909,0.00000000,-0.02576290,-0.04315538,-0.06104189,-0.07150245
1969-09-30,0.07509964,0.07522977,0.07482026,0.07538135,0.07567121,0.07509964,0.07535990,0.07400123,0.07706465,0.07683065,0.05234087,0.02882906,0.00150295,-0.02420917,-0.04875038,0.00000000,0.00013013,-0.00027938,0.00028171,0.00057157,0.00000000,0.00026026,-0.00109841,0.00196501,0.00173101,0.00000000,-0.02351181,-0.05083792,-0.07655004,-0.10109125
1969-10-31,0.07110125,0.06973995,0.06947524,0.06978051,0.06876002,0.07110125,0.06837865,0.06894582,0.07069631,0.06467810,0.05472698,0.03559925,0.01480852,-0.00500245,-0.02025070,0.00000000,-0.00136130,-0.00162601,-0.00132075,-0.00234123,0.00000000,-0.00272261,-0.00215544,-0.00040495,-0.00642316,0.00000000,-0.01912773,-0.03991846,-0.05972943,-0.07497768
1969-11-30,0.07587853,0.07193299,0.07244853,0.07201701,0.07154141,0.07587853,0.06798744,0.07347961,0.07072245,0.06963902,0.05652625,0.03232771,0.01318989,-0.00825743,-0.02094481,0.00000000,-0.00394555,-0.00343000,-0.00386152,-0.00433712,0.00000000,-0.00789109,-0.00239892,-0.00515608,-0.00623952,0.00000000,-0.02419854,-0.04333635,-0.06478367,-0.07747106
1969-12-31,0.07718431,0.07800093,0.07841039,0.07871856,0.07666199,0.07718431,0.07881755,0.07922932,0.07964308,0.06843568,0.06285242,0.04489969,0.02037858,0.00757041,-0.00803538,0.00000000,0.00081662,0.00122609,0.00153426,-0.00052232,0.00000000,0.00163324,0.00204502,0.00245877,-0.00874862,0.00000000,-0.01795273,-0.04247384,-0.05528201,-0.07088780
1970-01-31,0.07696186,0.07682231,0.07750833,0.07772246,0.07752728,0.07696186,0.07668276,0.07888037,0.07836485,0.07674653,0.05917579,0.04219278,0.02084891,-0.00625093,-0.01680905,0.00000000,-0.00013955,0.00054647,0.00076060,0.00056541,0.00000000,-0.00027911,0.00191850,0.00140299,-0.00021533,0.00000000,-0.01698301,-0.03832688,-0.06542672,-0.07598484
1970-02-28,0.06690082,0.06783405,0.06789183,0.06912993,0.06896613,0.06690082,0.06876727,0.06800739,0.07284422,0.06831095,0.06439679,0.05520832,0.04926060,0.03577412,0.02836809,0.00000000,0.00093322,0.00099100,0.00222910,0.00206531,0.00000000,0.00186644,0.00110657,0.00594340,0.00141012,0.00000000,-0.00918846,-0.01513619,-0.02862267,-0.03602870
1970-03-31,0.06397002,0.06678486,0.06632836,0.06887076,0.06810223,0.06397002,0.06959971,0.06541535,0.07649796,0.06502813,0.06286903,0.05248772,0.04544426,0.03843290,0.02869983,0.00000000,0.00281485,0.00235834,0.00490074,0.00413222,0.00000000,0.00562969,0.00144533,0.01252794,0.00105812,0.00000000,-0.01038131,-0.01742477,-0.02443613,-0.03416920
1970-04-30,0.07220200,0.07302192,0.07446224,0.07519841,0.07451804,0.07220200,0.07384185,0.07734286,0.07740693,0.07179657,0.05995729,0.04570813,0.03178980,0.00777410,0.00009100,0.00000000,0.00081992,0.00226023,0.00299641,0.00231604,0.00000000,0.00163985,0.00514086,0.00520493,-0.00040543,0.00000000,-0.01424916,-0.02816749,-0.05218320,-0.05986629
1970-05-31,0.07171199,0.07453002,0.07325270,0.07390497,0.07325881,0.07171199,0.07734805,0.07069806,0.07586176,0.07067419,0.06278818,0.05358016,0.04007364,0.02731266,0.02059142,0.00000000,0.00281803,0.00154071,0.00219297,0.00154682,0.00000000,0.00563606,-0.00101394,0.00414977,-0.00103780,0.00000000,-0.00920802,-0.02271454,-0.03547552,-0.04219676
1970-06-30,0.06940667,0.07184551,0.07292888,0.07346684,0.07267203,0.06940667,0.07428435,0.07509562,0.07508072,0.06949280,0.07096902,0.06611404,0.05991304,0.04421076,0.03732692,0.00000000,0.00243884,0.00352221,0.00406017,0.00326536,0.00000000,0.00487768,0.00568895,0.00567405,0.00008613,0.00000000,-0.00485498,-0.01105598,-0.02675826,-0.03364210
1970-07-31,0.06584569,0.06935554,0.07058190,0.07213187,0.07108935,0.06584569,0.07286539,0.07303461,0.07678179,0.06691926,0.07081510,0.07426892,0.06742971,0.05300643,0.03927249,0.00000000,0.00350985,0.00473621,0.00628618,0.00524366,0.00000000,0.00701970,0.00718892,0.01093610,0.00107358,0.00000000,0.00345382,-0.00338539,-0.01780867,-0.03154261
1970-08-31,0.06574812,0.06773358,0.06940481,0.07100789,0.06999120,0.06574812,0.06971904,0.07274727,0.07581712,0.06592444,0.07358973,0.07488820,0.07271364,0.06298763,0.05208114,0.00000000,0.00198546,0.00365669,0.00525977,0.00424308,0.00000000,0.00397091,0.00699915,0.01006900,0.00017632,0.00000000,0.00129848,-0.00087609,-0.01060210,-0.02150859
1970-09-30,0.06381760,0.06345246,0.06601471,0.06740787,0.06808465,0.06381760,0.06308733,0.07113919,0.07158736,0.07079177,0.07509964,0.08664194,0.09755584,0.10348130,0.10872458,0.00000000,-0.00036514,0.00219711,0.00359027,0.00426705,0.00000000,-0.00073028,0.00732159,0.00776976,0.00697417,0.00000000,0.01154230,0.02245620,0.02838166,0.03362494
1970-10-31,0.06128243,0.06303134,0.06484640,0.06622685,0.06646222,0.06128243,0.06478024,0.06847653,0.07036819,0.06740372,0.07110125,0.07819747,0.08236304,0.08458282,0.07889272,0.00000000,0.00174891,0.00356397,0.00494442,0.00517979,0.00000000,0.00349781,0.00719410,0.00908576,0.00612129,0.00000000,0.00709621,0.01126179,0.01348156,0.00779147
1970-11-30,0.04970127,0.05174036,0.05479480,0.05657287,0.05733176,0.04970127,0.05377945,0.06090369,0.06190708,0.06036732,0.07587853,0.09416471,0.11386486,0.12368363,0.13141556,0.00000000,0.00203909,0.00509354,0.00687161,0.00763049,0.00000000,0.00407818,0.01120242,0.01220582,0.01066605,0.00000000,0.01828617,0.03798633,0.04780509,0.05553703
1970-12-31,0.04767104,0.05258151,0.05604707,0.05646302,0.05749176,0.04767104,0.05749198,0.06297820,0.05771088,0.06160671,0.07718431,0.10833081,0.13006816,0.14673304,0.15745784,0.00000000,0.00491047,0.00837603,0.00879198,0.00982072,0.00000000,0.00982093,0.01530715,0.01003984,0.01393567,0.00000000,0.03114651,0.05288385,0.06954873,0.08027353
1971-01-31,0.04219535,0.04538520,0.05101989,0.05448646,0.05497220,0.04219535,0.04857505,0.06228928,0.06488617,0.05691513,0.07696186,0.11144927,0.14175459,0.15783017,0.16969053,0.00000000,0.00318985,0.00882454,0.01229111,0.01277684,0.00000000,0.00637969,0.02009392,0.02269082,0.01471978,0.00000000,0.03448741,0.06479273,0.08086830,0.09272867
1971-02-28,0.03702118,0.04190539,0.04721746,0.05023391,0.05166175,0.03702118,0.04678960,0.05784162,0.05928325,0.05737311,0.06690082,0.09864691,0.11986471,0.13486732,0.14389501,0.00000000,0.00488421,0.01019628,0.01321273,0.01464057,0.00000000,0.00976842,0.02082044,0.02226208,0.02035193,0.00000000,0.03174609,0.05296389,0.06796649,0.07699418
1971-03-31,0.03686948,0.04060575,0.04410832,0.04702020,0.04856295,0.03686948,0.04434201,0.05111347,0.05575585,0.05473393,0.06397002,0.09670025,0.11777358,0.14315808,0.15243035,0.00000000,0.00373627,0.00723884,0.01015072,0.01169347,0.00000000,0.00747253,0.01424398,0.01888637,0.01786445,0.00000000,0.03273023,0.05380356,0.07918806,0.08846034
1971-04-30,0.04448709,0.05082785,0.05547599,0.05633554,0.05799485,0.04448709,0.05716862,0.06477225,0.05891420,0.06463208,0.07220200,0.10155676,0.12173100,0.13436568,0.14724805,0.00000000,0.00634076,0.01098890,0.01184845,0.01350776,0.00000000,0.01268153,0.02028516,0.01442711,0.02014499,0.00000000,0.02935476,0.04952900,0.06216368,0.07504604
1971-05-31,0.04773449,0.05268932,0.05680115,0.05673173,0.06019120,0.04773449,0.05764415,0.06502482,0.05652346,0.07402909,0.07171199,0.10132556,0.11437946,0.12521640,0.13936713,0.00000000,0.00495483,0.00906667,0.00899724,0.01245672,0.00000000,0.00990967,0.01729034,0.00878897,0.02629461,0.00000000,0.02961356,0.04266747,0.05350440,0.06765514
1971-06-30,0.05879404,0.06074212,0.06458557,0.06400020,0.06559711,0.05879404,0.06269021,0.07227246,0.06224409,0.07198474,0.06940667,0.08489698,0.09730239,0.10011066,0.10735936,0.00000000,0.00194808,0.00579153,0.00520616,0.00680307,0.00000000,0.00389617,0.01347842,0.00345005,0.01319070,0.00000000,0.01549031,0.02789572,0.03070398,0.03795269
1971-07-31,0.05930689,0.06119680,0.06510765,0.06600502,0.06661695,0.05930689,0.06308672,0.07292934,0.06869714,0.06906466,0.06584569,0.07940419,0.08935208,0.09320453,0.09142666,0.00000000,0.00188991,0.00580076,0.00669813,0.00731006,0.00000000,0.00377983,0.01362245,0.00939025,0.00975777,0.00000000,0.01355850,0.02350640,0.02735884,0.02558097
1971-08-31,0.05132928,0.05301242,0.05550388,0.05635769,0.05845798,0.05132928,0.05469557,0.06048678,0.05891915,0.06685912,0.06574812,0.08413788,0.10218959,0.11751993,0.12452522,0.00000000,0.00168314,0.00417460,0.00502842,0.00712870,0.00000000,0.00336629,0.00915751,0.00758987,0.01552984,0.00000000,0.01838976,0.03644147,0.05177181,0.05877710
1971-09-30,0.05133521,0.05253844,0.05493361,0.05606272,0.05790066,0.05133521,0.05374166,0.05972396,0.05945006,0.06525241,0.06381760,0.07556972,0.09296725,0.10483065,0.11617237,0.00000000,0.00120323,0.00359840,0.00472751,0.00656545,0.00000000,0.00240645,0.00838874,0.00811485,0.01391720,0.00000000,0.01175211,0.02914964,0.04101305,0.05235477
1971-10-31,0.04483746,0.04838490,0.05074131,0.05285189,0.05502341,0.04483746,0.05193234,0.05545413,0.05918365,0.06370949,0.06128243,0.08122522,0.09776941,0.11268347,0.12090354,0.00000000,0.00354744,0.00590385,0.00801444,0.01018596,0.00000000,0.00709488,0.01061667,0.01434620,0.01887204,0.00000000,0.01994279,0.03648698,0.05140104,0.05962111
1971-11-30,0.04630375,0.04933107,0.05146319,0.05348575,0.05562396,0.04630375,0.05235838,0.05572743,0.05955343,0.06417682,0.04970127,0.05717697,0.06572228,0.07190193,0.07271582,0.00000000,0.00302732,0.00515944,0.00718200,0.00932021,0.00000000,0.00605463,0.00942367,0.01324968,0.01787307,0.00000000,0.00747570,0.01602101,0.02220066,0.02301455
1971-12-31,0.04094106,0.04712822,0.04951657,0.05069705,0.05283122,0.04094106,0.05331538,0.05429329,0.05423847,0.06136790,0.04767104,0.06422196,0.07388478,0.07730237,0.08467062,0.00000000,0.00618716,0.00857552,0.00975599,0.01189016,0.00000000,0.01237432,0.01335223,0.01329741,0.02042684,0.00000000,0.01655092,0.02621374,0.02963133,0.03699958
1972-01-31,0.04041687,0.04689878,0.05191296,0.05331419,0.05558052,0.04041687,0.05338069,0.06194133,0.05751787,0.06464585,0.04219535,0.05035353,0.05926212,0.06220695,0.06160421,0.00000000,0.00648191,0.01149609,0.01289732,0.01516365,0.00000000,0.01296382,0.02152446,0.01710100,0.02422898,0.00000000,0.00815818,0.01706676,0.02001160,0.01940886
1972-02-29,0.04198744,0.04655538,0.05109645,0.05294846,0.05506657,0.04198744,0.05112332,0.06017860,0.05850449,0.06353899,0.03702118,0.04182333,0.04854163,0.04764628,0.04651490,0.00000000,0.00456794,0.00910901,0.01096102,0.01307913,0.00000000,0.00913588,0.01819116,0.01651705,0.02155155,0.00000000,0.00480216,0.01152045,0.01062510,0.00949372
1972-03-31,0.04816605,0.05376632,0.05615052,0.05705284,0.05822592,0.04816605,0.05936659,0.06091891,0.05975980,0.06291823,0.03686948,0.03304545,0.02479232,0.01962926,0.01460338,0.00000000,0.00560027,0.00798447,0.00888679,0.01005987,0.00000000,0.01120054,0.01275287,0.01159376,0.01475219,0.00000000,-0.00382404,-0.01207716,-0.01724022,-0.02226610
1972-04-30,0.04410831,0.04982160,0.05376857,0.05486750,0.05632636,0.04410831,0.05553490,0.06166250,0.05816430,0.06216180,0.04448709,0.05754740,0.06678475,0.06403646,0.07050423,0.00000000,0.00571330,0.00966026,0.01075920,0.01221806,0.00000000,0.01142660,0.01755420,0.01405600,0.01805349,0.00000000,0.01306031,0.02229766,0.01954937,0.02601714
1972-05-31,0.04523505,0.04825372,0.05237828,0.05407681,0.05554050,0.04523505,0.05127238,0.06062741,0.05917241,0.06139525,0.04773449,0.06014359,0.07389603,0.06979208,0.08464877,0.00000000,0.00301866,0.00714323,0.00884176,0.01030545,0.00000000,0.00603732,0.01539235,0.01393735,0.01616020,0.00000000,0.01240910,0.02616155,0.02205760,0.03691428
1972-06-30,0.05114668,0.05290031,0.05541733,0.05686029,0.05736982,0.05114668,0.05465394,0.06045138,0.06118915,0.05940797,0.05879404,0.07033756,0.08795609,0.08974880,0.10054438,0.00000000,0.00175363,0.00427065,0.00571361,0.00622314,0.00000000,0.00350726,0.00930469,0.01004247,0.00826129,0.00000000,0.01154352,0.02916205,0.03095476,0.04175034
1972-07-31,0.04828009,0.05111502,0.05508511,0.05692565,0.05720036,0.04828009,0.05394995,0.06302530,0.06244724,0.05829921,0.05930689,0.07411352,0.09309290,0.09876474,0.10538216,0.00000000,0.00283493,0.00680503,0.00864556,0.00892027,0.00000000,0.00566987,0.01474521,0.01416715,0.01001912,0.00000000,0.01480663,0.03378602,0.03945786,0.04607527
1972-08-31,0.05336925,0.05477602,0.05721172,0.05933323,0.05901079,0.05336925,0.05618278,0.06208312,0.06569778,0.05772102,0.05132928,0.05265559,0.05695960,0.05379562,0.05495696,0.00000000,0.00140676,0.00384247,0.00596398,0.00564154,0.00000000,0.00281353,0.00871387,0.01232853,0.00435177,0.00000000,0.00132631,0.00563032,0.00246634,0.00362768
1972-09-30,0.05490352,0.05625566,0.05759375,0.05832009,0.05875407,0.05490352,0.05760780,0.06026994,0.06049910,0.06049000,0.05133521,0.05017335,0.05228951,0.05146963,0.05622293,0.00000000,0.00135214,0.00269023,0.00341657,0.00385055,0.00000000,0.00270428,0.00536642,0.00559558,0.00558648,0.00000000,-0.00116186,0.00095429,0.00013442,0.00488772
1972-10-31,0.05388980,0.05594399,0.05763617,0.05905015,0.05911855,0.05388980,0.05799817,0.06102054,0.06329211,0.05939211,0.04483746,0.04288000,0.04033596,0.03849907,0.03891645,0.00000000,0.00205419,0.00374637,0.00516036,0.00522875,0.00000000,0.00410838,0.00713074,0.00940232,0.00550231,0.00000000,-0.00195746,-0.00450150,-0.00633839,-0.00592100
1972-11-30,0.05252094,0.05487154,0.05643528,0.05836508,0.05831094,0.05252094,0.05722214,0.05956276,0.06415448,0.05809437,0.04630375,0.04614120,0.04464648,0.04463716,0.04465949,0.00000000,0.00235060,0.00391434,0.00584414,0.00579000,0.00000000,0.00470120,0.00704182,0.01163354,0.00557343,0.00000000,-0.00016256,-0.00165727,-0.00166659,-0.00164426
1972-12-31,0.05377457,0.05747988,0.05816872,0.05883066,0.05984217,0.05377457,0.06118519,0.05954641,0.06081650,0.06388819,0.04094106,0.04048187,0.03358997,0.02828203,0.02883343,0.00000000,0.00370531,0.00439415,0.00505610,0.00606760,0.00000000,0.00741062,0.00577184,0.00704193,0.01011363,0.00000000,-0.00045919,-0.00735109,-0.01265903,-0.01210763
1973-01-31,0.05962559,0.06023461,0.06087536,0.06176313,0.06108244,0.05962559,0.06084362,0.06215685,0.06442645,0.05835968,0.04041687,0.03417196,0.03526968,0.03063070,0.03085010,0.00000000,0.00060901,0.00124976,0.00213754,0.00145685,0.00000000,0.00121803,0.00253126,0.00480086,-0.00126591,0.00000000,-0.00624491,-0.00514719,-0.00978617,-0.00956677
1973-02-28,0.06207558,0.06313679,0.06373024,0.06400103,0.06381167,0.06207558,0.06419800,0.06491713,0.06481342,0.06305424,0.04198744,0.03103518,0.02701578,0.02060314,0.01932870,0.00000000,0.00106121,0.00165465,0.00192545,0.00173609,0.00000000,0.00212241,0.00284155,0.00273784,0.00097865,0.00000000,-0.01095226,-0.01497166,-0.02138430,-0.02265874
1973-03-31,0.06700456,0.06577882,0.06481432,0.06421136,0.06435422,0.06700456,0.06455307,0.06288532,0.06240247,0.06492569,0.04816605,0.04052807,0.03689392,0.03376840,0.03428416,0.00000000,-0.00122575,-0.00219025,-0.00279321,-0.00265034,0.00000000,-0.00245149,-0.00411925,-0.00460209,-0.00207888,0.00000000,-0.00763797,-0.01127213,-0.01439765,-0.01388189
1973-04-30,0.06485940,0.06420427,0.06420205,0.06344358,0.06361486,0.06485940,0.06354914,0.06419761,0.06116818,0.06429996,0.04410831,0.03478381,0.03289716,0.02686386,0.02785748,0.00000000,-0.00065513,-0.00065735,-0.00141582,-0.00124454,0.00000000,-0.00131026,-0.00066179,-0.00369123,-0.00055944,0.00000000,-0.00932450,-0.01121114,-0.01724445,-0.01625083
1973-05-31,0.06713699,0.06512036,0.06406825,0.06337081,0.06385973,0.06713699,0.06310374,0.06196402,0.06127849,0.06581540,0.04523505,0.02937044,0.02689411,0.02410249,0.02421926,0.00000000,-0.00201663,-0.00306874,-0.00376618,-0.00327726,0.00000000,-0.00403325,-0.00517296,-0.00585850,-0.00132159,0.00000000,-0.01586461,-0.01834094,-0.02113256,-0.02101579
1973-06-30,0.07284468,0.06732246,0.06652957,0.06494666,0.06500767,0.07284468,0.06180024,0.06494379,0.06019793,0.06525171,0.05114668,0.03295594,0.03160707,0.02785243,0.02706247,0.00000000,-0.00552222,-0.00631511,-0.00789802,-0.00783701,0.00000000,-0.01104444,-0.00790089,-0.01264675,-0.00759297,0.00000000,-0.01819075,-0.01953961,-0.02329425,-0.02408421
1973-07-31,0.08274122,0.07659699,0.07503801,0.07539628,0.07361421,0.08274122,0.07045277,0.07192005,0.07647108,0.06648593,0.04828009,0.01948882,0.01206136,0.00258855,-0.01558332,0.00000000,-0.00614423,-0.00770321,-0.00734494,-0.00912701,0.00000000,-0.01228845,-0.01082117,-0.00627014,-0.01625528,0.00000000,-0.02879126,-0.03621873,-0.04569154,-0.06386340
1973-08-31,0.08034942,0.07377895,0.06994528,0.06884556,0.06811765,0.08034942,0.06720849,0.06227794,0.06554640,0.06520601,0.05336925,0.02920261,0.02407725,0.02749709,0.01967171,0.00000000,-0.00657047,-0.01040414,-0.01150386,-0.01223177,0.00000000,-0.01314093,-0.01807148,-0.01480302,-0.01514341,0.00000000,-0.02416664,-0.02929200,-0.02587216,-0.03369754
1973-09-30,0.07380826,0.06727517,0.06394555,0.06376481,0.06334155,0.07380826,0.06074207,0.05728631,0.06322260,0.06164850,0.05490352,0.03870306,0.03823093,0.04144373,0.03871112,0.00000000,-0.00653309,-0.00986271,-0.01004345,-0.01046671,0.00000000,-0.01306619,-0.01652195,-0.01058566,-0.01215976,0.00000000,-0.01620046,-0.01667259,-0.01345980,-0.01619240
1973-10-31,0.06879622,0.06505083,0.06428578,0.06458435,0.06421135,0.06879622,0.06130544,0.06275570,0.06548004,0.06271936,0.05388980,0.04309175,0.04280685,0.04334327,0.03725533,0.00000000,-0.00374539,-0.00451043,-0.00421187,-0.00458487,0.00000000,-0.00749078,-0.00604052,-0.00331617,-0.00607686,0.00000000,-0.01079804,-0.01108294,-0.01054653,-0.01663446
1973-11-30,0.07161617,0.06478341,0.06396433,0.06388334,0.06398222,0.07161617,0.05795065,0.06232617,0.06364038,0.06437774,0.05252094,0.03812690,0.03973901,0.04156732,0.03602132,0.00000000,-0.00683276,-0.00765184,-0.00773283,-0.00763395,0.00000000,-0.01366552,-0.00929000,-0.00797579,-0.00723843,0.00000000,-0.01439404,-0.01278193,-0.01095362,-0.01649962
1973-12-31,0.06881973,0.06474648,0.06420059,0.06444878,0.06468405,0.06881973,0.06067323,0.06310882,0.06519334,0.06562514,0.05377457,0.04614003,0.04501321,0.04272089,0.04141573,0.00000000,-0.00407325,-0.00461913,-0.00437095,-0.00413567,0.00000000,-0.00814650,-0.00571090,-0.00362638,-0.00319459,0.00000000,-0.00763454,-0.00876136,-0.01105368,-0.01235883
1974-01-31,0.06658649,0.06456081,0.06493081,0.06530012,0.06523513,0.06658649,0.06253513,0.06567081,0.06640804,0.06497519,0.05962559,0.05388272,0.05350444,0.05226009,0.04421173,0.00000000,-0.00202568,-0.00165568,-0.00128637,-0.00135136,0.00000000,-0.00405136,-0.00091568,-0.00017845,-0.00161131,0.00000000,-0.00574287,-0.00612115,-0.00736551,-0.01541387
1974-02-28,0.06785058,0.06592019,0.06474371,0.06572897,0.06584053,0.06785058,0.06398980,0.06239075,0.06868476,0.06628676,0.06207558,0.05842300,0.05935033,0.06177300,0.05614248,0.00000000,-0.00193039,-0.00310687,-0.00212161,-0.00201005,0.00000000,-0.00386078,-0.00545983,0.00083418,-0.00156382,0.00000000,-0.00365258,-0.00272525,-0.00030258,-0.00593310
1974-03-31,0.07802778,0.07402364,0.07300643,0.07229963,0.07151273,0.07802778,0.07001951,0.07097199,0.07017923,0.06836512,0.06700456,0.05352986,0.04639567,0.03782615,0.03257260,0.00000000,-0.00400413,-0.00502135,-0.00572815,-0.00651505,0.00000000,-0.00800827,-0.00705578,-0.00784854,-0.00966266,0.00000000,-0.01347470,-0.02060889,-0.02917841,-0.03443196
1974-04-30,0.08314816,0.07832382,0.07748984,0.07702615,0.07637362,0.08314816,0.07349948,0.07582188,0.07563506,0.07376353,0.06485940,0.04526038,0.03595851,0.02130480,0.00996970,0.00000000,-0.00482434,-0.00565832,-0.00612202,-0.00677454,0.00000000,-0.00964868,-0.00732628,-0.00751310,-0.00938464,0.00000000,-0.01959902,-0.02890089,-0.04355460,-0.05488970
1974-05-31,0.07987270,0.07669394,0.07637642,0.07603741,0.07444629,0.07987270,0.07351518,0.07574139,0.07502035,0.06808181,0.06713699,0.05036803,0.03881687,0.02435397,0.01514901,0.00000000,-0.00317876,-0.00349627,-0.00383529,-0.00542641,0.00000000,-0.00635751,-0.00413130,-0.00485234,-0.01179089,0.00000000,-0.01676896,-0.02832012,-0.04278302,-0.05198798
1974-06-30,0.08257837,0.07946222,0.07824802,0.07893153,0.07764578,0.08257837,0.07634607,0.07581963,0.08098207,0.07250275,0.07284468,0.05206655,0.04066427,0.02504258,0.00931222,0.00000000,-0.00311615,-0.00433035,-0.00364683,-0.00493259,0.00000000,-0.00623230,-0.00675874,-0.00159630,-0.01007562,0.00000000,-0.02077813,-0.03218041,-0.04780211,-0.06353246
1974-07-31,0.08303016,0.08034989,0.07992554,0.08005170,0.07868606,0.08303016,0.07766962,0.07907685,0.08043018,0.07322347,0.08274122,0.07016382,0.06441425,0.06180848,0.04786423,0.00000000,-0.00268027,-0.00310462,-0.00297846,-0.00434411,0.00000000,-0.00536054,-0.00395331,-0.00259998,-0.00980669,0.00000000,-0.01257739,-0.01832696,-0.02093273,-0.03487698
1974-08-31,0.09237210,0.08301522,0.08079744,0.07991282,0.08043697,0.09237210,0.07365835,0.07636188,0.07725894,0.08253357,0.08034942,0.05518581,0.04380540,0.03298992,0.02093699,0.00000000,-0.00935687,-0.01157466,-0.01245928,-0.01193513,0.00000000,-0.01871375,-0.01601022,-0.01511315,-0.00983853,0.00000000,-0.02516361,-0.03654402,-0.04735950,-0.05941243
1974-09-30,0.07596013,0.07728141,0.07522107,0.07575324,0.07544632,0.07596013,0.07860270,0.07110038,0.07734976,0.07421863,0.07380826,0.05859020,0.03727382,0.02939604,0.01369477,0.00000000,0.00132128,-0.00073906,-0.00020689,-0.00051381,0.00000000,0.00264257,-0.00485975,0.00138963,-0.00174150,0.00000000,-0.01521806,-0.03653444,-0.04441222,-0.06011349
1974-10-31,0.07363262,0.07420512,0.07437753,0.07477572,0.07485754,0.07363262,0.07477762,0.07472236,0.07597030,0.07518479,0.06879622,0.05646904,0.04444711,0.03520480,0.02195386,0.00000000,0.00057250,0.00074492,0.00114311,0.00122492,0.00000000,0.00114501,0.00108974,0.00233768,0.00155217,0.00000000,-0.01232718,-0.02434911,-0.03359142,-0.04684236
1974-11-30,0.07242121,0.06945791,0.07055557,0.07065477,0.07128530,0.07242121,0.06649462,0.07275090,0.07095235,0.07380741,0.07161617,0.05714561,0.05297717,0.04386665,0.03729205,0.00000000,-0.00296330,-0.00186564,-0.00176644,-0.00113592,0.00000000,-0.00592660,0.00032968,-0.00146886,0.00138620,0.00000000,-0.01447056,-0.01863900,-0.02774952,-0.03432413
1974-12-31,0.06649264,0.06923921,0.06901051,0.06897538,0.06852189,0.06649264,0.07198579,0.06855311,0.06887000,0.06670791,0.06881973,0.06300032,0.05412335,0.05076358,0.04751872,0.00000000,0.00274658,0.00251788,0.00248275,0.00202925,0.00000000,0.00549315,0.00206047,0.00237736,0.00021527,0.00000000,-0.00581941,-0.01469638,-0.01805614,-0.02130100
1975-01-31,0.05905409,0.06430030,0.06617067,0.06789825,0.06910494,0.05905409,0.06954652,0.06991140,0.07308101,0.07393167,0.06658649,0.07006754,0.06619183,0.06268847,0.05458265,0.00000000,0.00524621,0.00711658,0.00884417,0.01005085,0.00000000,0.01049243,0.01085731,0.01402692,0.01487758,0.00000000,0.00348104,-0.00039467,-0.00389802,-0.01200385
1975-02-28,0.05696776,0.06017908,0.06296366,0.06398986,0.06706524,0.05696776,0.06339041,0.06853281,0.06706848,0.07936672,0.06785058,0.07487262,0.07387297,0.07402491,0.07324319,0.00000000,0.00321132,0.00599590,0.00702210,0.01009747,0.00000000,0.00642264,0.01156504,0.01010072,0.02239896,0.00000000,0.00702204,0.00602239,0.00617433,0.00539261
1975-03-31,0.06005903,0.06470400,0.06739619,0.06956288,0.07039496,0.06005903,0.06934896,0.07278058,0.07606296,0.07372328,0.07802778,0.08798825,0.08961128,0.08700994,0.07931210,0.00000000,0.00464497,0.00733716,0.00950385,0.01033593,0.00000000,0.00928993,0.01272154,0.01600393,0.01366424,0.00000000,0.00996047,0.01158351,0.00898216,0.00128432
1975-04-30,0.06451420,0.07121521,0.07426266,0.07557913,0.07556955,0.06451420,0.07791622,0.08035757,0.07952853,0.07553124,0.08314816,0.09213345,0.09003912,0.08531661,0.07955160,0.00000000,0.00670101,0.00974846,0.01106493,0.01105535,0.00000000,0.01340202,0.01584337,0.01501433,0.01101704,0.00000000,0.00898529,0.00689095,0.00216845,-0.00359656
1975-05-31,0.05826654,0.06554739,0.06852393,0.07029139,0.07150569,0.05826654,0.07282824,0.07447701,0.07559376,0.07636288,0.07987270,0.09512134,0.09803449,0.09857784,0.09106589,0.00000000,0.00728085,0.01025739,0.01202484,0.01323914,0.00000000,0.01456170,0.01621046,0.01732722,0.01809634,0.00000000,0.01524864,0.01816179,0.01870514,0.01119319
1975-06-30,0.06485969,0.06822595,0.07080713,0.07037576,0.07321983,0.06485969,0.07159221,0.07596950,0.06908163,0.08459611,0.08257837,0.09406475,0.09829217,0.10330474,0.10672586,0.00000000,0.00336626,0.00594745,0.00551607,0.00836014,0.00000000,0.00673253,0.01110981,0.00422194,0.01973642,0.00000000,0.01148639,0.01571380,0.02072637,0.02414749
1975-07-31,0.06923191,0.07266757,0.07479735,0.07445689,0.07541703,0.06923191,0.07610323,0.07905692,0.07343550,0.07925759,0.08303016,0.09146788,0.09444149,0.09581476,0.09560273,0.00000000,0.00343566,0.00556544,0.00522498,0.00618512,0.00000000,0.00687132,0.00982501,0.00420360,0.01002568,0.00000000,0.00843771,0.01141133,0.01278460,0.01257257
1975-08-31,0.07044823,0.07368178,0.07491372,0.07570525,0.07672702,0.07044823,0.07691532,0.07737761,0.07807983,0.08081410,0.09237210,0.09558221,0.09502877,0.09491010,0.09936383,0.00000000,0.00323354,0.00446549,0.00525702,0.00627879,0.00000000,0.00646709,0.00692938,0.00763160,0.01036587,0.00000000,0.00321011,0.00265667,0.00253800,0.00699174
1975-09-30,0.07260674,0.07700045,0.07710682,0.07928652,0.07797818,0.07260674,0.08139415,0.07731958,0.08582562,0.07274483,0.07596013,0.08195609,0.07166232,0.07169250,0.06008551,0.00000000,0.00439371,0.00450009,0.00667979,0.00537145,0.00000000,0.00878742,0.00471284,0.01321889,0.00013809,0.00000000,0.00599596,-0.00429782,-0.00426763,-0.01587462
1975-10-31,0.05967709,0.06679720,0.06867236,0.07033591,0.07268594,0.05967709,0.07391732,0.07242267,0.07532658,0.08208605,0.07363262,0.08873315,0.08953819,0.09308582,0.09294403,0.00000000,0.00712011,0.00899527,0.01065882,0.01300885,0.00000000,0.01424023,0.01274558,0.01564949,0.02240896,0.00000000,0.01510053,0.01590558,0.01945321,0.01931142
1975-11-30,0.06222381,0.06889692,0.07063171,0.07092893,0.07422414,0.06222381,0.07557003,0.07410131,0.07182056,0.08740499,0.07242121,0.07669202,0.07387289,0.07072393,0.07271078,0.00000000,0.00667311,0.00840790,0.00870512,0.01200033,0.00000000,0.01334621,0.01187750,0.00959675,0.02518118,0.00000000,0.00427081,0.00145168,-0.00169728,0.00028957
1975-12-31,0.05802324,0.06404824,0.06717033,0.06876706,0.07096552,0.05802324,0.07007324,0.07341452,0.07355726,0.07975935,0.06649264,0.08045519,0.07893506,0.07439054,0.06754119,0.00000000,0.00602500,0.00914710,0.01074383,0.01294228,0.00000000,0.01205000,0.01539128,0.01553402,0.02173612,0.00000000,0.01396255,0.01244243,0.00789790,0.00104855
1976-01-31,0.05368285,0.06124655,0.06645738,0.06917804,0.07119469,0.05368285,0.06881025,0.07687904,0.07734001,0.07926131,0.05905409,0.07491776,0.07601890,0.07222088,0.06881254,0.00000000,0.00756370,0.01277453,0.01549519,0.01751184,0.00000000,0.01512741,0.02319619,0.02365716,0.02557847,0.00000000,0.01586367,0.01696482,0.01316679,0.00975845
1976-02-29,0.05837408,0.06452153,0.06804670,0.06942992,0.07075659,0.05837408,0.07066898,0.07509703,0.07357959,0.07606329,0.05696776,0.06198409,0.05984792,0.05181937,0.05760650,0.00000000,0.00614745,0.00967262,0.01105584,0.01238252,0.00000000,0.01229491,0.01672295,0.01520552,0.01768921,0.00000000,0.00501633,0.00288016,-0.00514839,0.00063874
1976-03-31,0.05820222,0.06405921,0.06701894,0.06915281,0.07035932,0.05820222,0.06991619,0.07293841,0.07555441,0.07518534,0.06005903,0.07120577,0.07407016,0.07719470,0.07536357,0.00000000,0.00585698,0.00881672,0.01095059,0.01215709,0.00000000,0.01171397,0.01473619,0.01735219,0.01698312,0.00000000,0.01114674,0.01401112,0.01713567,0.01530453
1976-04-30,0.05809600,0.06354885,0.06646859,0.06774708,0.07012679,0.05809600,0.06900170,0.07230807,0.07158257,0.07964560,0.06451420,0.08433442,0.09569028,0.10291074,0.10685941,0.00000000,0.00545285,0.00837259,0.00965109,0.01203079,0.00000000,0.01090571,0.01421207,0.01348657,0.02154960,0.00000000,0.01982022,0.03117608,0.03839655,0.04234521
1976-05-31,0.06435751,0.06967195,0.07133836,0.07258191,0.07340715,0.06435751,0.07498639,0.07467117,0.07631257,0.07670812,0.05826654,0.06673728,0.06622789,0.06715048,0.06720079,0.00000000,0.00531444,0.00698085,0.00822440,0.00904965,0.00000000,0.01062889,0.01031366,0.01195507,0.01235062,0.00000000,0.00847073,0.00796135,0.00888394,0.00893425
1976-06-30,0.06148964,0.06687326,0.06863097,0.07096881,0.07196474,0.06148964,0.07225688,0.07214640,0.07798233,0.07594845,0.06485969,0.07496227,0.07867489,0.07561012,0.08222390,0.00000000,0.00538362,0.00714134,0.00947918,0.01047510,0.00000000,0.01076724,0.01065676,0.01649270,0.01445881,0.00000000,0.01010258,0.01381520,0.01075043,0.01736421
1976-07-31,0.05843811,0.06441215,0.06675631,0.06913455,0.07013815,0.05843811,0.07038619,0.07144463,0.07626928,0.07415254,0.06923191,0.08689702,0.09556774,0.09755862,0.10054693,0.00000000,0.00597404,0.00831820,0.01069644,0.01170004,0.00000000,0.01194808,0.01300652,0.01783117,0.01571443,0.00000000,0.01766512,0.02633584,0.02832671,0.03131502
1976-08-31,0.05659064,0.06276032,0.06450194,0.06749758,0.06917299,0.05659064,0.06893001,0.06798517,0.07648451,0.07587464,0.07044823,0.09077291,0.09922052,0.10931518,0.11364477,0.00000000,0.00616968,0.00791130,0.01090694,0.01258235,0.00000000,0.01233936,0.01139453,0.01989387,0.01928400,0.00000000,0.02032468,0.02877229,0.03886695,0.04319654
1976-09-30,0.05564288,0.06035962,0.06360131,0.06510536,0.06771351,0.05564288,0.06507636,0.07008470,0.06961751,0.07814613,0.07260674,0.09835802,0.11060123,0.12634215,0.12946947,0.00000000,0.00471674,0.00795844,0.00946249,0.01207064,0.00000000,0.00943349,0.01444182,0.01397463,0.02250325,0.00000000,0.02575128,0.03799449,0.05373542,0.05686273
1976-10-31,0.05281298,0.05783742,0.06044023,0.06271173,0.06510048,0.05281298,0.06286187,0.06564584,0.06952624,0.07465547,0.05967709,0.08078143,0.09034223,0.10002296,0.11258277,0.00000000,0.00502445,0.00762725,0.00989876,0.01228750,0.00000000,0.01004889,0.01283286,0.01671326,0.02184249,0.00000000,0.02110434,0.03066514,0.04034587,0.05290568
1976-11-30,0.04797925,0.05188696,0.05452574,0.05692108,0.05876161,0.04797925,0.05579466,0.05980330,0.06410711,0.06612371,0.06222381,0.08981459,0.10812123,0.12013850,0.14343638,0.00000000,0.00390771,0.00654649,0.00894183,0.01078236,0.00000000,0.00781541,0.01182405,0.01612786,0.01814446,0.00000000,0.02759078,0.04589742,0.05791468,0.08121257
1976-12-31,0.04657501,0.05163654,0.05526543,0.05610762,0.05911258,0.04657501,0.05669807,0.06252320,0.05863420,0.07113242,0.05802324,0.08152147,0.09823792,0.10927197,0.13039712,0.00000000,0.00506153,0.00869042,0.00953261,0.01253757,0.00000000,0.01012306,0.01594820,0.01205920,0.02455742,0.00000000,0.02349823,0.04021468,0.05124874,0.07237388
1977-01-31,0.05436706,0.05899048,0.06279401,0.06496808,0.06535550,0.05436706,0.06361390,0.07040108,0.07149029,0.06690517,0.05368285,0.06812604,0.08139118,0.08833011,0.09610113,0.00000000,0.00462342,0.00842695,0.01060102,0.01098844,0.00000000,0.00924684,0.01603402,0.01712324,0.01253812,0.00000000,0.01444319,0.02770833,0.03464726,0.04241828
1977-02-28,0.05314067,0.05815761,0.06215595,0.06540051,0.06650284,0.05314067,0.06317456,0.07015262,0.07513422,0.07091213,0.05837408,0.07590239,0.08782487,0.09125184,0.09218091,0.00000000,0.00501694,0.00901528,0.01225985,0.01336217,0.00000000,0.01003389,0.01701195,0.02199355,0.01777146,0.00000000,0.01752832,0.02945079,0.03287776,0.03380684
1977-03-31,0.05213551,0.05746697,0.06157337,0.06458411,0.06631735,0.05213551,0.06279842,0.06978617,0.07361633,0.07325032,0.05820222,0.07598291,0.08612290,0.09189114,0.09346016,0.00000000,0.00533146,0.00943786,0.01244860,0.01418184,0.00000000,0.01066291,0.01765066,0.02148082,0.02111481,0.00000000,0.01778068,0.02792067,0.03368892,0.03525793
1977-04-30,0.05283896,0.05827871,0.06117505,0.06493851,0.06607249,0.05283896,0.06371846,0.06696774,0.07622886,0.07060842,0.05809600,0.07425874,0.08284835,0.08746317,0.09087992,0.00000000,0.00543975,0.00833609,0.01209954,0.01323353,0.00000000,0.01087950,0.01412878,0.02338990,0.01776946,0.00000000,0.01616274,0.02475235,0.02936718,0.03278392
1977-05-31,0.05491783,0.05903411,0.06139855,0.06441027,0.06577100,0.05491783,0.06315038,0.06612742,0.07344542,0.07121392,0.06435751,0.08442607,0.09594685,0.10613200,0.10939470,0.00000000,0.00411627,0.00648071,0.00949243,0.01085316,0.00000000,0.00823255,0.01120958,0.01852759,0.01629609,0.00000000,0.02006856,0.03158934,0.04177450,0.04503720
1977-06-30,0.05457736,0.05800012,0.05989034,0.06262986,0.06405732,0.05457736,0.06142289,0.06367078,0.07084843,0.06976714,0.06148964,0.07916916,0.08989266,0.10420422,0.10930423,0.00000000,0.00342277,0.00531298,0.00805251,0.00947996,0.00000000,0.00684553,0.00909342,0.01627107,0.01518978,0.00000000,0.01767952,0.02840303,0.04271458,0.04781460
1977-07-31,0.05939058,0.06176889,0.06308840,0.06561668,0.06678866,0.05939058,0.06414720,0.06572741,0.07320154,0.07147655,0.05843811,0.06943373,0.07673116,0.08727302,0.08822402,0.00000000,0.00237831,0.00369782,0.00622611,0.00739808,0.00000000,0.00475663,0.00633684,0.01381097,0.01208597,0.00000000,0.01099562,0.01829304,0.02883491,0.02978591
1977-08-31,0.06049741,0.06279373,0.06407285,0.06543540,0.06616789,0.06049741,0.06509005,0.06663110,0.06952303,0.06909787,0.05659064,0.06502324,0.06791836,0.07777177,0.08412337,0.00000000,0.00229632,0.00357545,0.00493799,0.00567049,0.00000000,0.00459265,0.00613370,0.00902563,0.00860046,0.00000000,0.00843260,0.01132772,0.02118113,0.02753273
1977-09-30,0.06277714,0.06480537,0.06568769,0.06659539,0.06759260,0.06277714,0.06683359,0.06745232,0.06931852,0.07158144,0.05564288,0.05794210,0.06119320,0.06335839,0.07218600,0.00000000,0.00202823,0.00291055,0.00381826,0.00481547,0.00000000,0.00405646,0.00467519,0.00654138,0.00880430,0.00000000,0.00229923,0.00555033,0.00771551,0.01654312
1977-10-31,0.06562275,0.06784000,0.06880218,0.06965769,0.07021314,0.06562275,0.07005725,0.07072653,0.07222423,0.07243493,0.05281298,0.05005210,0.04564069,0.04444040,0.04687164,0.00000000,0.00221725,0.00317943,0.00403495,0.00459039,0.00000000,0.00443451,0.00510378,0.00660149,0.00681218,0.00000000,-0.00276088,-0.00717229,-0.00837257,-0.00594134
1977-11-30,0.06415153,0.06750144,0.06811767,0.06880389,0.06951402,0.06415153,0.07085135,0.06935015,0.07086255,0.07235452,0.04797925,0.03962239,0.02857434,0.02333130,0.01859246,0.00000000,0.00334991,0.00396615,0.00465237,0.00536249,0.00000000,0.00669982,0.00519862,0.00671102,0.00820300,0.00000000,-0.00835686,-0.01940491,-0.02464795,-0.02938679
1977-12-31,0.06611367,0.06841551,0.06919450,0.07066913,0.07183786,0.06611367,0.07071735,0.07075248,0.07509300,0.07651279,0.04657501,0.03715940,0.02896525,0.01684698,0.01288640,0.00000000,0.00230184,0.00308083,0.00455545,0.00572418,0.00000000,0.00460368,0.00463881,0.00897932,0.01039911,0.00000000,-0.00941561,-0.01760975,-0.02972803,-0.03368861
1978-01-31,0.06831324,0.07070239,0.07143498,0.07266120,0.07314799,0.06831324,0.07309154,0.07290016,0.07633984,0.07509517,0.05436706,0.04966771,0.04697725,0.04556738,0.03613271,0.00000000,0.00238915,0.00312174,0.00434795,0.00483475,0.00000000,0.00477830,0.00458692,0.00802660,0.00678193,0.00000000,-0.00469935,-0.00738981,-0.00879968,-0.01823435
1978-02-28,0.06890427,0.07158860,0.07286354,0.07381262,0.07440679,0.06890427,0.07427292,0.07541342,0.07665987,0.07678348,0.05314067,0.04741095,0.04329065,0.04301144,0.03726370,0.00000000,0.00268433,0.00395927,0.00490835,0.00550252,0.00000000,0.00536865,0.00650915,0.00775560,0.00787921,0.00000000,-0.00572971,-0.00985002,-0.01012923,-0.01587697
1978-03-31,0.06918567,0.07279847,0.07363603,0.07466331,0.07485278,0.06918567,0.07641126,0.07531116,0.07774516,0.07561066,0.05213551,0.04574826,0.03912317,0.03742834,0.03293349,0.00000000,0.00361280,0.00445036,0.00547764,0.00566711,0.00000000,0.00722559,0.00612549,0.00855949,0.00642498,0.00000000,-0.00638725,-0.01301234,-0.01470717,-0.01920202
1978-04-30,0.07094072,0.07332046,0.07475572,0.07535238,0.07608356,0.07094072,0.07570020,0.07762622,0.07714236,0.07900831,0.05283896,0.04561670,0.03688424,0.03548688,0.02895293,0.00000000,0.00237974,0.00381499,0.00441166,0.00514284,0.00000000,0.00475948,0.00668550,0.00620164,0.00806759,0.00000000,-0.00722226,-0.01595472,-0.01735209,-0.02388603
1978-05-31,0.07476492,0.07637439,0.07673070,0.07712693,0.07808224,0.07476492,0.07798386,0.07744333,0.07831560,0.08190350,0.05491783,0.04330330,0.03144686,0.02744895,0.02034727,0.00000000,0.00160947,0.00196578,0.00236201,0.00331732,0.00000000,0.00321894,0.00267841,0.00355068,0.00713858,0.00000000,-0.01161453,-0.02347098,-0.02746888,-0.03457056
1978-06-30,0.07875212,0.07963755,0.07977911,0.07978104,0.07983805,0.07875212,0.08052297,0.08006223,0.07978684,0.08006607,0.05457736,0.03724813,0.02039593,0.01118213,0.00116242,0.00000000,0.00088543,0.00102699,0.00102892,0.00108592,0.00000000,0.00177085,0.00131011,0.00103472,0.00131394,0.00000000,-0.01732923,-0.03418143,-0.04339523,-0.05341494
1978-07-31,0.07742659,0.07952306,0.07927618,0.07890524,0.07923986,0.07742659,0.08161953,0.07878243,0.07779240,0.08057835,0.05939058,0.04611119,0.03021907,0.02463818,0.01832233,0.00000000,0.00209647,0.00184959,0.00147865,0.00181327,0.00000000,0.00419294,0.00135584,0.00036581,0.00315176,0.00000000,-0.01327939,-0.02917150,-0.03475239,-0.04106825
1978-08-31,0.07930828,0.07935913,0.07844318,0.07856233,0.07869646,0.07930828,0.07940999,0.07661129,0.07891978,0.07923295,0.06049741,0.04627918,0.03350029,0.02641204,0.01659013,0.00000000,0.00005086,-0.00086509,-0.00074594,-0.00061182,0.00000000,0.00010171,-0.00269699,-0.00038850,-0.00007533,0.00000000,-0.01421822,-0.02699711,-0.03408536,-0.04390728
1978-09-30,0.08206837,0.08089865,0.07922859,0.07945099,0.07951459,0.08206837,0.07972893,0.07588847,0.08011820,0.07976897,0.06277714,0.04754236,0.03526576,0.02869580,0.02015904,0.00000000,-0.00116972,-0.00283978,-0.00261737,-0.00255378,0.00000000,-0.00233944,-0.00617989,-0.00195016,-0.00229940,0.00000000,-0.01523477,-0.02751138,-0.03408134,-0.04261810
1978-10-31,0.09080926,0.08832911,0.08674632,0.08616381,0.08359824,0.09080926,0.08584896,0.08358073,0.08441627,0.07333597,0.06562275,0.04487074,0.02974831,0.01839180,0.00641047,0.00000000,-0.00248015,-0.00406295,-0.00464546,-0.00721103,0.00000000,-0.00496031,-0.00722853,-0.00639300,-0.01747330,0.00000000,-0.02075201,-0.03587444,-0.04723094,-0.05921228
1978-11-30,0.09297783,0.08880338,0.08506685,0.08332833,0.08188213,0.09297783,0.08462892,0.07759380,0.07811276,0.07609736,0.06415153,0.04202504,0.02674627,0.02001502,0.01425678,0.00000000,-0.00417446,-0.00791098,-0.00964950,-0.01109570,0.00000000,-0.00834891,-0.01538403,-0.01486507,-0.01688047,0.00000000,-0.02212648,-0.03740526,-0.04413651,-0.04989475
1978-12-31,0.09660219,0.09193559,0.08949868,0.08702436,0.08630967,0.09660219,0.08726899,0.08462485,0.07960140,0.08345093,0.06611367,0.04022883,0.02371232,0.01418047,0.01109185,0.00000000,-0.00466660,-0.00710351,-0.00957783,-0.01029252,0.00000000,-0.00933320,-0.01197734,-0.01700079,-0.01315126,0.00000000,-0.02588484,-0.04240135,-0.05193321,-0.05502182
1979-01-31,0.09331610,0.08955495,0.08547495,0.08348712,0.08341699,0.09331610,0.08579379,0.07731495,0.07752363,0.08313648,0.06831324,0.04808868,0.03519505,0.03421995,0.03179148,0.00000000,-0.00376116,-0.00784116,-0.00982898,-0.00989911,0.00000000,-0.00752231,-0.01600116,-0.01579247,-0.01017963,0.00000000,-0.02022456,-0.03311819,-0.03409330,-0.03652176
1979-02-28,0.09444260,0.09172098,0.08647245,0.08642142,0.08649479,0.09444260,0.08899935,0.07597539,0.08626834,0.08678828,0.06890427,0.04873459,0.03514866,0.03583314,0.02634829,0.00000000,-0.00272163,-0.00797016,-0.00802118,-0.00794781,0.00000000,-0.00544325,-0.01846721,-0.00817427,-0.00765433,0.00000000,-0.02016968,-0.03375561,-0.03307113,-0.04255598
1979-03-31,0.09146974,0.09013631,0.08654696,0.08566799,0.08539732,0.09146974,0.08880288,0.07936825,0.08303110,0.08431465,0.06918567,0.05412720,0.04063547,0.03901239,0.03159194,0.00000000,-0.00133343,-0.00492278,-0.00580174,-0.00607241,0.00000000,-0.00266685,-0.01210149,-0.00843863,-0.00715509,0.00000000,-0.01505847,-0.02855020,-0.03017328,-0.03759373
1979-04-30,0.09314165,0.09195591,0.08777582,0.08702871,0.08668282,0.09314165,0.09077016,0.07941564,0.08478738,0.08529928,0.07094072,0.05349927,0.04035534,0.03808206,0.03230300,0.00000000,-0.00118574,-0.00536583,-0.00611294,-0.00645883,0.00000000,-0.00237149,-0.01372601,-0.00835427,-0.00784237,0.00000000,-0.01744145,-0.03058539,-0.03285866,-0.03863772
1979-05-31,0.09185706,0.08870426,0.08443521,0.08441137,0.08322038,0.09185706,0.08555147,0.07589711,0.08433984,0.07845643,0.07476492,0.06089172,0.05278358,0.05520208,0.05276575,0.00000000,-0.00315280,-0.00742185,-0.00744569,-0.00863668,0.00000000,-0.00630559,-0.01595995,-0.00751722,-0.01340062,0.00000000,-0.01387320,-0.02198133,-0.01956284,-0.02199917
1979-06-30,0.08716109,0.08280278,0.08182102,0.08150524,0.08011930,0.08716109,0.07844447,0.07985749,0.08055792,0.07457553,0.07875212,0.07211400,0.07373176,0.07366112,0.07316927,0.00000000,-0.00435831,-0.00534008,-0.00565585,-0.00704179,0.00000000,-0.00871662,-0.00730361,-0.00660318,-0.01258557,0.00000000,-0.00663812,-0.00502036,-0.00509100,-0.00558285
1979-07-31,0.08998408,0.08661086,0.08427133,0.08351571,0.08235421,0.08998408,0.08323765,0.07959226,0.08124887,0.07770820,0.07742659,0.06906204,0.06460682,0.06280696,0.06213644,0.00000000,-0.00337322,-0.00571275,-0.00646837,-0.00762987,0.00000000,-0.00674644,-0.01039182,-0.00873521,-0.01227588,0.00000000,-0.00836455,-0.01281977,-0.01461963,-0.01529014
1979-08-31,0.09579684,0.09118846,0.08818781,0.08657338,0.08480949,0.09579684,0.08658007,0.08218651,0.08173010,0.07775391,0.07930828,0.06292142,0.05295264,0.04968591,0.04718876,0.00000000,-0.00460839,-0.00760904,-0.00922346,-0.01098736,0.00000000,-0.00921677,-0.01361033,-0.01406675,-0.01804293,0.00000000,-0.01638685,-0.02635564,-0.02962237,-0.03211952
1979-09-30,0.10057740,0.09321265,0.09071954,0.08813925,0.08700686,0.10057740,0.08584790,0.08573332,0.08039836,0.08247730,0.08206837,0.06121989,0.05126046,0.04564535,0.04501596,0.00000000,-0.00736475,-0.00985786,-0.01243816,-0.01357054,0.00000000,-0.01472950,-0.01484409,-0.02017904,-0.01810010,0.00000000,-0.02084847,-0.03080790,-0.03642302,-0.03705241
1979-10-31,0.11706833,0.11009492,0.10634567,0.10270725,0.10087983,0.11706833,0.10312150,0.09884719,0.09179196,0.09357017,0.09080926,0.05958989,0.04004912,0.02561820,0.00716220,0.00000000,-0.00697342,-0.01072266,-0.01436109,-0.01618850,0.00000000,-0.01394683,-0.01822114,-0.02527637,-0.02349816,0.00000000,-0.03121938,-0.05076014,-0.06519107,-0.08364706
1979-11-30,0.10600524,0.10405479,0.09668459,0.09493290,0.09500259,0.10600524,0.10210433,0.08194421,0.08967784,0.09528131,0.09297783,0.07160151,0.04709098,0.04325953,0.02967905,0.00000000,-0.00195045,-0.00932065,-0.01107234,-0.01100265,0.00000000,-0.00390090,-0.02406103,-0.01632740,-0.01072393,0.00000000,-0.02137632,-0.04588685,-0.04971830,-0.06329878
1979-12-31,0.10576870,0.10288525,0.09870438,0.09635229,0.09492130,0.10576870,0.10000180,0.09034265,0.08929603,0.08919733,0.09660219,0.07810249,0.06272554,0.05198430,0.04613920,0.00000000,-0.00288345,-0.00706431,-0.00941640,-0.01084740,0.00000000,-0.00576690,-0.01542605,-0.01647267,-0.01657137,0.00000000,-0.01849970,-0.03387665,-0.04461789,-0.05046299
1980-01-31,0.10988486,0.10766418,0.10236113,0.10157778,0.10066220,0.10988486,0.10544350,0.09175502,0.09922774,0.09699990,0.09331610,0.06922503,0.04109648,0.02686509,0.01077383,0.00000000,-0.00222068,-0.00752374,-0.00830708,-0.00922266,0.00000000,-0.00444136,-0.01812985,-0.01065712,-0.01288497,0.00000000,-0.02409107,-0.05221963,-0.06645101,-0.08254227
1980-02-29,0.13441603,0.12820602,0.12441348,0.11931700,0.11509566,0.13441603,0.12199600,0.11682841,0.10402756,0.09821029,0.09444260,0.04902592,0.00300532,-0.02755476,-0.04479404,0.00000000,-0.00621002,-0.01000255,-0.01509903,-0.01932038,0.00000000,-0.01242004,-0.01758762,-0.03038847,-0.03620575,0.00000000,-0.04541668,-0.09143729,-0.12199736,-0.13923664
1980-03-31,0.13871679,0.13087413,0.12235981,0.11582213,0.11543333,0.13871679,0.12303147,0.10533116,0.09620910,0.11387812,0.09146974,0.04155583,-0.00210740,-0.02440746,-0.03630191,0.00000000,-0.00784266,-0.01635698,-0.02289466,-0.02328346,0.00000000,-0.01568532,-0.03338563,-0.04250769,-0.02483867,0.00000000,-0.04991391,-0.09357713,-0.11587719,-0.12777165
1980-04-30,0.09871044,0.09996378,0.09695604,0.09545231,0.09687583,0.09871044,0.10121712,0.09094057,0.09094111,0.10256989,0.09314165,0.08520137,0.06339989,0.05724670,0.05160486,0.00000000,0.00125334,-0.00175440,-0.00325813,-0.00183461,0.00000000,0.00250668,-0.00776987,-0.00776932,0.00385945,0.00000000,-0.00794028,-0.02974176,-0.03589495,-0.04153679
1980-05-31,0.08180976,0.08397134,0.08682734,0.08868694,0.09150265,0.08180976,0.08613292,0.09253935,0.09426572,0.10276547,0.09185706,0.09559876,0.08536294,0.07716343,0.06135415,0.00000000,0.00216158,0.00501758,0.00687717,0.00969288,0.00000000,0.00432316,0.01072958,0.01245596,0.02095571,0.00000000,0.00374170,-0.00649411,-0.01469362,-0.03050291
1980-06-30,0.07894428,0.08381062,0.08650785,0.08764168,0.08983102,0.07894428,0.08867695,0.09190231,0.09104318,0.09858837,0.08716109,0.08666128,0.07784182,0.06649743,0.05002978,0.00000000,0.00486634,0.00756357,0.00869740,0.01088674,0.00000000,0.00973267,0.01295803,0.01209890,0.01964409,0.00000000,-0.00049981,-0.00931928,-0.02066367,-0.03713132
1980-07-31,0.08529136,0.09048968,0.09288930,0.09286019,0.09600057,0.08529136,0.09568801,0.09768853,0.09277285,0.10856211,0.08998408,0.08793037,0.07183463,0.05539497,0.04033031,0.00000000,0.00519833,0.00759794,0.00756883,0.01070921,0.00000000,0.01039665,0.01239717,0.00748150,0.02327075,0.00000000,-0.00205371,-0.01814945,-0.03458911,-0.04965377
1980-08-31,0.10448649,0.10554205,0.10643942,0.10585888,0.10685853,0.10448649,0.10659762,0.10823416,0.10411727,0.11085710,0.09579684,0.07789043,0.05347932,0.02697526,0.00061190,0.00000000,0.00105557,0.00195293,0.00137240,0.00237204,0.00000000,0.00211113,0.00374767,-0.00036921,0.00637062,0.00000000,-0.01790642,-0.04231752,-0.06882158,-0.09518495
1980-09-30,0.11110743,0.11068745,0.10953160,0.10975975,0.10887278,0.11110743,0.11026746,0.10721991,0.11044419,0.10532489,0.10057740,0.07531787,0.05078373,0.02396218,-0.00400470,0.00000000,-0.00041999,-0.00157583,-0.00134769,-0.00223466,0.00000000,-0.00083997,-0.00388752,-0.00066325,-0.00578254,0.00000000,-0.02525953,-0.04979367,-0.07661522,-0.10458210
1980-10-31,0.12182579,0.11885116,0.11628592,0.11416469,0.11556524,0.12182579,0.11587652,0.11115543,0.10780103,0.12116744,0.11706833,0.09836404,0.08133471,0.06197124,0.04774038,0.00000000,-0.00297463,-0.00553987,-0.00766110,-0.00626054,0.00000000,-0.00594927,-0.01067036,-0.01402476,-0.00065834,0.00000000,-0.01870429,-0.03573362,-0.05509709,-0.06932795
1980-11-30,0.13232933,0.12331434,0.12065945,0.11793896,0.11839898,0.13232933,0.11429936,0.11534968,0.10977746,0.12023909,0.10600524,0.07578025,0.04342510,0.01775326,0.00325711,0.00000000,-0.00901498,-0.01166987,-0.01439037,-0.01393034,0.00000000,-0.01802997,-0.01697965,-0.02255187,-0.01209024,0.00000000,-0.03022499,-0.06258014,-0.08825198,-0.10274813
1980-12-31,0.12054656,0.11682117,0.11310265,0.11311971,0.11224625,0.12054656,0.11309578,0.10566561,0.11317090,0.10875242,0.10576870,0.08522394,0.06247080,0.04610122,0.02212765,0.00000000,-0.00372539,-0.00744391,-0.00742684,-0.00830030,0.00000000,-0.00745077,-0.01488095,-0.00737566,-0.01179413,0.00000000,-0.02054476,-0.04329789,-0.05966748,-0.08364105
1981-01-31,0.12654929,0.11811362,0.11555171,0.11499990,0.11564482,0.12654929,0.10967795,0.11042790,0.11334444,0.11822453,0.10988486,0.08877907,0.07085614,0.05965598,0.04331143,0.00000000,-0.00843567,-0.01099758,-0.01154939,-0.01090447,0.00000000,-0.01687134,-0.01612139,-0.01320485,-0.00832476,0.00000000,-0.02110579,-0.03902873,-0.05022889,-0.06657344
1981-02-28,0.13139196,0.12372003,0.12406265,0.12269220,0.12232891,0.13139196,0.11604811,0.12474788,0.11858084,0.12087577,0.13441603,0.12502008,0.12580038,0.10508006,0.08470950,0.00000000,-0.00767192,-0.00732931,-0.00869976,-0.00906304,0.00000000,-0.01534385,-0.00664408,-0.01281111,-0.01051618,0.00000000,-0.00939596,-0.00861565,-0.02933597,-0.04970653
1981-03-31,0.11869977,0.11885706,0.11897389,0.11983907,0.12092822,0.11869977,0.11901435,0.11920755,0.12243462,0.12528484,0.13871679,0.14304849,0.12936531,0.10636687,0.09781037,0.00000000,0.00015729,0.00027412,0.00113930,0.00222846,0.00000000,0.00031458,0.00050778,0.00373485,0.00658508,0.00000000,0.00433170,-0.00935148,-0.03234993,-0.04090642
1981-04-30,0.13550022,0.13348184,0.12899169,0.13003834,0.12871944,0.13550022,0.13146347,0.12001139,0.13317828,0.12344383,0.09871044,0.06442734,0.02390444,-0.00516583,-0.03577423,0.00000000,-0.00201837,-0.00650853,-0.00546188,-0.00678078,0.00000000,-0.00403675,-0.01548883,-0.00232193,-0.01205638,0.00000000,-0.03428310,-0.07480600,-0.10387627,-0.13448467
1981-05-31,0.13449044,0.12920641,0.12655866,0.12544761,0.12316712,0.13449044,0.12392237,0.12126315,0.12211447,0.11404518,0.08180976,0.03345224,0.00206921,-0.02492822,-0.04427721,0.00000000,-0.00528404,-0.00793179,-0.00904283,-0.01132332,0.00000000,-0.01056807,-0.01322729,-0.01237597,-0.02044526,0.00000000,-0.04835752,-0.07974055,-0.10673798,-0.12608698
1981-06-30,0.13019902,0.13092021,0.12711033,0.12934496,0.12423304,0.13019902,0.13164140,0.11949056,0.13604887,0.10378536,0.07894428,0.03742221,-0.00231688,-0.03076426,-0.06822477,0.00000000,0.00072119,-0.00308870,-0.00085406,-0.00596598,0.00000000,0.00144238,-0.01070847,0.00584984,-0.02641366,0.00000000,-0.04152207,-0.08126116,-0.10970854,-0.14716905
1981-07-31,0.14279400,0.14094484,0.13452907,0.13380000,0.13113266,0.14279400,0.13909568,0.12169753,0.13161281,0.12046329,0.08529136,0.03818536,-0.00322179,-0.03214646,-0.05519716,0.00000000,-0.00184916,-0.00826493,-0.00899400,-0.01166134,0.00000000,-0.00369832,-0.02109647,-0.01118119,-0.02233071,0.00000000,-0.04710599,-0.08851314,-0.11743781,-0.14048852
1981-08-31,0.14679425,0.14530578,0.14459755,0.13890829,0.13766586,0.14679425,0.14381730,0.14318110,0.12184051,0.13269611,0.10448649,0.06428985,0.02870671,-0.01035712,-0.02134053,0.00000000,-0.00148847,-0.00219670,-0.00788596,-0.00912839,0.00000000,-0.00297695,-0.00361315,-0.02495374,-0.01409814,0.00000000,-0.04019663,-0.07577978,-0.11484361,-0.12582702
1981-09-30,0.14352055,0.14489850,0.14435260,0.14689923,0.13977383,0.14352055,0.14627646,0.14326078,0.15453915,0.11127220,0.11110743,0.07785435,0.03879780,0.00598121,-0.04323305,0.00000000,0.00137795,0.00083205,0.00337869,-0.00374672,0.00000000,0.00275591,-0.00025977,0.01101860,-0.03224835,0.00000000,-0.03325309,-0.07230963,-0.10512623,-0.15434049
1981-10-31,0.12926788,0.13068716,0.13140447,0.13357460,0.13338253,0.12926788,0.13210643,0.13283910,0.14008497,0.13261425,0.12182579,0.10843443,0.08748343,0.06244536,0.04352783,0.00000000,0.00141928,0.00213659,0.00430672,0.00411465,0.00000000,0.00283855,0.00357122,0.01081709,0.00334637,0.00000000,-0.01339136,-0.03434236,-0.05938043,-0.07829796
1981-11-30,0.10483046,0.10953862,0.11800602,0.11561140,0.11503353,0.10483046,0.11424678,0.13494083,0.10842755,0.11272205,0.13232933,0.14179823,0.14290112,0.11773775,0.12954929,0.00000000,0.00470816,0.01317556,0.01078095,0.01020308,0.00000000,0.00941632,0.03011037,0.00359709,0.00789160,0.00000000,0.00946890,0.01057179,-0.01459158,-0.00278003
1981-12-31,0.12132884,0.12405245,0.12641412,0.12712705,0.12608330,0.12132884,0.12677606,0.13113746,0.12926581,0.12190832,0.12054656,0.11231350,0.09120305,0.07323649,0.05272309,0.00000000,0.00272361,0.00508528,0.00579821,0.00475446,0.00000000,0.00544723,0.00980863,0.00793698,0.00057948,0.00000000,-0.00823305,-0.02934351,-0.04731007,-0.06782346
1982-01-31,0.12716234,0.12608547,0.12849611,0.12909419,0.12764959,0.12716234,0.12500860,0.13331738,0.13088845,0.12187120,0.12654929,0.10906491,0.09448421,0.07451127,0.06184736,0.00000000,-0.00107687,0.00133377,0.00193185,0.00048726,0.00000000,-0.00215373,0.00615504,0.00372611,-0.00529114,0.00000000,-0.01748438,-0.03206509,-0.05203802,-0.06470193
1982-02-28,0.12868691,0.12841472,0.12722111,0.12729025,0.12597837,0.12868691,0.12814252,0.12483390,0.12749768,0.12073083,0.13139196,0.11875315,0.11535851,0.10910546,0.10248355,0.00000000,-0.00027219,-0.00146580,-0.00139666,-0.00270854,0.00000000,-0.00054438,-0.00385301,-0.00118923,-0.00795608,0.00000000,-0.01263880,-0.01603345,-0.02228650,-0.02890841
1982-03-31,0.12801153,0.12946942,0.12994044,0.13024859,0.12702038,0.12801153,0.13092731,0.13088249,0.13117304,0.11410753,0.11869977,0.10970259,0.09798282,0.08953495,0.08364675,0.00000000,0.00145789,0.00192892,0.00223707,-0.00099115,0.00000000,0.00291579,0.00287096,0.00316152,-0.01390399,0.00000000,-0.00899718,-0.02071695,-0.02916482,-0.03505302
1982-04-30,0.12523412,0.12642752,0.12575735,0.12471824,0.12335628,0.12523412,0.12762091,0.12441702,0.12160092,0.11790843,0.13550022,0.14172956,0.13412004,0.14288130,0.14472422,0.00000000,0.00119339,0.00052323,-0.00051588,-0.00187784,0.00000000,0.00238678,-0.00081710,-0.00363321,-0.00732570,0.00000000,0.00622934,-0.00138017,0.00738109,0.00922400
1982-05-31,0.11962739,0.12201766,0.12372113,0.12306312,0.12334970,0.11962739,0.12440794,0.12712808,0.12108909,0.12449600,0.13449044,0.13878543,0.13564065,0.13062704,0.12358313,0.00000000,0.00239027,0.00409375,0.00343574,0.00372231,0.00000000,0.00478055,0.00750069,0.00146171,0.00486862,0.00000000,0.00429499,0.00115020,-0.00386340,-0.01090731
1982-06-30,0.13070259,0.13158931,0.13282719,0.12951616,0.13122205,0.13070259,0.13247604,0.13530295,0.11958307,0.13804559,0.13019902,0.13113784,0.11815236,0.11889827,0.10310056,0.00000000,0.00088673,0.00212461,-0.00118642,0.00051946,0.00000000,0.00177345,0.00460037,-0.01111952,0.00734300,0.00000000,0.00093881,-0.01204667,-0.01130075,-0.02709846
1982-07-31,0.11575916,0.12038873,0.12220774,0.12030300,0.12390042,0.11575916,0.12501831,0.12584575,0.11458879,0.13829010,0.14279400,0.16613051,0.16280973,0.16857680,0.17445130,0.00000000,0.00462957,0.00644858,0.00454384,0.00814126,0.00000000,0.00925915,0.01008659,-0.00117037,0.02253094,0.00000000,0.02333652,0.02001573,0.02578280,0.03165730
1982-08-31,0.10647055,0.10992863,0.11466031,0.11731473,0.11677969,0.10647055,0.11338671,0.12412367,0.12527797,0.11463957,0.14679425,0.18414100,0.21393539,0.21165223,0.21907037,0.00000000,0.00345808,0.00818976,0.01084418,0.01030914,0.00000000,0.00691616,0.01765312,0.01880742,0.00816902,0.00000000,0.03734675,0.06714114,0.06485798,0.07227612
1982-09-30,0.09714979,0.10397678,0.10584496,0.10556097,0.10805334,0.09714979,0.11080376,0.10958134,0.10470898,0.11802280,0.14352055,0.19264721,0.22510423,0.27006205,0.27662526,0.00000000,0.00682699,0.00869517,0.00841118,0.01090355,0.00000000,0.01365397,0.01243155,0.00755919,0.02087301,0.00000000,0.04912667,0.08158369,0.12654150,0.13310471
1982-10-31,0.08957792,0.09459216,0.10015026,0.09776884,0.09847712,0.08957792,0.09960640,0.11126648,0.09062456,0.10131023,0.12926788,0.17179639,0.20502910,0.23384760,0.27583729,0.00000000,0.00501424,0.01057234,0.00819092,0.00889919,0.00000000,0.01002847,0.02168855,0.00104663,0.01173230,0.00000000,0.04252851,0.07576122,0.10457972,0.14656941
1982-11-30,0.08811098,0.09258072,0.09687956,0.10080207,0.09944799,0.08811098,0.09705045,0.10547726,0.11256960,0.09403166,0.10483046,0.13096626,0.16885664,0.17180693,0.17195938,0.00000000,0.00446973,0.00876858,0.01269109,0.01133701,0.00000000,0.00893947,0.01736628,0.02445862,0.00592067,0.00000000,0.02613580,0.06402618,0.06697647,0.06712892
1982-12-31,0.08149516,0.08864770,0.09380324,0.09669562,0.09773594,0.08149516,0.09580024,0.10411432,0.10537278,0.10189723,0.12132884,0.16660974,0.20194697,0.22709846,0.24363400,0.00000000,0.00715254,0.01230808,0.01520047,0.01624079,0.00000000,0.01430508,0.02261916,0.02387762,0.02040207,0.00000000,0.04528091,0.08061813,0.10576962,0.12230516
1983-01-31,0.08353072,0.08945379,0.09549270,0.09531299,0.09952182,0.08353072,0.09537686,0.10757052,0.09477385,0.11635717,0.12716234,0.16864022,0.20658073,0.22989866,0.25699601,0.00000000,0.00592307,0.01196198,0.01178227,0.01599110,0.00000000,0.01184614,0.02403980,0.01124313,0.03282645,0.00000000,0.04147788,0.07941840,0.10273632,0.12983367
1983-02-28,0.08115191,0.08741118,0.09099283,0.09461698,0.09570003,0.08115191,0.09367044,0.09815615,0.10548941,0.10003223,0.12868691,0.17567752,0.20684097,0.23618250,0.25142392,0.00000000,0.00625926,0.00984092,0.01346507,0.01454812,0.00000000,0.01251853,0.01700423,0.02433750,0.01888032,0.00000000,0.04699061,0.07815406,0.10749560,0.12273701
1983-03-31,0.08727282,0.09229548,0.09537352,0.09491449,0.09885934,0.08727282,0.09731814,0.10152961,0.09353738,0.11463873,0.12801153,0.17166602,0.20523037,0.23487380,0.25544396,0.00000000,0.00502266,0.00810071,0.00764167,0.01158652,0.00000000,0.01004532,0.01425679,0.00626456,0.02736591,0.00000000,0.04365450,0.07721884,0.10686227,0.12743243
1983-04-30,0.08264296,0.08805844,0.09127619,0.09277670,0.09551286,0.08264296,0.09347393,0.09771170,0.09727822,0.10645751,0.12523412,0.17021207,0.20115517,0.22504439,0.24567460,0.00000000,0.00541549,0.00863324,0.01013374,0.01286991,0.00000000,0.01083097,0.01506874,0.01463526,0.02381456,0.00000000,0.04497795,0.07592105,0.09981027,0.12044048
1983-05-31,0.08827058,0.09340750,0.09567042,0.09835628,0.10035381,0.08827058,0.09854443,0.10019624,0.10641389,0.10834392,0.11962739,0.15576475,0.18434839,0.20524124,0.22332336,0.00000000,0.00513693,0.00739984,0.01008571,0.01208324,0.00000000,0.01027386,0.01192567,0.01814331,0.02007335,0.00000000,0.03613736,0.06472101,0.08561386,0.10369597
1983-06-30,0.08983046,0.09563816,0.09684085,0.09906282,0.10209660,0.08983046,0.10144586,0.09924623,0.10572874,0.11423172,0.13070259,0.17334817,0.20720527,0.22754211,0.25985896,0.00000000,0.00580770,0.00701039,0.00923236,0.01226614,0.00000000,0.01161540,0.00941577,0.01589828,0.02440126,0.00000000,0.04264558,0.07650268,0.09683952,0.12915637
1983-07-31,0.09704920,0.10155692,0.10390070,0.10785833,0.10905489,0.09704920,0.10606464,0.10858825,0.11973122,0.11384113,0.11575916,0.14372827,0.16350938,0.16950991,0.18806880,0.00000000,0.00450772,0.00685150,0.01080913,0.01200569,0.00000000,0.00901545,0.01153906,0.02268202,0.01679193,0.00000000,0.02796911,0.04775022,0.05375075,0.07230964
1983-08-31,0.09797342,0.10295213,0.10555525,0.10887533,0.11101580,0.09797342,0.10793084,0.11076150,0.11883557,0.11957768,0.10647055,0.12188384,0.13807668,0.15259315,0.14839715,0.00000000,0.00497871,0.00758183,0.01090191,0.01304238,0.00000000,0.00995742,0.01278807,0.02086214,0.02160426,0.00000000,0.01541329,0.03160613,0.04612260,0.04192660
1983-09-30,0.09211418,0.09778496,0.10126563,0.10228901,0.10685390,0.09211418,0.10345574,0.10822697,0.10535916,0.12511345,0.09714979,0.11583937,0.12196497,0.11844699,0.13111063,0.00000000,0.00567078,0.00915145,0.01017483,0.01473972,0.00000000,0.01134156,0.01611279,0.01324498,0.03299926,0.00000000,0.01868958,0.02481518,0.02129720,0.03396084
1983-10-31,0.09080591,0.09824776,0.10222518,0.10487725,0.10638133,0.09080591,0.10568961,0.11018002,0.11283345,0.11239767,0.08957792,0.09837841,0.10395527,0.08439981,0.07287659,0.00000000,0.00744185,0.01141927,0.01407134,0.01557542,0.00000000,0.01488370,0.01937411,0.02202754,0.02159176,0.00000000,0.00880049,0.01437735,-0.00517812,-0.01670134
1983-11-30,0.09213811,0.09889049,0.10136714,0.10511560,0.10539050,0.09213811,0.10564288,0.10632043,0.11636100,0.10649007,0.08811098,0.09302332,0.09285770,0.09910688,0.07677753,0.00000000,0.00675239,0.00922903,0.01297750,0.01325239,0.00000000,0.01350477,0.01418232,0.02422290,0.01435197,0.00000000,0.00491234,0.00474672,0.01099590,-0.01133345
1983-12-31,0.09351662,0.10010367,0.10205021,0.10586127,0.10760235,0.09351662,0.10669072,0.10594329,0.11729447,0.11456663,0.08149516,0.08377878,0.08120238,0.08063187,0.06523462,0.00000000,0.00658705,0.00853359,0.01234466,0.01408573,0.00000000,0.01317410,0.01242667,0.02377786,0.02105001,0.00000000,0.00228362,-0.00029278,-0.00086329,-0.01626053
1984-01-31,0.09107955,0.09837157,0.10070170,0.10378912,0.10577488,0.09107955,0.10566359,0.10536195,0.11305141,0.11371792,0.08353072,0.08782803,0.08973496,0.07914687,0.08245262,0.00000000,0.00729202,0.00962214,0.01270957,0.01469533,0.00000000,0.01458404,0.01428239,0.02197186,0.02263836,0.00000000,0.00429731,0.00620424,-0.00438386,-0.00107810
1984-02-29,0.09456219,0.10199378,0.10434836,0.10727531,0.10880801,0.09456219,0.10942536,0.10905754,0.11605613,0.11493884,0.08115191,0.08026017,0.06899095,0.06542283,0.04939893,0.00000000,0.00743159,0.00978617,0.01271312,0.01424582,0.00000000,0.01486317,0.01449535,0.02149394,0.02037665,0.00000000,-0.00089175,-0.01216096,-0.01572908,-0.03175299
1984-03-31,0.10108986,0.10681483,0.10932964,0.11219671,0.11353055,0.10108986,0.11253981,0.11435924,0.12079793,0.11886589,0.08727282,0.08350110,0.07249090,0.05166904,0.04550983,0.00000000,0.00572498,0.00823978,0.01110685,0.01244069,0.00000000,0.01144996,0.01326939,0.01970808,0.01777603,0.00000000,-0.00377171,-0.01478191,-0.03560378,-0.04176299
1984-04-30,0.10170803,0.10959924,0.11128539,0.11374302,0.11593906,0.10170803,0.11749045,0.11465770,0.12111591,0.12472321,0.08264296,0.07440886,0.05463010,0.03725062,0.02259223,0.00000000,0.00789121,0.00957737,0.01203499,0.01423103,0.00000000,0.01578242,0.01294967,0.01940788,0.02301518,0.00000000,-0.00823410,-0.02801285,-0.04539233,-0.06005073
1984-05-31,0.11236867,0.11891754,0.12173781,0.12325732,0.12575420,0.11236867,0.12546641,0.12737834,0.12781584,0.13574176,0.08827058,0.07444633,0.04917617,0.02821171,0.00873979,0.00000000,0.00654887,0.00936913,0.01088864,0.01338553,0.00000000,0.01309773,0.01500967,0.01544717,0.02337308,0.00000000,-0.01382424,-0.03909441,-0.06005887,-0.07953079
1984-06-30,0.11260843,0.12018362,0.12317566,0.12408119,0.12531186,0.11260843,0.12775881,0.12915974,0.12679778,0.13023454,0.08983046,0.07866789,0.05015531,0.02672430,0.01415824,0.00000000,0.00757519,0.01056723,0.01147276,0.01270343,0.00000000,0.01515038,0.01655132,0.01418935,0.01762612,0.00000000,-0.01116257,-0.03967515,-0.06310616,-0.07567222
1984-07-31,0.10935716,0.11536419,0.11612228,0.11690922,0.11804188,0.10935716,0.12137122,0.11763847,0.11927003,0.12257250,0.09704920,0.09375668,0.08097371,0.08306646,0.07763756,0.00000000,0.00600703,0.00676512,0.00755206,0.00868472,0.00000000,0.01201406,0.00828131,0.00991287,0.01321535,0.00000000,-0.00329252,-0.01607548,-0.01398274,-0.01941163
1984-08-31,0.11108302,0.11482701,0.11555284,0.11682167,0.11745306,0.11108302,0.11857100,0.11700450,0.12062814,0.11997862,0.09797342,0.09482125,0.08701175,0.08884281,0.08779235,0.00000000,0.00374399,0.00446982,0.00573865,0.00637004,0.00000000,0.00748798,0.00592149,0.00954513,0.00889560,0.00000000,-0.00315218,-0.01096168,-0.00913061,-0.01018107
1984-09-30,0.10478715,0.11091603,0.11252985,0.11423199,0.11477116,0.10478715,0.11704491,0.11575748,0.11933842,0.11692783,0.09211418,0.09078277,0.08196482,0.07156651,0.07734153,0.00000000,0.00612888,0.00774270,0.00944484,0.00998401,0.00000000,0.01225776,0.01097033,0.01455127,0.01214068,0.00000000,-0.00133141,-0.01014936,-0.02054767,-0.01477265
1984-10-31,0.09640206,0.10275316,0.10519846,0.10630073,0.10679696,0.09640206,0.10910425,0.11008908,0.10960754,0.10878185,0.09080591,0.10009346,0.10116923,0.10391360,0.10670373,0.00000000,0.00635109,0.00879640,0.00989867,0.01039489,0.00000000,0.01270219,0.01368701,0.01320548,0.01237978,0.00000000,0.00928755,0.01036332,0.01310769,0.01589782
1984-11-30,0.09055379,0.09740336,0.10073118,0.10420660,0.10471110,0.09055379,0.10425293,0.10738681,0.11463285,0.10672913,0.09213811,0.10722719,0.10929469,0.11826888,0.11012611,0.00000000,0.00684957,0.01017739,0.01365280,0.01415731,0.00000000,0.01369914,0.01683302,0.02407906,0.01617534,0.00000000,0.01508909,0.01715658,0.02613078,0.01798800
1984-12-31,0.08634210,0.09336582,0.09881472,0.10121164,0.10411616,0.08634210,0.10038955,0.10971251,0.10840242,0.11573422,0.09351662,0.11386524,0.11941898,0.12700095,0.13316516,0.00000000,0.00702372,0.01247262,0.01486954,0.01777406,0.00000000,0.01404745,0.02337040,0.02206032,0.02939212,0.00000000,0.02034862,0.02590236,0.03348433,0.03964854
1985-01-31,0.08468599,0.09239769,0.09632334,0.10027882,0.10059316,0.08468599,0.10010938,0.10417465,0.11214526,0.10185049,0.09107955,0.11205715,0.11730971,0.12618647,0.12775913,0.00000000,0.00771169,0.01163735,0.01559283,0.01590716,0.00000000,0.01542339,0.01948866,0.02745927,0.01716450,0.00000000,0.02097760,0.02623016,0.03510692,0.03667957
1985-02-28,0.09236307,0.09896319,0.10240363,0.10671369,0.10710188,0.09236307,0.10556330,0.10928453,0.11964387,0.10865464,0.09456219,0.11162448,0.11511872,0.12189032,0.11718528,0.00000000,0.00660012,0.01004056,0.01435062,0.01473881,0.00000000,0.01320023,0.01692146,0.02728080,0.01629157,0.00000000,0.01706229,0.02055653,0.02732813,0.02262310
1985-03-31,0.09107016,0.09701664,0.10103859,0.10541282,0.10535813,0.09107016,0.10296312,0.10908249,0.11853550,0.10513935,0.10108986,0.12255950,0.13395563,0.14567107,0.14600145,0.00000000,0.00594648,0.00996843,0.01434266,0.01428796,0.00000000,0.01189295,0.01801233,0.02746534,0.01406919,0.00000000,0.02146965,0.03286577,0.04458121,0.04491160
1985-04-30,0.08546557,0.09317439,0.09720522,0.10183196,0.10228859,0.08546557,0.10088321,0.10526689,0.11571217,0.10411509,0.10170803,0.13373291,0.14750741,0.16335642,0.17236746,0.00000000,0.00770882,0.01173966,0.01636639,0.01682302,0.00000000,0.01541764,0.01980132,0.03024661,0.01864953,0.00000000,0.03202488,0.04579938,0.06164840,0.07065943
1985-05-31,0.07741408,0.08382888,0.08813720,0.09270501,0.09281505,0.07741408,0.09024368,0.09675384,0.10640844,0.09325523,0.11236867,0.16042100,0.19755566,0.22861766,0.25795098,0.00000000,0.00641480,0.01072312,0.01529093,0.01540097,0.00000000,0.01282960,0.01933976,0.02899435,0.01584115,0.00000000,0.04805232,0.08518698,0.11624899,0.14558231
1985-06-30,0.07398701,0.08234658,0.08840047,0.09203479,0.09267027,0.07398701,0.09070615,0.10050825,0.10293776,0.09521218,0.11260843,0.16638022,0.20483381,0.23112335,0.25842013,0.00000000,0.00835957,0.01441346,0.01804778,0.01868326,0.00000000,0.01671914,0.02652124,0.02895075,0.02122517,0.00000000,0.05377179,0.09222539,0.11851492,0.14581170
1985-07-31,0.07836752,0.08466566,0.09050869,0.09536377,0.09457473,0.07836752,0.09096381,0.10219473,0.10992903,0.09141856,0.10935716,0.15236086,0.17903552,0.19611082,0.20875429,0.00000000,0.00629815,0.01214117,0.01699626,0.01620721,0.00000000,0.01259630,0.02382722,0.03156151,0.01305104,0.00000000,0.04300371,0.06967836,0.08675366,0.09939713
1985-08-31,0.07726803,0.08472355,0.08807185,0.09284330,0.09267203,0.07726803,0.09217907,0.09476844,0.10715767,0.09198693,0.11108302,0.15238598,0.17721142,0.20307112,0.21589207,0.00000000,0.00745552,0.01080382,0.01557527,0.01540400,0.00000000,0.01491104,0.01750041,0.02988964,0.01471890,0.00000000,0.04130296,0.06612840,0.09198810,0.10480905
1985-09-30,0.07717022,0.08347560,0.08771972,0.09217248,0.09337204,0.07717022,0.08978098,0.09620797,0.10553074,0.09817031,0.10478715,0.14466184,0.17063834,0.19376879,0.20516588,0.00000000,0.00630538,0.01054950,0.01500226,0.01620182,0.00000000,0.01261076,0.01903775,0.02836051,0.02100009,0.00000000,0.03987469,0.06585119,0.08898164,0.10037873
1985-10-31,0.07483316,0.08191568,0.08517383,0.08894957,0.09076234,0.07483316,0.08899820,0.09169014,0.10027677,0.09801340,0.09640206,0.13067316,0.15176404,0.16968143,0.17818651,0.00000000,0.00708252,0.01034067,0.01411641,0.01592918,0.00000000,0.01416503,0.01685698,0.02544361,0.02318024,0.00000000,0.03427109,0.05536197,0.07327937,0.08178444
1985-11-30,0.07407516,0.07969126,0.08230189,0.08605620,0.08784252,0.07407516,0.08530737,0.08752316,0.09731911,0.09498781,0.09055379,0.12073157,0.14281101,0.16992070,0.17933072,0.00000000,0.00561611,0.00822674,0.01198104,0.01376736,0.00000000,0.01123222,0.01344800,0.02324395,0.02091265,0.00000000,0.03017778,0.05225721,0.07936691,0.08877693
1985-12-31,0.07212266,0.07558831,0.07843653,0.08098386,0.08271682,0.07212266,0.07905397,0.08413297,0.08862582,0.08964865,0.08634210,0.11460899,0.14526752,0.16953697,0.19664537,0.00000000,0.00346566,0.00631387,0.00886120,0.01059416,0.00000000,0.00693131,0.01201031,0.01650316,0.01752599,0.00000000,0.02826689,0.05892542,0.08319487,0.11030327
1986-01-31,0.07303516,0.07536703,0.07895441,0.08123431,0.08290252,0.07303516,0.07769890,0.08612916,0.08807401,0.08957535,0.08468599,0.11176021,0.13823596,0.16425206,0.17802855,0.00000000,0.00233187,0.00591925,0.00819914,0.00986735,0.00000000,0.00466374,0.01309400,0.01503884,0.01654018,0.00000000,0.02707422,0.05354997,0.07956607,0.09334256
1986-02-28,0.07117889,0.07273823,0.07439602,0.07588048,0.07723865,0.07117889,0.07429757,0.07771160,0.08033387,0.08267131,0.09236307,0.12674749,0.16173445,0.20366672,0.23198749,0.00000000,0.00155934,0.00321713,0.00470159,0.00605976,0.00000000,0.00311868,0.00653271,0.00915499,0.01149242,0.00000000,0.03438442,0.06937138,0.11130365,0.13962442
1986-03-31,0.06570395,0.06604223,0.06844574,0.07031712,0.07116728,0.06570395,0.06638051,0.07325275,0.07593127,0.07456792,0.09107016,0.12832934,0.17103132,0.21631407,0.24552216,0.00000000,0.00033828,0.00274179,0.00461317,0.00546333,0.00000000,0.00067656,0.00754881,0.01022732,0.00886398,0.00000000,0.03725917,0.07996115,0.12524391,0.15445199
1986-04-30,0.06294566,0.06486746,0.06893159,0.07015946,0.07137799,0.06294566,0.06678926,0.07705985,0.07384309,0.07625211,0.08546557,0.12340311,0.16188074,0.20053307,0.23080507,0.00000000,0.00192180,0.00598593,0.00721380,0.00843233,0.00000000,0.00384360,0.01411419,0.01089743,0.01330645,0.00000000,0.03793755,0.07641518,0.11506750,0.14533950
1986-05-31,0.06611482,0.07052339,0.07359683,0.07731633,0.07787554,0.06611482,0.07493195,0.07974371,0.08847484,0.08011238,0.07741408,0.10154295,0.12336483,0.15002956,0.15480994,0.00000000,0.00440857,0.00748201,0.01120151,0.01176072,0.00000000,0.00881713,0.01362889,0.02236002,0.01399756,0.00000000,0.02412886,0.04595075,0.07261547,0.07739586
1986-06-30,0.06220919,0.06553866,0.06876405,0.07183203,0.07238010,0.06220919,0.06886813,0.07521482,0.08103596,0.07457238,0.07398701,0.10248397,0.13412409,0.16184703,0.17602326,0.00000000,0.00332947,0.00655486,0.00962283,0.01017091,0.00000000,0.00665894,0.01300563,0.01882676,0.01236319,0.00000000,0.02849696,0.06013708,0.08786002,0.10203624
1986-07-31,0.06012201,0.06266494,0.06808017,0.06924957,0.07129072,0.06012201,0.06520788,0.07891063,0.07275778,0.07945529,0.07836752,0.10920932,0.14619617,0.17721457,0.19587535,0.00000000,0.00254294,0.00795816,0.00912757,0.01116871,0.00000000,0.00508587,0.01878862,0.01263577,0.01933329,0.00000000,0.03084180,0.06782866,0.09884706,0.11750784
1986-08-31,0.05323775,0.05763737,0.06133458,0.06339221,0.06428760,0.05323775,0.06203698,0.06872900,0.06956512,0.06786916,0.07726803,0.11620935,0.14894081,0.18736948,0.20979129,0.00000000,0.00439961,0.00809683,0.01015446,0.01104985,0.00000000,0.00879923,0.01549125,0.01632737,0.01463141,0.00000000,0.03894132,0.07167278,0.11010145,0.13252326
1986-09-30,0.05659998,0.06131427,0.06505768,0.06882749,0.07026640,0.05659998,0.06602855,0.07254450,0.08013693,0.07602205,0.07717022,0.11035122,0.14053064,0.17351688,0.19155026,0.00000000,0.00471429,0.00845770,0.01222751,0.01366642,0.00000000,0.00942857,0.01594452,0.02353695,0.01942207,0.00000000,0.03318100,0.06336042,0.09634666,0.11438003
1986-10-31,0.05496703,0.05971451,0.06316882,0.06562318,0.06815175,0.05496703,0.06446199,0.07007744,0.07298625,0.07826605,0.07483316,0.10886432,0.13609248,0.16629181,0.19131897,0.00000000,0.00474748,0.00820179,0.01065614,0.01318472,0.00000000,0.00949495,0.01511041,0.01801921,0.02329902,0.00000000,0.03403116,0.06125932,0.09145865,0.11648581
1986-11-30,0.05573491,0.05933305,0.06159892,0.06414659,0.06527355,0.05573491,0.06293119,0.06613065,0.07178962,0.06978138,0.07407516,0.10364762,0.12823958,0.15942804,0.18262623,0.00000000,0.00359814,0.00586400,0.00841168,0.00953864,0.00000000,0.00719628,0.01039573,0.01605471,0.01404647,0.00000000,0.02957246,0.05416443,0.08535289,0.10855107
1986-12-31,0.05883923,0.06105885,0.06301988,0.06426673,0.06684634,0.05883923,0.06327846,0.06694195,0.06800726,0.07716477,0.07212266,0.09233739,0.11319191,0.13487578,0.15651717,0.00000000,0.00221961,0.00418065,0.00542749,0.00800710,0.00000000,0.00443923,0.00810272,0.00916803,0.01832553,0.00000000,0.02021474,0.04106925,0.06275312,0.08439451
1987-01-31,0.05737108,0.06013188,0.06248667,0.06446617,0.06523485,0.05737108,0.06289268,0.06719625,0.07040468,0.06830953,0.07303516,0.09336299,0.11659946,0.13747722,0.15664789,0.00000000,0.00276080,0.00511559,0.00709509,0.00786376,0.00000000,0.00552160,0.00982517,0.01303360,0.01093845,0.00000000,0.02032782,0.04356430,0.06444206,0.08361272
1987-02-28,0.05804512,0.06087866,0.06251262,0.06434254,0.06523891,0.05804512,0.06371219,0.06578055,0.06983229,0.06882441,0.07117889,0.08743133,0.10143074,0.11598407,0.12882309,0.00000000,0.00283353,0.00446750,0.00629741,0.00719379,0.00000000,0.00566707,0.00773542,0.01178717,0.01077929,0.00000000,0.01625245,0.03025185,0.04480518,0.05764420
1987-03-31,0.05998678,0.06251701,0.06484371,0.06628929,0.06819477,0.05998678,0.06504723,0.06949712,0.07062604,0.07581670,0.06570395,0.07209767,0.08030319,0.08673734,0.09067922,0.00000000,0.00253023,0.00485693,0.00630251,0.00820799,0.00000000,0.00506045,0.00951033,0.01063925,0.01582992,0.00000000,0.00639373,0.01459924,0.02103339,0.02497528
1987-04-30,0.06612880,0.06988407,0.07299283,0.07471885,0.07543006,0.06612880,0.07363934,0.07921035,0.07989693,0.07827490,0.06294566,0.06360612,0.06702664,0.06165938,0.05801455,0.00000000,0.00375527,0.00686403,0.00859006,0.00930127,0.00000000,0.00751054,0.01308155,0.01376814,0.01214611,0.00000000,0.00066046,0.00408098,-0.00128628,-0.00493111
1987-05-31,0.06849605,0.07329810,0.07556829,0.07706220,0.07801632,0.06849605,0.07810014,0.08010869,0.08154393,0.08183279,0.06611482,0.07255072,0.07419430,0.08256045,0.08112890,0.00000000,0.00480204,0.00707224,0.00856615,0.00952027,0.00000000,0.00960409,0.01161264,0.01304788,0.01333673,0.00000000,0.00643590,0.00807948,0.01644563,0.01501408
1987-06-30,0.06600291,0.07090458,0.07355955,0.07534415,0.07702407,0.06600291,0.07580624,0.07886949,0.08069795,0.08374376,0.06220919,0.06507441,0.06448299,0.06664945,0.06052389,0.00000000,0.00490166,0.00755664,0.00934124,0.01102116,0.00000000,0.00980333,0.01286658,0.01469504,0.01774084,0.00000000,0.00286522,0.00227380,0.00444026,-0.00168531
1987-07-31,0.06704664,0.07217856,0.07543702,0.07681494,0.07816571,0.06704664,0.07731048,0.08195396,0.08094869,0.08356879,0.06012201,0.05828325,0.05988340,0.05068722,0.04919382,0.00000000,0.00513192,0.00839039,0.00976830,0.01111907,0.00000000,0.01026384,0.01490732,0.01390205,0.01652215,0.00000000,-0.00183876,-0.00023861,-0.00943479,-0.01092818
1987-08-31,0.06957389,0.07533147,0.07829553,0.07960631,0.08084517,0.06957389,0.08108904,0.08422367,0.08353864,0.08580059,0.05323775,0.04570084,0.03334079,0.01868225,0.00301276,0.00000000,0.00575758,0.00872164,0.01003242,0.01127127,0.00000000,0.01151515,0.01464977,0.01396475,0.01622670,0.00000000,-0.00753691,-0.01989696,-0.03455550,-0.05022499
1987-09-30,0.07586635,0.08103010,0.08403994,0.08629120,0.08705309,0.07586635,0.08619384,0.09005962,0.09304501,0.09010061,0.05659998,0.04676218,0.03311284,0.02319015,0.00616719,0.00000000,0.00516374,0.00817358,0.01042485,0.01118673,0.00000000,0.01032749,0.01419326,0.01717866,0.01423426,0.00000000,-0.00983780,-0.02348714,-0.03340983,-0.05043279
1987-10-31,0.06497810,0.07353514,0.07717826,0.07993000,0.08036133,0.06497810,0.08209219,0.08446448,0.08818524,0.08208664,0.05496703,0.05445092,0.04243618,0.03095794,0.02103875,0.00000000,0.00855705,0.01220016,0.01495190,0.01538323,0.00000000,0.01711409,0.01948639,0.02320714,0.01710854,0.00000000,-0.00051611,-0.01253086,-0.02400909,-0.03392828
1987-11-30,0.06656085,0.07282844,0.07663830,0.07945267,0.08118775,0.06656085,0.07909603,0.08425802,0.08789579,0.08812805,0.05573491,0.05210525,0.03913986,0.02667146,0.00855706,0.00000000,0.00626759,0.01007745,0.01289182,0.01462689,0.00000000,0.01253518,0.01769716,0.02133494,0.02156719,0.00000000,-0.00362966,-0.01659505,-0.02906345,-0.04717786
1987-12-31,0.06992121,0.07360958,0.07591771,0.07803512,0.07976793,0.06992121,0.07729795,0.08053398,0.08438733,0.08669919,0.05883923,0.05219648,0.04184048,0.02931377,0.02209121,0.00000000,0.00368837,0.00599650,0.00811391,0.00984672,0.00000000,0.00737674,0.01061277,0.01446612,0.01677798,0.00000000,-0.00664275,-0.01699875,-0.02952547,-0.03674803
1988-01-31,0.06502843,0.06894638,0.07112772,0.07305056,0.07397211,0.06502843,0.07286433,0.07549039,0.07881908,0.07765834,0.05737108,0.05523534,0.04956726,0.04448154,0.03397200,0.00000000,0.00391795,0.00609929,0.00802213,0.00894369,0.00000000,0.00783591,0.01046197,0.01379065,0.01262992,0.00000000,-0.00213574,-0.00780383,-0.01288954,-0.02339908
1988-02-29,0.06398580,0.06769553,0.06988124,0.07151689,0.07275918,0.06398580,0.07140526,0.07425265,0.07642384,0.07772833,0.05804512,0.05777151,0.05214679,0.04772643,0.04012700,0.00000000,0.00370973,0.00589543,0.00753108,0.00877337,0.00000000,0.00741946,0.01026684,0.01243804,0.01374253,0.00000000,-0.00027362,-0.00589833,-0.01031869,-0.01791812
1988-03-31,0.06624733,0.07025305,0.07280171,0.07495382,0.07670326,0.06624733,0.07425877,0.07789904,0.08141012,0.08370106,0.05998678,0.05878669,0.05402504,0.04675203,0.04115861,0.00000000,0.00400572,0.00655439,0.00870649,0.01045594,0.00000000,0.00801144,0.01165171,0.01516279,0.01745373,0.00000000,-0.00120009,-0.00596175,-0.01323475,-0.01882817
1988-04-30,0.06850618,0.07345020,0.07587560,0.07809963,0.07923370,0.06850618,0.07839422,0.08072640,0.08477170,0.08377000,0.06612880,0.07126195,0.07207807,0.07124861,0.06475181,0.00000000,0.00494402,0.00736942,0.00959345,0.01072752,0.00000000,0.00988804,0.01222022,0.01626552,0.01526382,0.00000000,0.00513316,0.00594928,0.00511981,-0.00137698
1988-05-31,0.07385065,0.07744972,0.07947757,0.08176273,0.08296169,0.07385065,0.08104880,0.08353327,0.08861821,0.08775750,0.06849605,0.07274555,0.07180543,0.06981608,0.06303066,0.00000000,0.00359908,0.00562693,0.00791209,0.00911104,0.00000000,0.00719816,0.00968263,0.01476756,0.01390685,0.00000000,0.00424949,0.00330938,0.00132003,-0.00546539
1988-06-30,0.07240563,0.07571248,0.07729223,0.07864492,0.07982312,0.07240563,0.07901933,0.08045174,0.08270299,0.08453592,0.06600291,0.06940353,0.06925369,0.06949990,0.07054067,0.00000000,0.00330685,0.00488660,0.00623929,0.00741749,0.00000000,0.00661370,0.00804611,0.01029736,0.01213029,0.00000000,0.00340061,0.00325077,0.00349699,0.00453775
1988-07-31,0.07607275,0.07938112,0.08048594,0.08165146,0.08241058,0.07607275,0.08268950,0.08269558,0.08514804,0.08544702,0.06704664,0.06828437,0.06754883,0.06580194,0.06422269,0.00000000,0.00330838,0.00441319,0.00557872,0.00633783,0.00000000,0.00661675,0.00662283,0.00907529,0.00937428,0.00000000,0.00123773,0.00050219,-0.00124470,-0.00282395
1988-08-31,0.07930119,0.08185116,0.08264352,0.08384298,0.08423930,0.07930119,0.08440114,0.08422825,0.08744135,0.08582456,0.06957389,0.07136175,0.07118428,0.07049467,0.06885391,0.00000000,0.00254998,0.00334234,0.00454179,0.00493811,0.00000000,0.00509995,0.00492706,0.00814016,0.00652337,0.00000000,0.00178786,0.00161038,0.00092077,-0.00071999
1988-09-30,0.07672433,0.07945864,0.08036245,0.08073969,0.08151406,0.07672433,0.08219295,0.08217008,0.08187140,0.08461155,0.07586635,0.08533587,0.09320253,0.10407746,0.11230667,0.00000000,0.00273431,0.00363812,0.00401536,0.00478973,0.00000000,0.00546863,0.00544575,0.00514707,0.00788722,0.00000000,0.00946951,0.01733617,0.02821110,0.03644032
1988-10-31,0.07605203,0.07766593,0.07788995,0.07862641,0.07896451,0.07605203,0.07927983,0.07833798,0.08083578,0.08031693,0.06497810,0.07101825,0.07620290,0.08605016,0.08730102,0.00000000,0.00161390,0.00183791,0.00257437,0.00291248,0.00000000,0.00322780,0.00228594,0.00478375,0.00426490,0.00000000,0.00604015,0.01122480,0.02107206,0.02232292
1988-11-30,0.08123800,0.08288218,0.08290541,0.08369803,0.08368417,0.08123800,0.08452636,0.08295186,0.08607590,0.08362874,0.06656085,0.06441889,0.06415055,0.06909448,0.07114663,0.00000000,0.00164418,0.00166741,0.00246003,0.00244617,0.00000000,0.00328836,0.00171386,0.00483790,0.00239074,0.00000000,-0.00214197,-0.00241031,0.00253362,0.00458577
1988-12-31,0.08522321,0.08558513,0.08605106,0.08609547,0.08618794,0.08522321,0.08594706,0.08698292,0.08622869,0.08655781,0.06992121,0.06199595,0.05658287,0.05398728,0.05445778,0.00000000,0.00036192,0.00082785,0.00087226,0.00096473,0.00000000,0.00072385,0.00175971,0.00100548,0.00133460,0.00000000,-0.00792526,-0.01333834,-0.01593393,-0.01546343
1989-01-31,0.08510194,0.08531297,0.08493054,0.08509552,0.08460282,0.08510194,0.08552401,0.08416566,0.08559046,0.08263202,0.06502843,0.05279082,0.04275721,0.03741062,0.02947851,0.00000000,0.00021103,-0.00017141,-0.00000643,-0.00049913,0.00000000,0.00042206,-0.00093628,0.00048852,-0.00246993,0.00000000,-0.01223761,-0.02227122,-0.02761781,-0.03554992
1989-02-28,0.08941889,0.08902494,0.08847387,0.08861838,0.08760159,0.08941889,0.08863100,0.08737173,0.08905189,0.08353444,0.06398580,0.04597218,0.03159382,0.02064593,0.00932237,0.00000000,-0.00039395,-0.00094502,-0.00080051,-0.00181730,0.00000000,-0.00078789,-0.00204716,-0.00036700,-0.00588445,0.00000000,-0.01801363,-0.03239198,-0.04333987,-0.05466343
1989-03-31,0.09186038,0.09092199,0.09035623,0.08930260,0.08880456,0.09186038,0.08998361,0.08922470,0.08614170,0.08681244,0.06624733,0.04864572,0.03656116,0.02874657,0.02630594,0.00000000,-0.00093839,-0.00150415,-0.00255779,-0.00305582,0.00000000,-0.00187678,-0.00263568,-0.00571869,-0.00504794,0.00000000,-0.01760161,-0.02968617,-0.03750076,-0.03994139
1989-04-30,0.08663540,0.08688419,0.08632401,0.08583068,0.08517861,0.08663540,0.08713297,0.08520365,0.08435070,0.08257032,0.06850618,0.06026500,0.05385842,0.05342647,0.05284578,0.00000000,0.00024878,-0.00031139,-0.00080472,-0.00145679,0.00000000,0.00049757,-0.00143175,-0.00228470,-0.00406509,0.00000000,-0.00824118,-0.01464776,-0.01507971,-0.01566040
1989-05-31,0.08401981,0.08254491,0.08259784,0.08242767,0.08196064,0.08401981,0.08107002,0.08270370,0.08191716,0.08009254,0.07385065,0.07087964,0.07334290,0.07925741,0.08509775,0.00000000,-0.00147489,-0.00142197,-0.00159214,-0.00205916,0.00000000,-0.00294979,-0.00131611,-0.00210265,-0.00392726,0.00000000,-0.00297101,-0.00050775,0.00540676,0.01124710
1989-06-30,0.07805553,0.07608499,0.07613471,0.07563342,0.07639373,0.07805553,0.07411444,0.07623416,0.07412954,0.07943496,0.07240563,0.07336943,0.07970673,0.08617556,0.09658194,0.00000000,-0.00197055,-0.00192082,-0.00242212,-0.00166181,0.00000000,-0.00394110,-0.00182137,-0.00392600,0.00137943,0.00000000,0.00096380,0.00730110,0.01376993,0.02417631
1989-07-31,0.07323023,0.07101920,0.07187401,0.07173476,0.07174147,0.07323023,0.06880817,0.07358362,0.07131704,0.07176828,0.07607275,0.08553201,0.09941942,0.11098384,0.12511383,0.00000000,-0.00221103,-0.00135623,-0.00149547,-0.00148877,0.00000000,-0.00442207,0.00035338,-0.00191319,-0.00146196,0.00000000,0.00945927,0.02334668,0.03491110,0.04904108
1989-08-31,0.07800345,0.07915275,0.07862971,0.07850014,0.07815342,0.07800345,0.08030206,0.07758363,0.07811144,0.07676654,0.07930119,0.08569888,0.08962506,0.09948279,0.10719591,0.00000000,0.00114930,0.00062626,0.00049669,0.00014997,0.00000000,0.00229861,-0.00041982,0.00010799,-0.00123691,0.00000000,0.00639769,0.01032388,0.02018160,0.02789472
1989-09-30,0.07981788,0.07966589,0.07966334,0.07934169,0.07902771,0.07981788,0.07951389,0.07965824,0.07837674,0.07777180,0.07672433,0.07909940,0.08175559,0.08396875,0.09020356,0.00000000,-0.00015200,-0.00015454,-0.00047619,-0.00079017,0.00000000,-0.00030399,-0.00015964,-0.00144114,-0.00204608,0.00000000,0.00237507,0.00503126,0.00724442,0.01347923
1989-10-31,0.07460652,0.07395177,0.07485270,0.07487038,0.07470414,0.07460652,0.07329703,0.07665454,0.07492343,0.07403917,0.07605203,0.08072535,0.08576630,0.08994754,0.09534105,0.00000000,-0.00065475,0.00024618,0.00026386,0.00009762,0.00000000,-0.00130949,0.00204802,0.00031691,-0.00056735,0.00000000,0.00467332,0.00971427,0.01389551,0.01928901
1989-11-30,0.07388710,0.07311653,0.07355089,0.07401590,0.07399813,0.07388710,0.07234597,0.07441962,0.07541091,0.07392707,0.08123800,0.09187726,0.10248315,0.11413943,0.12235726,0.00000000,-0.00077056,-0.00033620,0.00012880,0.00011104,0.00000000,-0.00154113,0.00053252,0.00152382,0.00003997,0.00000000,0.01063926,0.02124515,0.03290143,0.04111926
1989-12-31,0.07470516,0.07450418,0.07500966,0.07501231,0.07473683,0.07470516,0.07430320,0.07602062,0.07502027,0.07363490,0.08522321,0.09646510,0.10914483,0.11935290,0.13089044,0.00000000,-0.00020098,0.00030450,0.00030715,0.00003167,0.00000000,-0.00040197,0.00131545,0.00031511,-0.00107027,0.00000000,0.01124189,0.02392162,0.03412969,0.04566723
1990-01-31,0.07766063,0.07786277,0.07851480,0.07894643,0.07921893,0.07766063,0.07806491,0.07981886,0.08024133,0.08030890,0.08510194,0.09296532,0.09906607,0.10483767,0.10722836,0.00000000,0.00020214,0.00085417,0.00128581,0.00155830,0.00000000,0.00040429,0.00215823,0.00258070,0.00264828,0.00000000,0.00786338,0.01396413,0.01973573,0.02212641
1990-02-28,0.07741951,0.07918437,0.07950289,0.08024904,0.08040249,0.07741951,0.08094924,0.08013992,0.08248748,0.08101632,0.08941889,0.10063038,0.10705287,0.11596485,0.11701181,0.00000000,0.00176486,0.00208338,0.00282953,0.00298298,0.00000000,0.00352973,0.00272041,0.00506797,0.00359681,0.00000000,0.01121149,0.01763398,0.02654596,0.02759292
1990-03-31,0.07961484,0.08129748,0.08196789,0.08192259,0.08184565,0.07961484,0.08298012,0.08330871,0.08178670,0.08153787,0.09186038,0.10222915,0.10847374,0.11130672,0.11633246,0.00000000,0.00168264,0.00235305,0.00230776,0.00223081,0.00000000,0.00336528,0.00369387,0.00217187,0.00192303,0.00000000,0.01036877,0.01661336,0.01944634,0.02447208
1990-04-30,0.08192178,0.08387127,0.08466440,0.08526093,0.08506728,0.08192178,0.08582076,0.08625065,0.08705054,0.08429265,0.08663540,0.09184660,0.09122949,0.08932954,0.08484931,0.00000000,0.00194949,0.00274262,0.00333915,0.00314550,0.00000000,0.00389898,0.00432887,0.00512876,0.00237087,0.00000000,0.00521119,0.00459409,0.00269413,-0.00178609
1990-05-31,0.07807989,0.07979786,0.08030921,0.08117237,0.08140925,0.07807989,0.08151584,0.08133191,0.08376186,0.08235675,0.08401981,0.08700994,0.08819779,0.08878304,0.08511373,0.00000000,0.00171797,0.00222932,0.00309248,0.00332936,0.00000000,0.00343595,0.00325202,0.00568197,0.00427686,0.00000000,0.00299013,0.00417799,0.00476324,0.00109392
1990-06-30,0.07646953,0.07736597,0.07824314,0.07899580,0.07944087,0.07646953,0.07826240,0.07999748,0.08125379,0.08122114,0.07805553,0.07570044,0.07367220,0.06780426,0.06598544,0.00000000,0.00089644,0.00177361,0.00252627,0.00297134,0.00000000,0.00179287,0.00352794,0.00478426,0.00475161,0.00000000,-0.00235509,-0.00438333,-0.01025127,-0.01207010
1990-07-31,0.07388134,0.07452163,0.07568093,0.07650885,0.07727196,0.07388134,0.07516193,0.07799952,0.07899264,0.08032440,0.07323023,0.06815706,0.06657875,0.05989627,0.05267191,0.00000000,0.00064029,0.00179959,0.00262752,0.00339063,0.00000000,0.00128059,0.00411818,0.00511130,0.00644306,0.00000000,-0.00507317,-0.00665148,-0.01333396,-0.02055832
1990-08-31,0.07343653,0.07598590,0.07800935,0.07995601,0.08114370,0.07343653,0.07853527,0.08205625,0.08579599,0.08589446,0.07800345,0.08486898,0.08391734,0.07997252,0.07094307,0.00000000,0.00254937,0.00457282,0.00651948,0.00770717,0.00000000,0.00509873,0.00861972,0.01235946,0.01245793,0.00000000,0.00686553,0.00591389,0.00196907,-0.00706038
1990-09-30,0.07309855,0.07563249,0.07735556,0.07932256,0.08053826,0.07309855,0.07816642,0.08080169,0.08522357,0.08540107,0.07981788,0.08623322,0.08772504,0.08530009,0.07784832,0.00000000,0.00253393,0.00425700,0.00622401,0.00743971,0.00000000,0.00506787,0.00770314,0.01212502,0.01230252,0.00000000,0.00641534,0.00790716,0.00548220,-0.00196956
1990-10-31,0.07190443,0.07326903,0.07516550,0.07717427,0.07843972,0.07190443,0.07463362,0.07895845,0.08320056,0.08350152,0.07460652,0.07599912,0.07802004,0.07398501,0.06482361,0.00000000,0.00136460,0.00326107,0.00526984,0.00653529,0.00000000,0.00272919,0.00705402,0.01129613,0.01159709,0.00000000,0.00139260,0.00341352,-0.00062151,-0.00978291
1990-11-30,0.07075963,0.07105873,0.07278490,0.07470023,0.07569359,0.07075963,0.07135783,0.07623723,0.08044625,0.07966700,0.07388710,0.07547344,0.07853523,0.07770891,0.07118973,0.00000000,0.00029910,0.00202526,0.00394060,0.00493396,0.00000000,0.00059819,0.00547760,0.00968662,0.00890737,0.00000000,0.00158634,0.00464813,0.00382182,-0.00269736
1990-12-31,0.06689494,0.06816646,0.07052333,0.07203772,0.07376837,0.06689494,0.06943799,0.07523707,0.07658089,0.08069096,0.07470516,0.08211343,0.08869605,0.08847925,0.08553326,0.00000000,0.00127153,0.00362840,0.00514279,0.00687343,0.00000000,0.00254305,0.00834214,0.00968596,0.01379603,0.00000000,0.00740826,0.01399089,0.01377409,0.01082810
1991-01-31,0.06399482,0.06691037,0.06917264,0.07171746,0.07253082,0.06399482,0.06982591,0.07369720,0.07935189,0.07578427,0.07766063,0.09173072,0.10172366,0.10826779,0.10922481,0.00000000,0.00291555,0.00517782,0.00772263,0.00853599,0.00000000,0.00583109,0.00970237,0.01535706,0.01178944,0.00000000,0.01407009,0.02406303,0.03060717,0.03156418
1991-02-28,0.06294429,0.06675725,0.06913731,0.07183381,0.07289430,0.06294429,0.07057022,0.07389743,0.07992331,0.07713627,0.07741951,0.09542446,0.10499416,0.11358421,0.11467721,0.00000000,0.00381296,0.00619302,0.00888952,0.00995001,0.00000000,0.00762593,0.01095314,0.01697902,0.01419198,0.00000000,0.01800495,0.02757465,0.03616470,0.03725770
1991-03-31,0.06158609,0.06732172,0.06978675,0.07264619,0.07442370,0.06158609,0.07305734,0.07471680,0.08122453,0.08153371,0.07961484,0.10100886,0.11126023,0.11833013,0.11864347,0.00000000,0.00573562,0.00820065,0.01106010,0.01283760,0.00000000,0.01147125,0.01313071,0.01963843,0.01994762,0.00000000,0.02139402,0.03164539,0.03871529,0.03902863
1991-04-30,0.06000470,0.06462455,0.06823986,0.07154383,0.07271687,0.06000470,0.06924441,0.07547048,0.08145574,0.07740900,0.08192178,0.10773784,0.12474408,0.13632414,0.13916105,0.00000000,0.00461985,0.00823516,0.01153913,0.01271216,0.00000000,0.00923970,0.01546578,0.02145104,0.01740430,0.00000000,0.02581606,0.04282230,0.05440236,0.05723927
1991-05-31,0.06068710,0.06544564,0.06807525,0.07184360,0.07336570,0.06068710,0.07020418,0.07333447,0.08314865,0.07945409,0.07807989,0.09890863,0.11003636,0.12046374,0.11967184,0.00000000,0.00475854,0.00738815,0.01115650,0.01267860,0.00000000,0.00951708,0.01264738,0.02246156,0.01876699,0.00000000,0.02082874,0.03195647,0.04238385,0.04159195
1991-06-30,0.06121579,0.06628191,0.07041268,0.07396553,0.07568592,0.06121579,0.07134803,0.07867421,0.08462410,0.08256746,0.07646953,0.09351614,0.10216559,0.10474517,0.10134221,0.00000000,0.00506612,0.00919689,0.01274974,0.01447013,0.00000000,0.01013224,0.01745842,0.02340831,0.02135167,0.00000000,0.01704661,0.02569606,0.02827564,0.02487268
1991-07-31,0.05976272,0.06475254,0.06867820,0.07244833,0.07422143,0.05976272,0.06974236,0.07652951,0.08375874,0.08131381,0.07388134,0.08928055,0.09753771,0.10000083,0.09656649,0.00000000,0.00498982,0.00891548,0.01268561,0.01445871,0.00000000,0.00997964,0.01676679,0.02399603,0.02155109,0.00000000,0.01539921,0.02365637,0.02611949,0.02268515
1991-08-31,0.05490606,0.06110696,0.06439676,0.06852057,0.07043196,0.05490606,0.06730787,0.07097634,0.08089203,0.07807751,0.07343653,0.09706573,0.11181412,0.12663377,0.13163621,0.00000000,0.00620090,0.00949069,0.01361451,0.01552590,0.00000000,0.01240180,0.01607027,0.02598596,0.02317145,0.00000000,0.02362920,0.03837759,0.05319724,0.05819967
1991-09-30,0.05231350,0.05756029,0.06125385,0.06508131,0.06637384,0.05231350,0.06280709,0.06864098,0.07656369,0.07154395,0.07309855,0.09895147,0.11694608,0.13352867,0.14236605,0.00000000,0.00524680,0.00894036,0.01276782,0.01406034,0.00000000,0.01049359,0.01632748,0.02425019,0.01923045,0.00000000,0.02585292,0.04384753,0.06043012,0.06926750
1991-10-31,0.05025274,0.05460080,0.05894638,0.06314902,0.06488415,0.05025274,0.05894885,0.06763754,0.07575695,0.07182467,0.07190443,0.09628531,0.11629492,0.13185794,0.13960251,0.00000000,0.00434806,0.00869364,0.01289628,0.01463141,0.00000000,0.00869611,0.01738480,0.02550421,0.02157193,0.00000000,0.02438088,0.04439049,0.05995351,0.06769808
1991-11-30,0.04678090,0.05216538,0.05630337,0.06160852,0.06378722,0.04678090,0.05754986,0.06457933,0.07752397,0.07250205,0.07075963,0.09533656,0.11402392,0.12989084,0.13203387,0.00000000,0.00538448,0.00952247,0.01482762,0.01700632,0.00000000,0.01076896,0.01779843,0.03074307,0.02572115,0.00000000,0.02457693,0.04326429,0.05913121,0.06127424
1991-12-31,0.04086715,0.04621530,0.05047041,0.05627394,0.05748619,0.04086715,0.05156345,0.05898063,0.07368451,0.06233521,0.06689494,0.09546577,0.11913939,0.13673965,0.14374610,0.00000000,0.00534815,0.00960326,0.01540678,0.01661904,0.00000000,0.01069630,0.01811348,0.03281736,0.02146805,0.00000000,0.02857084,0.05224445,0.06984471,0.07685116
1992-01-31,0.04247430,0.04916654,0.05588946,0.06059090,0.06223518,0.04247430,0.05585879,0.06933529,0.07469524,0.06881226,0.06399482,0.09134644,0.10918484,0.11920144,0.12029047,0.00000000,0.00669224,0.01341516,0.01811660,0.01976087,0.00000000,0.01338449,0.02686099,0.03222094,0.02633796,0.00000000,0.02735161,0.04519002,0.05520662,0.05629564
1992-02-29,0.04307093,0.05104133,0.05655969,0.06172531,0.06437744,0.04307093,0.05901174,0.06759639,0.07722217,0.07498597,0.06294429,0.09044358,0.10532927,0.11765619,0.11757029,0.00000000,0.00797040,0.01348876,0.01865438,0.02130651,0.00000000,0.01594081,0.02452546,0.03415124,0.03191504,0.00000000,0.02749929,0.04238498,0.05471190,0.05462600
1992-03-31,0.04506235,0.05413970,0.06057200,0.06527432,0.06686285,0.04506235,0.06321706,0.07343659,0.07938127,0.07321697,0.06158609,0.08958109,0.10108084,0.10886877,0.11102121,0.00000000,0.00907736,0.01550965,0.02021197,0.02180050,0.00000000,0.01815471,0.02837425,0.03431893,0.02815462,0.00000000,0.02799500,0.03949474,0.04728268,0.04943511
1992-04-30,0.04282896,0.05257185,0.05894164,0.06397994,0.06688450,0.04282896,0.06231475,0.07168121,0.07909483,0.07850275,0.06000470,0.08642014,0.09957588,0.10935041,0.10766458,0.00000000,0.00974289,0.01611268,0.02115097,0.02405554,0.00000000,0.01948578,0.02885225,0.03626587,0.03567378,0.00000000,0.02641544,0.03957118,0.04934570,0.04765988
1992-05-31,0.04180301,0.05043268,0.05638884,0.06113560,0.06470701,0.04180301,0.05906235,0.06830116,0.07537586,0.07899265,0.06068710,0.08908827,0.10336039,0.11820788,0.12228611,0.00000000,0.00862967,0.01458583,0.01933258,0.02290399,0.00000000,0.01725934,0.02649814,0.03357285,0.03718963,0.00000000,0.02840117,0.04267329,0.05752079,0.06159901
1992-06-30,0.03983078,0.04687345,0.05309626,0.05822269,0.06117048,0.03983078,0.05391612,0.06554187,0.07360200,0.07296165,0.06121579,0.09273304,0.11749113,0.13657336,0.14553882,0.00000000,0.00704267,0.01326548,0.01839191,0.02133971,0.00000000,0.01408534,0.02571109,0.03377122,0.03313088,0.00000000,0.03151725,0.05627534,0.07535757,0.08432303
1992-07-31,0.03517143,0.04274411,0.04880532,0.05411689,0.05679091,0.03517143,0.05031678,0.06092774,0.07005162,0.06748698,0.05976272,0.09433364,0.12054638,0.14337738,0.15463957,0.00000000,0.00757267,0.01363388,0.01894546,0.02161948,0.00000000,0.01514535,0.02575631,0.03488019,0.03231555,0.00000000,0.03457093,0.06078366,0.08361466,0.09487685
1992-08-31,0.03378096,0.04026715,0.04632932,0.05202390,0.05473478,0.03378096,0.04675334,0.05845365,0.06910763,0.06557834,0.05490606,0.08843297,0.11265596,0.13509434,0.14406422,0.00000000,0.00648619,0.01254836,0.01824293,0.02095382,0.00000000,0.01297238,0.02467269,0.03532666,0.03179738,0.00000000,0.03352690,0.05774990,0.08018827,0.08915816
1992-09-30,0.03057918,0.03704701,0.04309479,0.04856534,0.05216911,0.03057918,0.04351483,0.05519034,0.06497701,0.06658418,0.05231350,0.08454141,0.10966755,0.13104090,0.13760783,0.00000000,0.00646783,0.01251561,0.01798616,0.02158993,0.00000000,0.01293566,0.02461117,0.03439783,0.03600500,0.00000000,0.03222791,0.05735406,0.07872740,0.08529433
1992-10-31,0.03542193,0.04361140,0.04944638,0.05502315,0.05843109,0.03542193,0.05180087,0.06111634,0.07175348,0.07206281,0.05025274,0.07377966,0.08961634,0.10425695,0.10432814,0.00000000,0.00818947,0.01402445,0.01960123,0.02300916,0.00000000,0.01637894,0.02569441,0.03633156,0.03664088,0.00000000,0.02352692,0.03936360,0.05400421,0.05407540
1992-11-30,0.03847186,0.04630374,0.05286414,0.05795495,0.06056780,0.03847186,0.05413561,0.06598495,0.07322738,0.07101917,0.04678090,0.06585890,0.07630263,0.08784164,0.08711631,0.00000000,0.00783187,0.01439228,0.01948309,0.02209593,0.00000000,0.01566374,0.02751309,0.03475552,0.03254731,0.00000000,0.01907800,0.02952173,0.04106074,0.04033541
1992-12-31,0.03585585,0.04401558,0.05079458,0.05525381,0.05875053,0.03585585,0.05217532,0.06435257,0.06863151,0.07273739,0.04086715,0.05657476,0.06338007,0.07271201,0.06641570,0.00000000,0.00815974,0.01493873,0.01939797,0.02289468,0.00000000,0.01631947,0.02849673,0.03277567,0.03688154,0.00000000,0.01570761,0.02251292,0.03184485,0.02554855
1993-01-31,0.03387598,0.04124254,0.04668335,0.05098830,0.05512107,0.03387598,0.04860909,0.05756499,0.06390313,0.07165217,0.04247430,0.06445711,0.08518331,0.10231356,0.10722269,0.00000000,0.00736655,0.01280737,0.01711232,0.02124509,0.00000000,0.01473311,0.02368901,0.03002715,0.03777619,0.00000000,0.02198281,0.04270900,0.05983926,0.06474839
1993-02-28,0.03257139,0.03840170,0.04322931,0.04823808,0.05173197,0.03257139,0.04423200,0.05288453,0.06326440,0.06570754,0.04307093,0.06951128,0.09287567,0.11721330,0.12893488,0.00000000,0.00583031,0.01065792,0.01566669,0.01916058,0.00000000,0.01166061,0.02031314,0.03069301,0.03313615,0.00000000,0.02644035,0.04980474,0.07414237,0.08586395
1993-03-31,0.03297434,0.03840587,0.04393002,0.04839802,0.05114285,0.03297434,0.04383740,0.05497832,0.06180205,0.06212216,0.04506235,0.07530506,0.10490426,0.12930721,0.14072214,0.00000000,0.00543153,0.01095568,0.01542369,0.01816851,0.00000000,0.01086306,0.02200398,0.02882771,0.02914782,0.00000000,0.03024272,0.05984191,0.08424487,0.09565979
1993-04-30,0.03243634,0.03715871,0.04252734,0.04723926,0.05023899,0.03243634,0.04188109,0.05326459,0.06137501,0.06223795,0.04282896,0.07270737,0.10250749,0.12833773,0.14546547,0.00000000,0.00472237,0.01009100,0.01480292,0.01780265,0.00000000,0.00944475,0.02082825,0.02893867,0.02980161,0.00000000,0.02987841,0.05967853,0.08550877,0.10263651
1993-05-31,0.03566489,0.04095378,0.04555735,0.04945667,0.05256029,0.03566489,0.04624266,0.05476449,0.06115465,0.06497474,0.04180301,0.06520047,0.08725897,0.10787034,0.12570834,0.00000000,0.00528889,0.00989246,0.01379178,0.01689540,0.00000000,0.01057778,0.01909960,0.02548976,0.02930986,0.00000000,0.02339746,0.04545595,0.06606733,0.08390532
1993-06-30,0.03439830,0.03905269,0.04302805,0.04637426,0.04928494,0.03439830,0.04370708,0.05097879,0.05641286,0.06092767,0.03983078,0.05934860,0.08118339,0.10380660,0.12035539,0.00000000,0.00465439,0.00862976,0.01197596,0.01488664,0.00000000,0.00930878,0.01658049,0.02201456,0.02652937,0.00000000,0.01951782,0.04135261,0.06397582,0.08052462
1993-07-31,0.03434966,0.04018646,0.04429278,0.04717765,0.05069247,0.03434966,0.04602326,0.05250544,0.05583226,0.06475171,0.03517143,0.05113855,0.06604303,0.08358922,0.09524393,0.00000000,0.00583680,0.00994313,0.01282800,0.01634281,0.00000000,0.01167360,0.01815578,0.02148261,0.03040205,0.00000000,0.01596712,0.03087160,0.04841778,0.06007250
1993-08-31,0.03298339,0.03761011,0.04137720,0.04394535,0.04683576,0.03298339,0.04223683,0.04891137,0.05164979,0.05839743,0.03378096,0.04755091,0.06376773,0.08396398,0.09789253,0.00000000,0.00462672,0.00839381,0.01096195,0.01385237,0.00000000,0.00925344,0.01592798,0.01866640,0.02541404,0.00000000,0.01376995,0.02998677,0.05018302,0.06411157
1993-09-30,0.03317747,0.03775632,0.04113973,0.04445192,0.04666306,0.03317747,0.04233516,0.04790655,0.05438848,0.05550763,0.03057918,0.04091654,0.05377172,0.07084218,0.08303788,0.00000000,0.00457885,0.00796226,0.01127445,0.01348559,0.00000000,0.00915769,0.01472908,0.02121101,0.02233016,0.00000000,0.01033736,0.02319254,0.04026301,0.05245871
1993-10-31,0.03398242,0.03861211,0.04207002,0.04492302,0.04699469,0.03398242,0.04324179,0.04898583,0.05348202,0.05528137,0.03542193,0.05324037,0.07111492,0.09388257,0.11246336,0.00000000,0.00462968,0.00808759,0.01094059,0.01301226,0.00000000,0.00925936,0.01500341,0.01949959,0.02129895,0.00000000,0.01781845,0.03569300,0.05846064,0.07704144
1993-11-30,0.03567355,0.04086109,0.04432740,0.04789170,0.05016298,0.03567355,0.04604863,0.05126001,0.05858459,0.05924811,0.03847186,0.05693392,0.07687024,0.09883761,0.11127220,0.00000000,0.00518754,0.00865384,0.01221814,0.01448942,0.00000000,0.01037508,0.01558645,0.02291104,0.02357455,0.00000000,0.01846205,0.03839837,0.06036575,0.07280033
1993-12-31,0.03571638,0.04116384,0.04367568,0.04823937,0.05078294,0.03571638,0.04661129,0.04869937,0.06193044,0.06095720,0.03585585,0.05231479,0.07005607,0.08998821,0.10079516,0.00000000,0.00544746,0.00795930,0.01252299,0.01506656,0.00000000,0.01089491,0.01298299,0.02621406,0.02524082,0.00000000,0.01645894,0.03420022,0.05413236,0.06493931
1994-01-31,0.03456256,0.03995739,0.04339081,0.04633866,0.04893246,0.03456256,0.04535222,0.05025764,0.05518221,0.05930766,0.03387598,0.04792251,0.06013528,0.07378078,0.09025074,0.00000000,0.00539483,0.00882825,0.01177610,0.01436990,0.00000000,0.01078966,0.01569508,0.02061965,0.02474510,0.00000000,0.01404653,0.02625930,0.03990480,0.05637476
1994-02-28,0.03982228,0.04529884,0.04898919,0.05208916,0.05439212,0.03982228,0.05077541,0.05636989,0.06138905,0.06360396,0.03257139,0.03698111,0.03909023,0.04598474,0.05030323,0.00000000,0.00547656,0.00916691,0.01226688,0.01456984,0.00000000,0.01095313,0.01654761,0.02156677,0.02378168,0.00000000,0.00440972,0.00651884,0.01341335,0.01773184
1994-03-31,0.04379301,0.05036107,0.05507119,0.05807969,0.06017381,0.04379301,0.05692912,0.06449143,0.06710519,0.06855028,0.03297434,0.03301872,0.03106792,0.02837853,0.02339549,0.00000000,0.00656806,0.01127818,0.01428668,0.01638080,0.00000000,0.01313611,0.02069842,0.02331218,0.02475727,0.00000000,0.00004439,-0.00190642,-0.00459581,-0.00957884
1994-04-30,0.04876487,0.05516449,0.05930711,0.06222624,0.06378696,0.04876487,0.06156411,0.06759234,0.07098365,0.07002985,0.03243634,0.02555256,0.01725303,0.01103570,0.00229000,0.00000000,0.00639962,0.01054223,0.01346137,0.01502209,0.00000000,0.01279924,0.01882746,0.02221878,0.02126498,0.00000000,-0.00688378,-0.01518331,-0.02140064,-0.03014634
1994-05-31,0.05161708,0.05755839,0.06125556,0.06348866,0.06505375,0.05161708,0.06349971,0.06864988,0.07018798,0.07131409,0.03566489,0.03029047,0.02155525,0.01406002,0.00884679,0.00000000,0.00594131,0.00963848,0.01187158,0.01343667,0.00000000,0.01188263,0.01703280,0.01857090,0.01969701,0.00000000,-0.00537441,-0.01410964,-0.02160487,-0.02681810
1994-06-30,0.05284970,0.05903899,0.06191988,0.06516974,0.06687786,0.05284970,0.06522829,0.06768165,0.07491932,0.07371033,0.03439830,0.02525568,0.01100618,-0.00026262,-0.01425427,0.00000000,0.00618930,0.00907018,0.01232004,0.01402816,0.00000000,0.01237859,0.01483196,0.02206963,0.02086064,0.00000000,-0.00914261,-0.02339212,-0.03466091,-0.04865256
1994-07-31,0.05168418,0.05734905,0.06030334,0.06287945,0.06455841,0.05168418,0.06301393,0.06621191,0.07060780,0.07127426,0.03434966,0.02868874,0.01818024,0.00780060,0.00194451,0.00000000,0.00566487,0.00861916,0.01119527,0.01287423,0.00000000,0.01132975,0.01452772,0.01892362,0.01959008,0.00000000,-0.00566092,-0.01616941,-0.02654905,-0.03240515
1994-08-31,0.05321258,0.05904007,0.06167992,0.06371481,0.06531557,0.05321258,0.06486757,0.06695962,0.06981949,0.07171860,0.03298339,0.02200765,0.00605145,-0.00925837,-0.02068043,0.00000000,0.00582749,0.00846734,0.01050223,0.01210299,0.00000000,0.01165499,0.01374704,0.01660691,0.01850602,0.00000000,-0.01097574,-0.02693194,-0.04224177,-0.05366383
1994-09-30,0.05713152,0.06290673,0.06570589,0.06802858,0.06964685,0.05713152,0.06868195,0.07130420,0.07499666,0.07611991,0.03317747,0.01838112,-0.00239428,-0.01931000,-0.03879903,0.00000000,0.00577522,0.00857437,0.01089707,0.01251533,0.00000000,0.01155043,0.01417268,0.01786515,0.01898839,0.00000000,-0.01479635,-0.03557175,-0.05248747,-0.07197650
1994-10-31,0.05867878,0.06513007,0.06781713,0.06991939,0.07142924,0.05867878,0.07158136,0.07319125,0.07622617,0.07746866,0.03398242,0.01854543,-0.00405010,-0.02375933,-0.04470413,0.00000000,0.00645129,0.00913835,0.01124061,0.01275047,0.00000000,0.01290259,0.01451247,0.01754739,0.01878988,0.00000000,-0.01543699,-0.03803252,-0.05774175,-0.07868655
1994-11-30,0.06613053,0.07006797,0.07244098,0.07337345,0.07387870,0.06613053,0.07400541,0.07718700,0.07617087,0.07589969,0.03567355,0.01559166,-0.00715375,-0.02575616,-0.04267893,0.00000000,0.00393744,0.00631045,0.00724292,0.00774817,0.00000000,0.00787488,0.01105647,0.01004035,0.00976916,0.00000000,-0.02008190,-0.04282730,-0.06142971,-0.07835248
1994-12-31,0.06898301,0.07228282,0.07390899,0.07413607,0.07388135,0.06898301,0.07558264,0.07716133,0.07481730,0.07286247,0.03571638,0.01334466,-0.01353861,-0.02876949,-0.04262958,0.00000000,0.00329982,0.00492598,0.00515306,0.00489834,0.00000000,0.00659963,0.00817832,0.00583429,0.00387946,0.00000000,-0.02237172,-0.04925499,-0.06448587,-0.07834596
1995-01-31,0.06525746,0.06879464,0.07055228,0.07126435,0.07152285,0.06525746,0.07233181,0.07406756,0.07340056,0.07255684,0.03456256,0.01465731,-0.00741686,-0.02630222,-0.04039512,0.00000000,0.00353717,0.00529482,0.00600689,0.00626538,0.00000000,0.00707435,0.00881010,0.00814310,0.00729937,0.00000000,-0.01990525,-0.04197942,-0.06086478,-0.07495768
1995-02-28,0.06147036,0.06449021,0.06585101,0.06673060,0.06722718,0.06147036,0.06751006,0.06857260,0.06936937,0.06921349,0.03982228,0.02912732,0.01798715,0.01080361,0.00503819,0.00000000,0.00301985,0.00438065,0.00526024,0.00575682,0.00000000,0.00603970,0.00710224,0.00789901,0.00774313,0.00000000,-0.01069495,-0.02183513,-0.02901867,-0.03478409
1995-03-31,0.06155866,0.06454526,0.06598298,0.06688812,0.06735821,0.06155866,0.06753186,0.06885843,0.06960354,0.06923857,0.04379301,0.03916348,0.03612305,0.03436981,0.03331656,0.00000000,0.00298660,0.00442433,0.00532947,0.00579956,0.00000000,0.00597320,0.00729978,0.00804489,0.00767991,0.00000000,-0.00462953,-0.00766996,-0.00942320,-0.01047646
1995-04-30,0.06015622,0.06258787,0.06408467,0.06513041,0.06544459,0.06015622,0.06501952,0.06707828,0.06826763,0.06670131,0.04876487,0.05017276,0.05274558,0.05665095,0.05841317,0.00000000,0.00243165,0.00392845,0.00497419,0.00528837,0.00000000,0.00486329,0.00692206,0.00811141,0.00654509,0.00000000,0.00140789,0.00398071,0.00788607,0.00964829
1995-05-31,0.05540526,0.05615264,0.05708496,0.05784290,0.05818913,0.05540526,0.05690003,0.05894959,0.06011671,0.05957405,0.05161708,0.05971153,0.07146138,0.08269977,0.09389715,0.00000000,0.00074738,0.00167970,0.00243764,0.00278387,0.00000000,0.00149477,0.00354433,0.00471146,0.00416880,0.00000000,0.00809445,0.01984430,0.03108269,0.04228007
1995-06-30,0.05403148,0.05546979,0.05639538,0.05732870,0.05723143,0.05403148,0.05690810,0.05824656,0.06012866,0.05684236,0.05284970,0.06404650,0.07482006,0.09149282,0.10507450,0.00000000,0.00143831,0.00236390,0.00329722,0.00319995,0.00000000,0.00287661,0.00421508,0.00609718,0.00281088,0.00000000,0.01119681,0.02197037,0.03864313,0.05222480
1995-07-31,0.05424085,0.05624909,0.05793709,0.05900594,0.05894233,0.05424085,0.05825734,0.06131307,0.06221252,0.05868786,0.05168418,0.06045726,0.06841183,0.07770656,0.08676830,0.00000000,0.00200825,0.00369624,0.00476510,0.00470148,0.00000000,0.00401649,0.00707222,0.00797167,0.00444702,0.00000000,0.00877308,0.01672765,0.02602238,0.03508412
1995-08-31,0.05469195,0.05591893,0.05700005,0.05802125,0.05807031,0.05469195,0.05714591,0.05916230,0.06108482,0.05826656,0.05321258,0.06338820,0.07320191,0.08385909,0.09449287,0.00000000,0.00122698,0.00230810,0.00332929,0.00337836,0.00000000,0.00245396,0.00447035,0.00639287,0.00357461,0.00000000,0.01017562,0.01998933,0.03064651,0.04128030
1995-09-30,0.05494312,0.05559764,0.05664499,0.05750716,0.05738398,0.05494312,0.05625217,0.05873970,0.06009365,0.05689125,0.05713152,0.07087035,0.08592238,0.10217935,0.11820561,0.00000000,0.00065452,0.00170188,0.00256404,0.00244086,0.00000000,0.00130905,0.00379658,0.00515053,0.00194813,0.00000000,0.01373883,0.02879086,0.04504783,0.06107409
1995-10-31,0.05367594,0.05380611,0.05491596,0.05573431,0.05563162,0.05367594,0.05393628,0.05713566,0.05818934,0.05522087,0.05867878,0.07658420,0.09583917,0.11492967,0.13420900,0.00000000,0.00013017,0.00124002,0.00205836,0.00195567,0.00000000,0.00026033,0.00345972,0.00451339,0.00154493,0.00000000,0.01790542,0.03716039,0.05625090,0.07553022
1995-11-30,0.05184353,0.05139132,0.05219974,0.05310752,0.05307045,0.05184353,0.05093912,0.05381659,0.05583083,0.05292221,0.06613053,0.08829241,0.11454029,0.13689458,0.15696344,0.00000000,-0.00045220,0.00035622,0.00126399,0.00122693,0.00000000,-0.00090441,0.00197306,0.00398730,0.00107868,0.00000000,0.02216188,0.04840976,0.07076405,0.09083291
1995-12-31,0.04960719,0.04955821,0.05052296,0.05154512,0.05166180,0.04960719,0.04950923,0.05245246,0.05461160,0.05212853,0.06898301,0.09495846,0.12261055,0.14497539,0.16322626,0.00000000,-0.00004898,0.00091577,0.00193793,0.00205461,0.00000000,-0.00009796,0.00284527,0.00500441,0.00252134,0.00000000,0.02597545,0.05362754,0.07599238,0.09424325
1996-01-31,0.04773061,0.04751831,0.04893287,0.05009855,0.05056045,0.04773061,0.04730601,0.05176200,0.05359560,0.05240802,0.06525746,0.08985867,0.11662022,0.13825878,0.15722002,0.00000000,-0.00021230,0.00120227,0.00236795,0.00282984,0.00000000,-0.00042460,0.00403139,0.00586499,0.00467741,0.00000000,0.02460120,0.05136276,0.07300131,0.09196255
1996-02-29,0.05012584,0.05220378,0.05346676,0.05472945,0.05508654,0.05012584,0.05428171,0.05599273,0.05851752,0.05651489,0.06147036,0.07885458,0.09314546,0.10652211,0.11721808,0.00000000,0.00207793,0.00334092,0.00460361,0.00496070,0.00000000,0.00415587,0.00586688,0.00839168,0.00638905,0.00000000,0.01738422,0.03167511,0.04505175,0.05574772
1996-03-31,0.05275866,0.05531867,0.05686654,0.05836167,0.05864184,0.05275866,0.05787869,0.05996229,0.06284704,0.05976252,0.06155866,0.07633186,0.08731160,0.09695286,0.10334439,0.00000000,0.00256002,0.00410789,0.00560301,0.00588318,0.00000000,0.00512003,0.00720363,0.01008838,0.00700386,0.00000000,0.01477320,0.02575295,0.03539420,0.04178573
1996-04-30,0.05385083,0.05766848,0.05946209,0.06089978,0.06124051,0.05385083,0.06148614,0.06304930,0.06521284,0.06260344,0.06015622,0.07132491,0.07691705,0.08213539,0.08362385,0.00000000,0.00381766,0.00561126,0.00704895,0.00738969,0.00000000,0.00763532,0.00919847,0.01136202,0.00875262,0.00000000,0.01116869,0.01676083,0.02197917,0.02346763
1996-05-31,0.05519655,0.05970951,0.06169287,0.06302986,0.06351042,0.05519655,0.06422247,0.06565960,0.06704083,0.06543267,0.05540526,0.05710874,0.05183586,0.04629298,0.03882620,0.00000000,0.00451296,0.00649633,0.00783332,0.00831388,0.00000000,0.00902592,0.01046305,0.01184429,0.01023612,0.00000000,0.00170348,-0.00356940,-0.00911228,-0.01657906
1996-06-30,0.05490010,0.05833211,0.06050793,0.06140938,0.06178545,0.05490010,0.06176412,0.06485957,0.06411375,0.06328972,0.05403148,0.05603948,0.05252191,0.04779100,0.04051962,0.00000000,0.00343201,0.00560783,0.00650929,0.00688535,0.00000000,0.00686403,0.00995947,0.00921365,0.00838962,0.00000000,0.00200800,-0.00150957,-0.00624048,-0.01351186
1996-07-31,0.05702259,0.05933472,0.06127173,0.06231279,0.06286748,0.05702259,0.06164685,0.06514575,0.06543598,0.06508624,0.05424085,0.05547559,0.05514181,0.05220859,0.04546047,0.00000000,0.00231213,0.00424914,0.00529020,0.00584489,0.00000000,0.00462426,0.00812315,0.00841339,0.00806365,0.00000000,0.00123475,0.00090096,-0.00203226,-0.00878038
1996-08-31,0.05661182,0.06039023,0.06260878,0.06375791,0.06419206,0.05661182,0.06416865,0.06704587,0.06720532,0.06592862,0.05469195,0.05522604,0.05021970,0.04425865,0.03531988,0.00000000,0.00377842,0.00599696,0.00714610,0.00758024,0.00000000,0.00755683,0.01043406,0.01059350,0.00931681,0.00000000,0.00053409,-0.00447225,-0.01043331,-0.01937207
1996-09-30,0.05509740,0.05830425,0.06023158,0.06143673,0.06186228,0.05509740,0.06151110,0.06408624,0.06505218,0.06356446,0.05494312,0.05609788,0.05332648,0.04933389,0.04117296,0.00000000,0.00320685,0.00513418,0.00633933,0.00676487,0.00000000,0.00641369,0.00898884,0.00995477,0.00846705,0.00000000,0.00115476,-0.00161664,-0.00560923,-0.01377016
1996-10-31,0.05295141,0.05507782,0.05665809,0.05792782,0.05829550,0.05295141,0.05720424,0.05981862,0.06173702,0.05976622,0.05367594,0.05466081,0.05459224,0.05296295,0.04644680,0.00000000,0.00212642,0.00370668,0.00497642,0.00534410,0.00000000,0.00425283,0.00686722,0.00878561,0.00681482,0.00000000,0.00098487,0.00091629,-0.00071300,-0.00722914
1996-11-30,0.05228845,0.05356603,0.05487159,0.05548890,0.05592152,0.05228845,0.05484361,0.05748271,0.05734083,0.05765199,0.05184353,0.05049420,0.04946717,0.04781529,0.04339667,0.00000000,0.00127758,0.00258314,0.00320045,0.00363307,0.00000000,0.00255517,0.00519427,0.00505238,0.00536354,0.00000000,-0.00134933,-0.00237636,-0.00402824,-0.00844686
1996-12-31,0.05312665,0.05624663,0.05801730,0.05899131,0.05957807,0.05312665,0.05936661,0.06155865,0.06191336,0.06192508,0.04960719,0.04598978,0.03907562,0.03212858,0.02234375,0.00000000,0.00311998,0.00489066,0.00586467,0.00645142,0.00000000,0.00623997,0.00843200,0.00878671,0.00879843,0.00000000,-0.00361741,-0.01053156,-0.01747861,-0.02726344
1997-01-31,0.05341938,0.05667626,0.05826597,0.05903274,0.05994842,0.05341938,0.05993314,0.06144538,0.06133307,0.06361111,0.04773061,0.04161724,0.03344610,0.02559632,0.01667126,0.00000000,0.00325688,0.00484658,0.00561336,0.00652903,0.00000000,0.00651375,0.00802599,0.00791369,0.01019172,0.00000000,-0.00611337,-0.01428451,-0.02213429,-0.03105934
1997-02-28,0.05434857,0.05831087,0.05974302,0.06061063,0.06122652,0.05434857,0.06227317,0.06260733,0.06321346,0.06369008,0.05012584,0.05005899,0.04377855,0.03968874,0.03299018,0.00000000,0.00396230,0.00539445,0.00626206,0.00687795,0.00000000,0.00792460,0.00825876,0.00886489,0.00934151,0.00000000,-0.00006685,-0.00634729,-0.01043710,-0.01713566
1997-03-31,0.05743100,0.06138459,0.06319224,0.06423663,0.06457838,0.05743100,0.06533818,0.06680753,0.06736982,0.06594537,0.05275866,0.05320635,0.04783045,0.04386997,0.03626266,0.00000000,0.00395359,0.00576124,0.00680563,0.00714738,0.00000000,0.00790718,0.00937653,0.00993882,0.00851437,0.00000000,0.00044769,-0.00492820,-0.00888869,-0.01649600
1997-04-30,0.05642793,0.06004792,0.06153570,0.06243688,0.06285531,0.05642793,0.06366792,0.06451127,0.06514040,0.06452902,0.05385083,0.05890904,0.05829042,0.05899200,0.05645504,0.00000000,0.00361999,0.00510777,0.00600895,0.00642738,0.00000000,0.00723999,0.00808334,0.00871247,0.00810109,0.00000000,0.00505821,0.00443959,0.00514117,0.00260421
1997-05-31,0.05624659,0.05935638,0.06067441,0.06185516,0.06211009,0.05624659,0.06246618,0.06331047,0.06539740,0.06312981,0.05519655,0.06317243,0.06636584,0.07009621,0.07013148,0.00000000,0.00310980,0.00442782,0.00560857,0.00586350,0.00000000,0.00621959,0.00706388,0.00915081,0.00688322,0.00000000,0.00797588,0.01116930,0.01489966,0.01493493
1997-06-30,0.05456262,0.05814389,0.05941590,0.06084790,0.06114341,0.05456262,0.06172517,0.06195991,0.06514391,0.06232542,0.05490010,0.06210161,0.06523600,0.06738984,0.06553565,0.00000000,0.00358128,0.00485328,0.00628528,0.00658079,0.00000000,0.00716256,0.00739729,0.01058129,0.00776280,0.00000000,0.00720151,0.01033590,0.01248974,0.01063555
1997-07-31,0.05355656,0.05499379,0.05564494,0.05626196,0.05664273,0.05355656,0.05643101,0.05694723,0.05811303,0.05816583,0.05702259,0.06511288,0.07382761,0.08231636,0.08928957,0.00000000,0.00143723,0.00208838,0.00270540,0.00308617,0.00000000,0.00287445,0.00339067,0.00455647,0.00460927,0.00000000,0.00809029,0.01680502,0.02529377,0.03226698
1997-08-31,0.05531602,0.05699821,0.05842802,0.05933499,0.05944826,0.05531602,0.05868039,0.06128763,0.06205591,0.05990135,0.05661182,0.06546444,0.07382993,0.07974761,0.08362033,0.00000000,0.00168218,0.00311199,0.00401897,0.00413224,0.00000000,0.00336437,0.00597161,0.00673989,0.00458533,0.00000000,0.00885263,0.01721811,0.02313580,0.02700851
1997-09-30,0.05413929,0.05551292,0.05643245,0.05745692,0.05738856,0.05413929,0.05688655,0.05827150,0.06053033,0.05711515,0.05509740,0.06246921,0.06966891,0.07644959,0.07948372,0.00000000,0.00137363,0.00229316,0.00331763,0.00324928,0.00000000,0.00274726,0.00413222,0.00639104,0.00297587,0.00000000,0.00737181,0.01457151,0.02135218,0.02438631
1997-10-31,0.05163419,0.05407516,0.05473162,0.05509323,0.05476637,0.05163419,0.05651614,0.05604452,0.05617809,0.05345891,0.05295141,0.05852146,0.06182395,0.06751644,0.07110458,0.00000000,0.00244097,0.00309743,0.00345905,0.00313218,0.00000000,0.00488195,0.00441034,0.00454390,0.00182472,0.00000000,0.00557005,0.00887254,0.01456504,0.01815317
1997-11-30,0.05306186,0.05547462,0.05600337,0.05645596,0.05589966,0.05306186,0.05788738,0.05706088,0.05781371,0.05367446,0.05228845,0.05407020,0.05366554,0.05394549,0.05378376,0.00000000,0.00241276,0.00294152,0.00339410,0.00283780,0.00000000,0.00482552,0.00399903,0.00475186,0.00061261,0.00000000,0.00178176,0.00137710,0.00165704,0.00149531
1997-12-31,0.05269631,0.05424338,0.05472457,0.05493971,0.05475932,0.05269631,0.05579045,0.05568693,0.05558513,0.05403775,0.05312665,0.05979694,0.06556514,0.07179156,0.07813151,0.00000000,0.00154707,0.00202825,0.00224339,0.00206300,0.00000000,0.00309414,0.00299062,0.00288882,0.00134144,0.00000000,0.00667030,0.01243849,0.01866492,0.02500486
1998-01-31,0.05034383,0.05124095,0.05147694,0.05220191,0.05169775,0.05034383,0.05213808,0.05194890,0.05437681,0.04968114,0.05341938,0.06300869,0.07231599,0.08170016,0.09093445,0.00000000,0.00089713,0.00113311,0.00185808,0.00135392,0.00000000,0.00179425,0.00160508,0.00403298,-0.00066269,0.00000000,0.00958931,0.01889661,0.02828077,0.03751507
1998-02-28,0.05193267,0.05316914,0.05339051,0.05401187,0.05357821,0.05193267,0.05440561,0.05383325,0.05587595,0.05184360,0.05434857,0.06468906,0.07289078,0.08227099,0.09008512,0.00000000,0.00123647,0.00145784,0.00207920,0.00164555,0.00000000,0.00247294,0.00190058,0.00394328,-0.00008907,0.00000000,0.01034050,0.01854222,0.02792243,0.03573655
1998-03-31,0.05178359,0.05353240,0.05419777,0.05444883,0.05392479,0.05178359,0.05528121,0.05552852,0.05520201,0.05182864,0.05743100,0.07098559,0.08251191,0.09435320,0.10509656,0.00000000,0.00174881,0.00241419,0.00266525,0.00214121,0.00000000,0.00349763,0.00374494,0.00341842,0.00004505,0.00000000,0.01355459,0.02508091,0.03692220,0.04766556
1998-04-30,0.05192497,0.05358590,0.05404073,0.05443499,0.05409538,0.05192497,0.05524683,0.05495040,0.05561776,0.05273696,0.05642793,0.06817088,0.07743531,0.08762532,0.09653657,0.00000000,0.00166093,0.00211576,0.00251002,0.00217041,0.00000000,0.00332186,0.00302543,0.00369279,0.00081199,0.00000000,0.01174295,0.02100738,0.03119739,0.04010864
1998-05-31,0.05211577,0.05312584,0.05366279,0.05410568,0.05329445,0.05211577,0.05413591,0.05473669,0.05543434,0.05004951,0.05624659,0.06659700,0.07577155,0.08643225,0.09412772,0.00000000,0.00101007,0.00154702,0.00198991,0.00117867,0.00000000,0.00202014,0.00262092,0.00331857,-0.00206626,0.00000000,0.01035041,0.01952496,0.03018567,0.03788114
1998-06-30,0.05199528,0.05258535,0.05332986,0.05335052,0.05241591,0.05199528,0.05317541,0.05481888,0.05341251,0.04867748,0.05456262,0.06429251,0.07307700,0.08340204,0.09231495,0.00000000,0.00059006,0.00133457,0.00135524,0.00042063,0.00000000,0.00118013,0.00282359,0.00141723,-0.00331780,0.00000000,0.00972989,0.01851439,0.02883942,0.03775233
1998-07-31,0.05278540,0.05273226,0.05313206,0.05344365,0.05319659,0.05278540,0.05267912,0.05393166,0.05437843,0.05220836,0.05355656,0.05720217,0.06147029,0.06565165,0.06943906,0.00000000,-0.00005314,0.00034666,0.00065825,0.00041119,0.00000000,-0.00010629,0.00114626,0.00159303,-0.00057704,0.00000000,0.00364561,0.00791373,0.01209509,0.01588249
1998-08-31,0.04902674,0.04699841,0.04782343,0.04784381,0.04744313,0.04902674,0.04497009,0.04947347,0.04790493,0.04584041,0.05531602,0.06496967,0.08128722,0.09386966,0.10586609,0.00000000,-0.00202832,-0.00120330,-0.00118293,-0.00158361,0.00000000,-0.00405665,0.00044674,-0.00112181,-0.00318633,0.00000000,0.00965365,0.02597120,0.03855364,0.05055006
1998-09-30,0.04467366,0.04185345,0.04255621,0.04215321,0.04251877,0.04467366,0.03903323,0.04396172,0.04094424,0.04398102,0.05413929,0.06635217,0.08559044,0.10215905,0.11832997,0.00000000,-0.00282022,-0.00211746,-0.00252045,-0.00215489,0.00000000,-0.00564044,-0.00071194,-0.00372943,-0.00069265,0.00000000,0.01221288,0.03145115,0.04801976,0.06419068
1998-10-31,0.04288268,0.04076509,0.04217789,0.04262891,0.04381551,0.04288268,0.03864750,0.04500350,0.04398194,0.04856191,0.05163419,0.06526764,0.08266467,0.09383926,0.10331623,0.00000000,-0.00211759,-0.00070479,-0.00025378,0.00093282,0.00000000,-0.00423518,0.00212081,0.00109926,0.00567922,0.00000000,0.01363345,0.03103048,0.04220507,0.05168204
1998-11-30,0.04527583,0.04374907,0.04425881,0.04534216,0.04458778,0.04527583,0.04222231,0.04527830,0.04859220,0.04157028,0.05306186,0.06567340,0.08051198,0.09304739,0.09812965,0.00000000,-0.00152676,-0.00101702,0.00006633,-0.00068805,0.00000000,-0.00305352,0.00000247,0.00331637,-0.00370555,0.00000000,0.01261155,0.02745012,0.03998553,0.04506779
1998-12-31,0.04341983,0.04418843,0.04495673,0.04550155,0.04485901,0.04341983,0.04495703,0.04649333,0.04713604,0.04228885,0.05269631,0.06506694,0.07579684,0.08488865,0.09179036,0.00000000,0.00076860,0.00153690,0.00208173,0.00143919,0.00000000,0.00153720,0.00307350,0.00371621,-0.00113098,0.00000000,0.01237063,0.02310053,0.03219233,0.03909405
1999-01-31,0.04359419,0.04426149,0.04472992,0.04493160,0.04423934,0.04359419,0.04492879,0.04566677,0.04553666,0.04147030,0.05034383,0.05888772,0.06590783,0.07461787,0.07876235,0.00000000,0.00066730,0.00113572,0.00133741,0.00064515,0.00000000,0.00133460,0.00207257,0.00194247,-0.00212389,0.00000000,0.00854389,0.01556400,0.02427404,0.02841852
1999-02-28,0.04737153,0.04956133,0.05084806,0.05146892,0.05073234,0.04737153,0.05175113,0.05342151,0.05333151,0.04778604,0.05193267,0.05896675,0.06104887,0.06350331,0.06201539,0.00000000,0.00218980,0.00347653,0.00409739,0.00336082,0.00000000,0.00437960,0.00604998,0.00595999,0.00041451,0.00000000,0.00703408,0.00911620,0.01157064,0.01008272
1999-03-31,0.04559902,0.04816940,0.04944695,0.05020258,0.05038164,0.04559902,0.05073979,0.05200205,0.05246947,0.05109788,0.05178359,0.06146578,0.06625452,0.06945447,0.06881364,0.00000000,0.00257038,0.00384793,0.00460356,0.00478262,0.00000000,0.00514077,0.00640303,0.00687045,0.00549885,0.00000000,0.00968219,0.01447093,0.01767089,0.01703005
1999-04-30,0.04604463,0.04885922,0.05007655,0.05076934,0.05130274,0.04604463,0.05167380,0.05251122,0.05284771,0.05343632,0.05192497,0.06112717,0.06440377,0.06751031,0.06739956,0.00000000,0.00281458,0.00403192,0.00472471,0.00525810,0.00000000,0.00562917,0.00646659,0.00680308,0.00739169,0.00000000,0.00920220,0.01247880,0.01558534,0.01547459
1999-05-31,0.04822262,0.05201812,0.05367214,0.05454249,0.05483982,0.04822262,0.05581363,0.05698018,0.05715354,0.05602911,0.05211577,0.05802906,0.05695213,0.05540629,0.04830226,0.00000000,0.00379550,0.00544952,0.00631987,0.00661719,0.00000000,0.00759100,0.00875756,0.00893092,0.00780649,0.00000000,0.00591329,0.00483636,0.00329052,-0.00381351
1999-06-30,0.05048715,0.05309254,0.05415369,0.05480898,0.05596845,0.05048715,0.05569792,0.05627599,0.05677485,0.06060634,0.05199528,0.05468354,0.05380449,0.05094101,0.04284365,0.00000000,0.00260539,0.00366654,0.00432183,0.00548130,0.00000000,0.00521078,0.00578884,0.00628770,0.01011920,0.00000000,0.00268826,0.00180921,-0.00105427,-0.00915163
1999-07-31,0.05149459,0.05403903,0.05516600,0.05656672,0.05750029,0.05149459,0.05658348,0.05741992,0.06076888,0.06123459,0.05278540,0.05396994,0.05131812,0.04827663,0.03971611,0.00000000,0.00254445,0.00367141,0.00507213,0.00600571,0.00000000,0.00508890,0.00592534,0.00927429,0.00974000,0.00000000,0.00118453,-0.00146729,-0.00450878,-0.01306930
1999-08-31,0.05308496,0.05490084,0.05621633,0.05755079,0.05793736,0.05308496,0.05671671,0.05884731,0.06155419,0.05948363,0.04902674,0.04091186,0.03366862,0.02272624,0.00701246,0.00000000,0.00181588,0.00313137,0.00446583,0.00485240,0.00000000,0.00363175,0.00576235,0.00846923,0.00639867,0.00000000,-0.00811487,-0.01535811,-0.02630050,-0.04201428
1999-09-30,0.05233037,0.05397580,0.05495487,0.05641237,0.05709501,0.05233037,0.05562122,0.05691301,0.06078487,0.05982559,0.04467366,0.03137652,0.01971702,0.00374825,-0.01305560,0.00000000,0.00164542,0.00262449,0.00408199,0.00476464,0.00000000,0.00329085,0.00458264,0.00845449,0.00749522,0.00000000,-0.01329714,-0.02495664,-0.04092542,-0.05772926
1999-10-31,0.05372672,0.05559267,0.05650572,0.05817777,0.05865401,0.05372672,0.05745862,0.05833182,0.06319394,0.06055893,0.04288268,0.02780347,0.01534834,0.00099846,-0.01363356,0.00000000,0.00186595,0.00277901,0.00445106,0.00492729,0.00000000,0.00373191,0.00460511,0.00946722,0.00683221,0.00000000,-0.01507922,-0.02753434,-0.04188422,-0.05651625
1999-11-30,0.05603061,0.05754876,0.05812502,0.05908831,0.05957687,0.05603061,0.05906691,0.05927756,0.06197815,0.06153112,0.04527583,0.03146753,0.01767893,0.00699357,-0.01341431,0.00000000,0.00151815,0.00209442,0.00305770,0.00354626,0.00000000,0.00303630,0.00324695,0.00594754,0.00550052,0.00000000,-0.01380830,-0.02759690,-0.03828226,-0.05869014
1999-12-31,0.05725767,0.05962216,0.06031669,0.06106000,0.06190412,0.05725767,0.06198665,0.06170576,0.06328993,0.06528061,0.04341983,0.03111918,0.01562586,0.00105614,-0.01994494,0.00000000,0.00236449,0.00305902,0.00380233,0.00464645,0.00000000,0.00472898,0.00444808,0.00603226,0.00802293,0.00000000,-0.01230065,-0.02779397,-0.04236368,-0.06336477
2000-01-31,0.05983237,0.06298247,0.06350328,0.06341128,0.06443721,0.05983237,0.06613256,0.06454490,0.06313530,0.06854090,0.04359419,0.02869062,0.00822482,-0.01078342,-0.03244842,0.00000000,0.00315010,0.00367091,0.00357892,0.00460484,0.00000000,0.00630020,0.00471253,0.00330293,0.00870853,0.00000000,-0.01490357,-0.03536937,-0.05437761,-0.07604261
2000-02-29,0.05918636,0.06237496,0.06298480,0.06282430,0.06357595,0.05918636,0.06556357,0.06420448,0.06234278,0.06658259,0.04737153,0.03993630,0.02779424,0.01692127,0.00236453,0.00000000,0.00318861,0.00379844,0.00363794,0.00438960,0.00000000,0.00637721,0.00501812,0.00315642,0.00739623,0.00000000,-0.00743523,-0.01957729,-0.03045025,-0.04500700
2000-03-31,0.06108646,0.06191076,0.06142402,0.06070718,0.06061048,0.06108646,0.06273505,0.06045053,0.05855667,0.06022369,0.04559902,0.03525235,0.02451935,0.01653829,0.00907949,0.00000000,0.00082430,0.00033755,-0.00037928,-0.00047598,0.00000000,0.00164859,-0.00063593,-0.00252979,-0.00086277,0.00000000,-0.01034667,-0.02107967,-0.02906073,-0.03651953
2000-04-30,0.06248602,0.06358166,0.06283762,0.06278768,0.06252341,0.06248602,0.06467730,0.06134955,0.06263787,0.06146629,0.04604463,0.03523242,0.02306634,0.01456450,0.00536295,0.00000000,0.00109564,0.00035161,0.00030167,0.00003739,0.00000000,0.00219129,-0.00113647,0.00015186,-0.00101972,0.00000000,-0.01081222,-0.02297830,-0.03148013,-0.04068168
2000-05-31,0.06076989,0.06384725,0.06327450,0.06315429,0.06249036,0.06076989,0.06692461,0.06212900,0.06279364,0.05983465,0.04822262,0.04326636,0.03332193,0.02834647,0.02158193,0.00000000,0.00307736,0.00250461,0.00238440,0.00172047,0.00000000,0.00615472,0.00135911,0.00202375,-0.00093524,0.00000000,-0.00495627,-0.01490069,-0.01987616,-0.02664069
2000-06-30,0.06197736,0.06088989,0.06013973,0.06020549,0.05971635,0.06197736,0.05980241,0.05863941,0.06040279,0.05775977,0.05048715,0.04420771,0.04068129,0.03881673,0.03902028,0.00000000,-0.00108747,-0.00183763,-0.00177187,-0.00226101,0.00000000,-0.00217495,-0.00333795,-0.00157457,-0.00421759,0.00000000,-0.00627944,-0.00980586,-0.01167042,-0.01146687
2000-07-31,0.06168034,0.06015535,0.06037662,0.05989687,0.05948679,0.06168034,0.05863037,0.06081914,0.05845765,0.05784645,0.05149459,0.04639773,0.04518728,0.04513702,0.04791396,0.00000000,-0.00152498,-0.00130372,-0.00178346,-0.00219355,0.00000000,-0.00304997,-0.00086120,-0.00322268,-0.00383389,0.00000000,-0.00509686,-0.00630730,-0.00635756,-0.00358063
2000-08-31,0.05946558,0.05906273,0.05845112,0.05784517,0.05758513,0.05946558,0.05865988,0.05722788,0.05602735,0.05654497,0.05308496,0.05033609,0.05052352,0.05484982,0.05830610,0.00000000,-0.00040285,-0.00101447,-0.00162041,-0.00188045,0.00000000,-0.00080570,-0.00223770,-0.00343823,-0.00292061,0.00000000,-0.00274887,-0.00256144,0.00176486,0.00522114
2000-09-30,0.06007196,0.05720551,0.05701061,0.05653190,0.05631139,0.06007196,0.05433906,0.05662080,0.05509579,0.05542932,0.05233037,0.04787964,0.05045359,0.05461766,0.05934745,0.00000000,-0.00286645,-0.00306135,-0.00354005,-0.00376057,0.00000000,-0.00573289,-0.00345116,-0.00497616,-0.00464264,0.00000000,-0.00445073,-0.00187679,0.00228728,0.00701708
2000-10-31,0.06019712,0.05656745,0.05657914,0.05606664,0.05545011,0.06019712,0.05293777,0.05660253,0.05452913,0.05298400,0.05372672,0.05098821,0.05638227,0.06297367,0.06900347,0.00000000,-0.00362968,-0.00361798,-0.00413049,-0.00474701,0.00000000,-0.00725935,-0.00359460,-0.00566799,-0.00721312,0.00000000,-0.00273850,0.00265555,0.00924696,0.01527675
2000-11-30,0.05667311,0.05402342,0.05386648,0.05335521,0.05245711,0.05667311,0.05137373,0.05355259,0.05182143,0.04886469,0.05603061,0.05842441,0.06632823,0.07475379,0.08446349,0.00000000,-0.00264969,-0.00280663,-0.00331789,-0.00421600,0.00000000,-0.00529938,-0.00312051,-0.00485168,-0.00780842,0.00000000,0.00239380,0.01029763,0.01872318,0.02843288
2000-12-31,0.05286165,0.04920256,0.04960508,0.04921788,0.04866238,0.05286165,0.04554346,0.05041012,0.04805631,0.04644038,0.05725767,0.06638267,0.08254496,0.09542478,0.11264908,0.00000000,-0.00365910,-0.00325658,-0.00364377,-0.00419927,0.00000000,-0.00731819,-0.00245153,-0.00480535,-0.00642127,0.00000000,0.00912500,0.02528729,0.03816711,0.05539141
2001-01-31,0.04546365,0.04462769,0.04599621,0.04697918,0.04729594,0.04546365,0.04379174,0.04873323,0.04992811,0.04856299,0.05983237,0.08050128,0.10125444,0.11565651,0.13426930,0.00000000,-0.00083595,0.00053256,0.00151554,0.00183230,0.00000000,-0.00167190,0.00326958,0.00446446,0.00309934,0.00000000,0.02066892,0.04142208,0.05582414,0.07443693
2001-02-28,0.04320525,0.04289972,0.04460922,0.04544704,0.04588974,0.04320525,0.04259418,0.04802822,0.04796052,0.04766053,0.05918636,0.08154467,0.10315497,0.11746954,0.13609160,0.00000000,-0.00030554,0.00140396,0.00224179,0.00268449,0.00000000,-0.00061107,0.00482296,0.00475527,0.00445528,0.00000000,0.02235831,0.04396861,0.05828318,0.07690524
2001-03-31,0.04069959,0.04102651,0.04307259,0.04437315,0.04514068,0.04069959,0.04135342,0.04716476,0.04827484,0.04821081,0.06108646,0.08312193,0.10221903,0.11361094,0.12555979,0.00000000,0.00032692,0.00237300,0.00367356,0.00444109,0.00000000,0.00065383,0.00646517,0.00757525,0.00751122,0.00000000,0.02203546,0.04113257,0.05252448,0.06447333
2001-04-30,0.03953665,0.04186522,0.04533752,0.04712505,0.04815810,0.03953665,0.04419380,0.05228211,0.05248765,0.05229031,0.06248602,0.08762667,0.10478241,0.11513817,0.12411681,0.00000000,0.00232857,0.00580087,0.00758840,0.00862145,0.00000000,0.00465715,0.01274546,0.01295100,0.01275366,0.00000000,0.02514065,0.04229640,0.05265216,0.06163080
2001-05-31,0.03719483,0.04129600,0.04515692,0.04747994,0.04853521,0.03719483,0.04539718,0.05287876,0.05444901,0.05275628,0.06076989,0.09049967,0.10723150,0.11714638,0.12253202,0.00000000,0.00410117,0.00796209,0.01028512,0.01134038,0.00000000,0.00820235,0.01568393,0.01725418,0.01556145,0.00000000,0.02972978,0.04646161,0.05637649,0.06176213
2001-06-30,0.03804277,0.04148237,0.04555600,0.04800295,0.04940978,0.03804277,0.04492197,0.05370327,0.05534379,0.05503711,0.06197736,0.08373700,0.09745443,0.10415396,0.10656995,0.00000000,0.00343960,0.00751323,0.00996018,0.01136701,0.00000000,0.00687920,0.01566049,0.01730101,0.01699433,0.00000000,0.02175964,0.03547707,0.04217660,0.04459259
2001-07-31,0.03397019,0.03702409,0.04133453,0.04396384,0.04562212,0.03397019,0.04007799,0.04995541,0.05185175,0.05225524,0.06168034,0.08634051,0.10708166,0.11558391,0.12157860,0.00000000,0.00305390,0.00736434,0.00999365,0.01165193,0.00000000,0.00610780,0.01598522,0.01788156,0.01828505,0.00000000,0.02466018,0.04540132,0.05390357,0.05989826
2001-08-31,0.03274606,0.03548099,0.03974501,0.04230035,0.04396018,0.03274606,0.03821591,0.04827306,0.04996638,0.05059950,0.05946558,0.08537940,0.10439137,0.11214566,0.11872425,0.00000000,0.00273492,0.00699895,0.00955429,0.01121412,0.00000000,0.00546985,0.01552700,0.01722032,0.01785344,0.00000000,0.02591382,0.04492579,0.05268007,0.05925867
2001-09-30,0.02484038,0.02785303,0.03364465,0.03692976,0.03972931,0.02484038,0.03086568,0.04522789,0.04678508,0.05092752,0.06007196,0.08957064,0.11532576,0.12519366,0.13383790,0.00000000,0.00301265,0.00880427,0.01208938,0.01488893,0.00000000,0.00602530,0.02038751,0.02194470,0.02608715,0.00000000,0.02949869,0.05525381,0.06512171,0.07376595
2001-10-31,0.01936643,0.02340659,0.02916938,0.03304648,0.03606621,0.01936643,0.02744675,0.04069498,0.04467776,0.04814511,0.06019712,0.09376847,0.12292425,0.13675841,0.14506465,0.00000000,0.00404016,0.00980296,0.01368005,0.01669978,0.00000000,0.00808032,0.02132855,0.02531134,0.02877869,0.00000000,0.03357135,0.06272713,0.07656128,0.08486752
2001-11-30,0.02030053,0.02802654,0.03452180,0.03836016,0.04018154,0.02030053,0.03575256,0.04751231,0.04987522,0.04746708,0.05667311,0.08774631,0.10554635,0.10985546,0.10884493,0.00000000,0.00772602,0.01422127,0.01805963,0.01988101,0.00000000,0.01545203,0.02721179,0.02957470,0.02716656,0.00000000,0.03107320,0.04887324,0.05318235,0.05217182
2001-12-31,0.02031134,0.03017670,0.03739722,0.04140477,0.04343246,0.02031134,0.04004205,0.05183827,0.05342740,0.05154325,0.05286165,0.07809377,0.08846184,0.08467987,0.07769286,0.00000000,0.00986536,0.01708588,0.02109343,0.02312112,0.00000000,0.01973071,0.03152693,0.03311606,0.03123191,0.00000000,0.02523212,0.03560019,0.03181822,0.02483120
2002-01-31,0.02250693,0.03099665,0.03736896,0.04154262,0.04416892,0.02250693,0.03948637,0.05011359,0.05406360,0.05467409,0.04546365,0.06674846,0.07599532,0.07580983,0.07030923,0.00000000,0.00848972,0.01486203,0.01903569,0.02166198,0.00000000,0.01697943,0.02760666,0.03155666,0.03216716,0.00000000,0.02128481,0.03053167,0.03034619,0.02484558
2002-02-28,0.02171652,0.02992856,0.03556840,0.03994918,0.04262901,0.02171652,0.03814060,0.04684808,0.05309151,0.05334834,0.04320525,0.06408292,0.07397054,0.07508298,0.06965200,0.00000000,0.00821204,0.01385188,0.01823266,0.02091249,0.00000000,0.01642408,0.02513156,0.03137499,0.03163182,0.00000000,0.02087766,0.03076528,0.03187772,0.02644674
2002-03-31,0.02653802,0.03616584,0.04233355,0.04616354,0.04880259,0.02653802,0.04579367,0.05466897,0.05765349,0.05935881,0.04069959,0.05551499,0.05688608,0.05049195,0.04104927,0.00000000,0.00962783,0.01579553,0.01962552,0.02226457,0.00000000,0.01925565,0.02813095,0.03111547,0.03282079,0.00000000,0.01481540,0.01618649,0.00979236,0.00034968
2002-04-30,0.02223728,0.03165303,0.03784622,0.04204472,0.04478771,0.02223728,0.04106879,0.05023258,0.05464024,0.05575968,0.03953665,0.06149317,0.07270649,0.07496156,0.07261163,0.00000000,0.00941576,0.01560894,0.01980745,0.02255044,0.00000000,0.01883151,0.02799531,0.03240297,0.03352240,0.00000000,0.02195652,0.03316984,0.03542491,0.03307498
2002-05-31,0.02243407,0.03134204,0.03664074,0.04036570,0.04316597,0.02243407,0.04025001,0.04723813,0.05154058,0.05436706,0.03719483,0.06015793,0.07278668,0.07999757,0.08121327,0.00000000,0.00890797,0.01420666,0.01793162,0.02073190,0.00000000,0.01781594,0.02480405,0.02910651,0.03193298,0.00000000,0.02296310,0.03559186,0.04280274,0.04401844
2002-06-30,0.01922517,0.02839000,0.03400393,0.03788359,0.04063677,0.01922517,0.03755483,0.04523179,0.04952256,0.05164950,0.03804277,0.06373958,0.07988801,0.09000000,0.09551455,0.00000000,0.00916483,0.01477876,0.01865842,0.02141160,0.00000000,0.01832966,0.02600662,0.03029739,0.03242433,0.00000000,0.02569680,0.04184524,0.05195723,0.05747178
2002-07-31,0.01708482,0.02197321,0.02811995,0.03237307,0.03568691,0.01708482,0.02686159,0.04041343,0.04513242,0.04894227,0.03397019,0.05696336,0.08005718,0.09149550,0.09861832,0.00000000,0.00488838,0.01103513,0.01528824,0.01860208,0.00000000,0.00977677,0.02332861,0.02804760,0.03185745,0.00000000,0.02299317,0.04608699,0.05752531,0.06464813
2002-08-31,0.01732115,0.02094902,0.02515099,0.02943433,0.03230043,0.01732115,0.02457689,0.03355494,0.04228434,0.04376481,0.03274606,0.05364083,0.07733700,0.09374844,0.10206360,0.00000000,0.00362787,0.00782985,0.01211319,0.01497928,0.00000000,0.00725575,0.01623379,0.02496320,0.02644366,0.00000000,0.02089477,0.04459094,0.06100238,0.06931753
2002-09-30,0.01419582,0.01666594,0.02013311,0.02365943,0.02633994,0.01419582,0.01913606,0.02706744,0.03423839,0.03706197,0.02484038,0.04151024,0.06760207,0.08731970,0.10400884,0.00000000,0.00247012,0.00593729,0.00946361,0.01214412,0.00000000,0.00494024,0.01287163,0.02004257,0.02286615,0.00000000,0.01666986,0.04276169,0.06247933,0.07916846
2002-10-31,0.01327665,0.01649378,0.02103441,0.02498304,0.02833598,0.01327665,0.01971091,0.03011568,0.03682890,0.04174778,0.01936643,0.03353653,0.05452060,0.06908267,0.08039889,0.00000000,0.00321713,0.00775777,0.01170639,0.01505934,0.00000000,0.00643426,0.01683904,0.02355226,0.02847113,0.00000000,0.01417010,0.03515417,0.04971625,0.06103246
2002-11-30,0.01495119,0.02017968,0.02574251,0.02984154,0.03264479,0.01495119,0.02540817,0.03686816,0.04213866,0.04385778,0.02030053,0.04110189,0.06320604,0.07621310,0.08154153,0.00000000,0.00522849,0.01079132,0.01489035,0.01769360,0.00000000,0.01045698,0.02191697,0.02718747,0.02890659,0.00000000,0.02080137,0.04290551,0.05591257,0.06124100
2002-12-31,0.01201349,0.01569733,0.02012257,0.02432021,0.02768214,0.01201349,0.01938117,0.02897306,0.03691313,0.04112984,0.02031134,0.04833990,0.08079700,0.10525134,0.11988146,0.00000000,0.00368384,0.00810908,0.01230672,0.01566864,0.00000000,0.00736767,0.01695957,0.02489963,0.02911635,0.00000000,0.02802856,0.06048566,0.08494000,0.09957012
2003-01-31,0.01275537,0.01677252,0.02176443,0.02641057,0.02996337,0.01275537,0.02078968,0.03174824,0.04034899,0.04417457,0.02250693,0.04923792,0.07856184,0.10087720,0.11520230,0.00000000,0.00401715,0.00900906,0.01365520,0.01720800,0.00000000,0.00803430,0.01899286,0.02759362,0.03141919,0.00000000,0.02673099,0.05605491,0.07837027,0.09269537
2003-02-28,0.01225100,0.01499504,0.01912659,0.02342774,0.02688951,0.01225100,0.01773909,0.02738969,0.03633118,0.04073659,0.02171652,0.04760612,0.07671511,0.10241694,0.11943410,0.00000000,0.00274404,0.00687559,0.01117674,0.01463851,0.00000000,0.00548809,0.01513869,0.02408018,0.02848560,0.00000000,0.02588960,0.05499859,0.08070042,0.09771758
2003-03-31,0.01138074,0.01474576,0.01952958,0.02415713,0.02785878,0.01138074,0.01811079,0.02909722,0.03803978,0.04266540,0.02653802,0.06095095,0.09750913,0.12606540,0.14738443,0.00000000,0.00336502,0.00814884,0.01277639,0.01647804,0.00000000,0.00673005,0.01771648,0.02665904,0.03128466,0.00000000,0.03441293,0.07097111,0.09952739,0.12084641
2003-04-30,0.01143735,0.01465537,0.01963942,0.02442485,0.02845245,0.01143735,0.01787339,0.02960754,0.03878113,0.04456284,0.02223728,0.05186872,0.08422791,0.10926062,0.12623917,0.00000000,0.00321802,0.00820208,0.01298750,0.01701510,0.00000000,0.00643604,0.01817019,0.02734379,0.03312549,0.00000000,0.02963144,0.06199064,0.08702334,0.10400189
2003-05-31,0.01157529,0.01314085,0.01607749,0.01978557,0.02323366,0.01157529,0.01470641,0.02195078,0.03090980,0.03702603,0.02243407,0.05110879,0.08364052,0.11323032,0.13668758,0.00000000,0.00156556,0.00450220,0.00821028,0.01165837,0.00000000,0.00313112,0.01037549,0.01933451,0.02545074,0.00000000,0.02867472,0.06120644,0.09079624,0.11425350
2003-06-30,0.01033958,0.01291110,0.01685458,0.02092319,0.02469363,0.01033958,0.01548263,0.02474153,0.03312904,0.03977540,0.01922517,0.04644042,0.07618959,0.10097062,0.11949108,0.00000000,0.00257153,0.00651500,0.01058362,0.01435406,0.00000000,0.00514305,0.01440195,0.02278946,0.02943582,0.00000000,0.02721525,0.05696441,0.08174545,0.10026591
2003-07-31,0.01217979,0.01720470,0.02309452,0.02847069,0.03305188,0.01217979,0.02222961,0.03487416,0.04459919,0.05137667,0.01708482,0.03176663,0.04995045,0.06020872,0.06455179,0.00000000,0.00502491,0.01091473,0.01629090,0.02087210,0.00000000,0.01004982,0.02269437,0.03241941,0.03919688,0.00000000,0.01468180,0.03286563,0.04312390,0.04746697
2003-08-31,0.01274760,0.01945542,0.02514112,0.03043102,0.03451220,0.01274760,0.02616324,0.03651253,0.04630071,0.05083691,0.01732115,0.02915044,0.03654214,0.04231395,0.03977805,0.00000000,0.00670782,0.01239352,0.01768342,0.02176460,0.00000000,0.01341563,0.02376493,0.03355310,0.03808931,0.00000000,0.01182929,0.01922099,0.02499281,0.02245691
2003-09-30,0.01049041,0.01452138,0.01961294,0.02417201,0.02838939,0.01049041,0.01855234,0.02979605,0.03784923,0.04525892,0.01419582,0.02284146,0.03135656,0.03579890,0.03501164,0.00000000,0.00403096,0.00912252,0.01368159,0.01789898,0.00000000,0.00806193,0.01930564,0.02735881,0.03476851,0.00000000,0.00864564,0.01716074,0.02160308,0.02081582
2003-10-31,0.01229262,0.01805429,0.02376385,0.02824900,0.03241650,0.01229262,0.02381596,0.03518296,0.04170447,0.04908646,0.01327665,0.02069493,0.02699466,0.02864059,0.02868390,0.00000000,0.00576167,0.01147123,0.01595638,0.02012388,0.00000000,0.01152334,0.02289034,0.02941185,0.03679384,0.00000000,0.00741829,0.01371801,0.01536395,0.01540726
2003-11-30,0.01424963,0.02019320,0.02543666,0.02958533,0.03328556,0.01424963,0.02613677,0.03592358,0.04203135,0.04808645,0.01495119,0.02610973,0.03684112,0.04305619,0.04488262,0.00000000,0.00594357,0.01118703,0.01533570,0.01903592,0.00000000,0.01188714,0.02167395,0.02778172,0.03383681,0.00000000,0.01115854,0.02188992,0.02810500,0.02993143
2003-12-31,0.01219901,0.01820684,0.02345771,0.02801984,0.03209271,0.01219901,0.02421467,0.03395945,0.04170624,0.04838420,0.01201349,0.01919565,0.02395405,0.02690772,0.02633133,0.00000000,0.00600783,0.01125870,0.01582083,0.01989370,0.00000000,0.01201566,0.02176044,0.02950723,0.03618519,0.00000000,0.00718216,0.01194055,0.01489423,0.01431783
2004-01-31,0.01218168,0.01800410,0.02327156,0.02751614,0.03131311,0.01218168,0.02382652,0.03380647,0.04024989,0.04650100,0.01275537,0.02136337,0.02928509,0.03582761,0.03975228,0.00000000,0.00582242,0.01108987,0.01533446,0.01913143,0.00000000,0.01164484,0.02162479,0.02806821,0.03431931,0.00000000,0.00860799,0.01652971,0.02307223,0.02699690
2004-02-29,0.01138049,0.01627471,0.02120348,0.02553220,0.02928570,0.01138049,0.02116894,0.03106100,0.03851837,0.04429970,0.01225100,0.01860959,0.02483034,0.03010052,0.03231874,0.00000000,0.00489422,0.00982299,0.01415171,0.01790521,0.00000000,0.00978845,0.01968051,0.02713788,0.03291921,0.00000000,0.00635860,0.01257935,0.01784952,0.02006775
2004-03-31,0.01139086,0.01561376,0.01984039,0.02410425,0.02767929,0.01139086,0.01983665,0.02829367,0.03689580,0.04197947,0.01138074,0.01810066,0.02736123,0.03710734,0.04287694,0.00000000,0.00422289,0.00844953,0.01271339,0.01628843,0.00000000,0.00844579,0.01690281,0.02550494,0.03058861,0.00000000,0.00671992,0.01598049,0.02572660,0.03149620
2004-04-30,0.01593228,0.02281817,0.02852825,0.03266586,0.03585295,0.01593228,0.02970407,0.03994841,0.04507868,0.04860131,0.01143735,0.01337846,0.01328193,0.01211465,0.01159881,0.00000000,0.00688590,0.01259598,0.01673358,0.01992067,0.00000000,0.01377179,0.02401613,0.02914641,0.03266904,0.00000000,0.00194111,0.00184458,0.00067730,0.00016146
2004-05-31,0.01788617,0.02497588,0.03071281,0.03471993,0.03782624,0.01788617,0.03206560,0.04218667,0.04674128,0.05025148,0.01157529,0.00839553,-0.00171929,-0.01299616,-0.02271141,0.00000000,0.00708971,0.01282664,0.01683376,0.01994007,0.00000000,0.01417943,0.02430050,0.02885511,0.03236531,0.00000000,-0.00317976,-0.01329458,-0.02457145,-0.03428670
2004-06-30,0.01992107,0.02637361,0.03111095,0.03443733,0.03740157,0.01992107,0.03282616,0.04058562,0.04441646,0.04925853,0.01033958,0.00590114,-0.00218349,-0.00964007,-0.01428113,0.00000000,0.00645255,0.01118988,0.01451626,0.01748050,0.00000000,0.01290509,0.02066455,0.02449539,0.02933746,0.00000000,-0.00443844,-0.01252307,-0.01997964,-0.02462071
2004-07-31,0.02035071,0.02631066,0.03065352,0.03376363,0.03666956,0.02035071,0.03227061,0.03933923,0.04309396,0.04829327,0.01217979,0.01405868,0.01666223,0.02192219,0.03020489,0.00000000,0.00595995,0.01030281,0.01341292,0.01631885,0.00000000,0.01191990,0.01898852,0.02274325,0.02794256,0.00000000,0.00187890,0.00448244,0.00974240,0.01802511
2004-08-31,0.01925211,0.02359567,0.02694768,0.03011422,0.03299388,0.01925211,0.02793924,0.03365168,0.03961385,0.04451254,0.01274760,0.01965873,0.02823202,0.04088105,0.05210411,0.00000000,0.00434357,0.00769557,0.01086211,0.01374178,0.00000000,0.00868714,0.01439957,0.02036175,0.02526044,0.00000000,0.00691113,0.01548442,0.02813345,0.03935651
2004-09-30,0.02135006,0.02564346,0.02830257,0.03106904,0.03332677,0.02135006,0.02993687,0.03362080,0.03936845,0.04235769,0.01049041,0.00769270,0.00755188,0.01178031,0.01767078,0.00000000,0.00429341,0.00695252,0.00971899,0.01197672,0.00000000,0.00858682,0.01227074,0.01801840,0.02100763,0.00000000,-0.00279771,-0.00293853,0.00128990,0.00718037
2004-10-31,0.02181621,0.02502636,0.02753566,0.03022311,0.03249912,0.02181621,0.02823650,0.03255427,0.03828547,0.04160314,0.01229262,0.01429237,0.02123884,0.03038904,0.04119003,0.00000000,0.00321014,0.00571945,0.00840690,0.01068291,0.00000000,0.00642028,0.01073806,0.01646926,0.01978693,0.00000000,0.00199975,0.00894622,0.01809642,0.02889741
2004-11-30,0.02589874,0.02940923,0.03195915,0.03431350,0.03635941,0.02589874,0.03291972,0.03705899,0.04137656,0.04454303,0.01424963,0.01448767,0.01749153,0.02246389,0.02917378,0.00000000,0.00351049,0.00606041,0.00841476,0.01046067,0.00000000,0.00702098,0.01116025,0.01547782,0.01864429,0.00000000,0.00023803,0.00324190,0.00821426,0.01492415
2004-12-31,0.02711845,0.03003970,0.03182113,0.03394352,0.03556849,0.02711845,0.03296095,0.03538401,0.04031067,0.04206840,0.01219901,0.00929522,0.01029373,0.01661596,0.02468950,0.00000000,0.00292125,0.00470268,0.00682506,0.00845004,0.00000000,0.00584249,0.00826555,0.01319221,0.01494994,0.00000000,-0.00290379,-0.00190528,0.00441695,0.01249049
2005-01-31,0.02894254,0.03203394,0.03351782,0.03488553,0.03628352,0.02894254,0.03512533,0.03648559,0.03898866,0.04187550,0.01218168,0.00706566,0.00574680,0.00951110,0.01702344,0.00000000,0.00309140,0.00457528,0.00594299,0.00734099,0.00000000,0.00618280,0.00754306,0.01004612,0.01293296,0.00000000,-0.00511602,-0.00643488,-0.00267058,0.00484175
2005-02-28,0.03196814,0.03511896,0.03676117,0.03807896,0.03933788,0.03196814,0.03826979,0.04004560,0.04203233,0.04437356,0.01138049,0.00058129,-0.00662750,-0.00815473,-0.00588736,0.00000000,0.00315083,0.00479304,0.00611083,0.00736974,0.00000000,0.00630165,0.00807746,0.01006419,0.01240542,0.00000000,-0.01079920,-0.01800799,-0.01953522,-0.01726785
2005-03-31,0.03354532,0.03685838,0.03841473,0.03962492,0.04065361,0.03354532,0.04017144,0.04152745,0.04325550,0.04476836,0.01139086,-0.00231781,-0.01419557,-0.01882721,-0.02010324,0.00000000,0.00331306,0.00486942,0.00607961,0.00710830,0.00000000,0.00662612,0.00798213,0.00971018,0.01122305,0.00000000,-0.01370867,-0.02558643,-0.03021807,-0.03149410
2005-04-30,0.03314504,0.03553127,0.03643324,0.03719143,0.03804614,0.03314504,0.03791751,0.03823717,0.03946601,0.04146499,0.01593228,0.01249131,0.01452221,0.02136372,0.03049902,0.00000000,0.00238624,0.00328820,0.00404640,0.00490111,0.00000000,0.00477247,0.00509214,0.00632097,0.00831995,0.00000000,-0.00344097,-0.00141006,0.00543145,0.01456675
2005-05-31,0.03314890,0.03484616,0.03531613,0.03586043,0.03645925,0.03314890,0.03654342,0.03625607,0.03749335,0.03885453,0.01788617,0.01680287,0.02244612,0.03293133,0.04568946,0.00000000,0.00169726,0.00216723,0.00271153,0.00331035,0.00000000,0.00339452,0.00310717,0.00434445,0.00570563,0.00000000,-0.00108330,0.00455995,0.01504516,0.02780329
2005-06-30,0.03430686,0.03539813,0.03552155,0.03590971,0.03606765,0.03430686,0.03648939,0.03576840,0.03707419,0.03669942,0.01992107,0.01844036,0.02253659,0.03118464,0.04336898,0.00000000,0.00109126,0.00121469,0.00160285,0.00176079,0.00000000,0.00218253,0.00146154,0.00276733,0.00239256,0.00000000,-0.00148070,0.00261552,0.01126358,0.02344791
2005-07-31,0.03777295,0.03885922,0.03941700,0.04008758,0.04012016,0.03777295,0.03994548,0.04053258,0.04209931,0.04025048,0.02035071,0.01484837,0.01424212,0.01680350,0.02299746,0.00000000,0.00108626,0.00164405,0.00231463,0.00234720,0.00000000,0.00217252,0.00275962,0.00432636,0.00247752,0.00000000,-0.00550234,-0.00610859,-0.00354721,0.00264675
2005-08-31,0.03654694,0.03715408,0.03720415,0.03732353,0.03749581,0.03654694,0.03776123,0.03730430,0.03768165,0.03818493,0.01925211,0.01064441,0.00653486,0.00884442,0.01567531,0.00000000,0.00060715,0.00065722,0.00077659,0.00094887,0.00000000,0.00121429,0.00075736,0.00113472,0.00163800,0.00000000,-0.00860770,-0.01271724,-0.01040769,-0.00357680
2005-09-30,0.03981308,0.04041047,0.04050643,0.04073319,0.04064953,0.03981308,0.04100786,0.04069836,0.04141348,0.04031485,0.02135006,0.01147385,0.00408679,0.00275688,0.00370109,0.00000000,0.00059739,0.00069335,0.00092011,0.00083644,0.00000000,0.00119478,0.00088528,0.00160040,0.00050177,0.00000000,-0.00987621,-0.01726327,-0.01859317,-0.01764897
2005-10-31,0.04219699,0.04244282,0.04284151,0.04309298,0.04303900,0.04219699,0.04268865,0.04363889,0.04384740,0.04282307,0.02181621,0.00785572,-0.00227866,-0.00763208,-0.00987634,0.00000000,0.00024583,0.00064452,0.00089599,0.00084201,0.00000000,0.00049166,0.00144189,0.00165041,0.00062608,0.00000000,-0.01396049,-0.02409488,-0.02944829,-0.03169255
2005-11-30,0.04299969,0.04266819,0.04252940,0.04269525,0.04271497,0.04299969,0.04233668,0.04225182,0.04319278,0.04279385,0.02589874,0.01581876,0.01054107,0.00966581,0.01101605,0.00000000,-0.00033151,-0.00047030,-0.00030445,-0.00028473,0.00000000,-0.00066301,-0.00074787,0.00019309,-0.00020585,0.00000000,-0.01007998,-0.01535767,-0.01623293,-0.01488269
2005-12-31,0.04295156,0.04249939,0.04226122,0.04221637,0.04202102,0.04295156,0.04204723,0.04178489,0.04208180,0.04123962,0.02711845,0.01712784,0.01046462,0.00899040,0.00897700,0.00000000,-0.00045216,-0.00069033,-0.00073519,-0.00093054,0.00000000,-0.00090433,-0.00116666,-0.00086976,-0.00171194,0.00000000,-0.00999061,-0.01665383,-0.01812806,-0.01814146
2006-01-31,0.04444311,0.04371058,0.04338283,0.04354540,0.04313966,0.04444311,0.04297806,0.04272733,0.04403309,0.04151670,0.02894254,0.01962476,0.01313230,0.00939363,0.00723604,0.00000000,-0.00073252,-0.00106028,-0.00089771,-0.00130345,0.00000000,-0.00146505,-0.00171578,-0.00041002,-0.00292641,0.00000000,-0.00931777,-0.01581024,-0.01954891,-0.02170649
2006-02-28,0.04572560,0.04513503,0.04494961,0.04485863,0.04439919,0.04572560,0.04454445,0.04457878,0.04458568,0.04256146,0.03196814,0.02451232,0.02001347,0.01746703,0.01725490,0.00000000,-0.00059058,-0.00077599,-0.00086698,-0.00132641,0.00000000,-0.00118116,-0.00114683,-0.00113992,-0.00316414,0.00000000,-0.00745581,-0.01195466,-0.01450111,-0.01471323
2006-03-31,0.04697588,0.04641440,0.04640241,0.04654316,0.04641870,0.04697588,0.04585292,0.04637844,0.04696541,0.04592084,0.03354532,0.02674088,0.02241541,0.01929247,0.01709542,0.00000000,-0.00056148,-0.00057347,-0.00043272,-0.00055718,0.00000000,-0.00112296,-0.00059744,-0.00001046,-0.00105504,0.00000000,-0.00680444,-0.01112991,-0.01425285,-0.01644990
2006-04-30,0.04740259,0.04671286,0.04688270,0.04722457,0.04735381,0.04740259,0.04602313,0.04722238,0.04825017,0.04787079,0.03314504,0.02365996,0.01587400,0.00811762,0.00133244,0.00000000,-0.00068973,-0.00051989,-0.00017802,-0.00004878,0.00000000,-0.00137946,-0.00018021,0.00084758,0.00046820,0.00000000,-0.00948508,-0.01727104,-0.02502741,-0.03181259
2006-05-31,0.04911793,0.04843108,0.04831464,0.04837638,0.04849655,0.04911793,0.04774423,0.04808177,0.04856158,0.04897723,0.03314890,0.02057439,0.00908623,-0.00150219,-0.01120924,0.00000000,-0.00068685,-0.00080329,-0.00074155,-0.00062138,0.00000000,-0.00137370,-0.00103616,-0.00055635,-0.00014069,0.00000000,-0.01257451,-0.02406267,-0.03465109,-0.04435814
2006-06-30,0.05074824,0.04953888,0.04926501,0.04895285,0.04903530,0.05074824,0.04832952,0.04871728,0.04801636,0.04936509,0.03430686,0.02004802,0.00748690,-0.00415618,-0.01547312,0.00000000,-0.00120936,-0.00148323,-0.00179539,-0.00171294,0.00000000,-0.00241872,-0.00203096,-0.00273188,-0.00138314,0.00000000,-0.01425885,-0.02681996,-0.03846304,-0.04977998
2006-07-31,0.04920020,0.04770966,0.04732263,0.04702110,0.04730379,0.04920020,0.04621912,0.04654857,0.04611651,0.04843455,0.03777295,0.02851823,0.02283170,0.01838244,0.01251641,0.00000000,-0.00149054,-0.00187757,-0.00217910,-0.00189641,0.00000000,-0.00298108,-0.00265163,-0.00308369,-0.00076565,0.00000000,-0.00925472,-0.01494126,-0.01939052,-0.02525655
2006-08-31,0.04809391,0.04598876,0.04529821,0.04520878,0.04523330,0.04809391,0.04388361,0.04391710,0.04494051,0.04533136,0.03654694,0.02621426,0.01963494,0.01339949,0.00664392,0.00000000,-0.00210515,-0.00279570,-0.00288513,-0.00286061,0.00000000,-0.00421029,-0.00417681,-0.00315340,-0.00276255,0.00000000,-0.01033268,-0.01691200,-0.02314744,-0.02990302
2006-09-30,0.04751112,0.04510527,0.04441273,0.04420171,0.04419110,0.04751112,0.04269941,0.04302766,0.04356865,0.04414868,0.03981308,0.03330981,0.03130876,0.02969459,0.02644078,0.00000000,-0.00240586,-0.00309839,-0.00330941,-0.00332002,0.00000000,-0.00481172,-0.00448347,-0.00394247,-0.00336245,0.00000000,-0.00650327,-0.00850432,-0.01011849,-0.01337230
2006-10-31,0.04739279,0.04522178,0.04435455,0.04405065,0.04402231,0.04739279,0.04305077,0.04262010,0.04313895,0.04390894,0.04219699,0.03749286,0.03808097,0.03930827,0.03899239,0.00000000,-0.00217101,-0.00303824,-0.00334214,-0.00337048,0.00000000,-0.00434202,-0.00477269,-0.00425384,-0.00348385,0.00000000,-0.00470414,-0.00411602,-0.00288872,-0.00320460
2006-11-30,0.04693159,0.04445222,0.04333102,0.04293343,0.04290937,0.04693159,0.04197286,0.04108861,0.04174067,0.04281313,0.04299969,0.03840479,0.03868375,0.04078792,0.04184110,0.00000000,-0.00247936,-0.00360057,-0.00399816,-0.00402222,0.00000000,-0.00495873,-0.00584298,-0.00519092,-0.00411846,0.00000000,-0.00459491,-0.00431595,-0.00221177,-0.00115860
2006-12-31,0.04819409,0.04621009,0.04542045,0.04519908,0.04524212,0.04819409,0.04422608,0.04384118,0.04453496,0.04541429,0.04295156,0.03680469,0.03436350,0.03260411,0.02930877,0.00000000,-0.00198401,-0.00277364,-0.00299501,-0.00295197,0.00000000,-0.00396801,-0.00435291,-0.00365913,-0.00277981,0.00000000,-0.00614687,-0.00858806,-0.01034745,-0.01364279
2007-01-31,0.04864676,0.04732507,0.04649526,0.04614789,0.04630134,0.04864676,0.04600339,0.04483563,0.04510579,0.04691513,0.04444311,0.03877441,0.03549835,0.03469580,0.03110671,0.00000000,-0.00132168,-0.00215150,-0.00249886,-0.00234542,0.00000000,-0.00264336,-0.00381113,-0.00354096,-0.00173163,0.00000000,-0.00566870,-0.00894476,-0.00974730,-0.01333639
2007-02-28,0.04720303,0.04474494,0.04394566,0.04364494,0.04363332,0.04720303,0.04228684,0.04234712,0.04274276,0.04358684,0.04572560,0.04306702,0.04535895,0.04759752,0.04741622,0.00000000,-0.00245810,-0.00325737,-0.00355810,-0.00356972,0.00000000,-0.00491619,-0.00485592,-0.00446028,-0.00361619,0.00000000,-0.00265859,-0.00036665,0.00187191,0.00169062
2007-03-31,0.04705017,0.04410774,0.04375090,0.04377335,0.04375125,0.04705017,0.04116531,0.04303720,0.04384072,0.04366287,0.04697588,0.04577862,0.05099175,0.05491996,0.05700008,0.00000000,-0.00294243,-0.00329928,-0.00327682,-0.00329892,0.00000000,-0.00588486,-0.00401297,-0.00320945,-0.00338731,0.00000000,-0.00119726,0.00401587,0.00794408,0.01002420
2007-04-30,0.04758153,0.04424267,0.04353209,0.04349226,0.04355708,0.04758153,0.04090381,0.04211093,0.04337279,0.04381636,0.04740259,0.04584419,0.05216277,0.05830200,0.06280001,0.00000000,-0.00333886,-0.00404944,-0.00408926,-0.00402444,0.00000000,-0.00667772,-0.00547060,-0.00420874,-0.00376517,0.00000000,-0.00155839,0.00476018,0.01089942,0.01539742
2007-05-31,0.04844908,0.04733014,0.04678356,0.04675136,0.04676250,0.04844908,0.04621119,0.04569040,0.04665474,0.04680705,0.04911793,0.04841307,0.05028365,0.05315482,0.05547731,0.00000000,-0.00111894,-0.00166552,-0.00169773,-0.00168659,0.00000000,-0.00223789,-0.00275868,-0.00179434,-0.00164203,0.00000000,-0.00070486,0.00116572,0.00403689,0.00635938
2007-06-30,0.04818862,0.04679832,0.04688185,0.04728058,0.04748368,0.04818862,0.04540803,0.04704890,0.04847675,0.04829611,0.05074824,0.05088914,0.05419839,0.05516584,0.05605418,0.00000000,-0.00139029,-0.00130677,-0.00090804,-0.00070494,0.00000000,-0.00278059,-0.00113971,0.00028813,0.00010749,0.00000000,0.00014090,0.00345015,0.00441760,0.00530594
2007-07-31,0.04609675,0.04361263,0.04342231,0.04389272,0.04411216,0.04609675,0.04112851,0.04304167,0.04530394,0.04498995,0.04920020,0.04932257,0.05474262,0.05781746,0.06094808,0.00000000,-0.00248412,-0.00267444,-0.00220403,-0.00198458,0.00000000,-0.00496824,-0.00305508,-0.00079281,-0.00110679,0.00000000,0.00012237,0.00554243,0.00861726,0.01174788
2007-08-31,0.04269219,0.04017625,0.04046209,0.04110893,0.04134624,0.04269219,0.03766031,0.04103377,0.04304946,0.04229545,0.04809391,0.04928533,0.05554212,0.05944885,0.06173076,0.00000000,-0.00251594,-0.00223010,-0.00158326,-0.00134595,0.00000000,-0.00503188,-0.00165842,0.00035727,-0.00039674,0.00000000,0.00119142,0.00744821,0.01135495,0.01363685
2007-09-30,0.03956635,0.03846822,0.03932872,0.04041302,0.04122166,0.03956635,0.03737008,0.04104973,0.04366593,0.04445619,0.04751112,0.05064418,0.05630175,0.05882068,0.05930342,0.00000000,-0.00109814,-0.00023763,0.00084667,0.00165530,0.00000000,-0.00219627,0.00148337,0.00409958,0.00488983,0.00000000,0.00313305,0.00879063,0.01130956,0.01179230
2007-10-31,0.03947059,0.03821225,0.03851998,0.03970975,0.04050106,0.03947059,0.03695391,0.03913544,0.04327907,0.04366630,0.04739279,0.05097297,0.05663916,0.06064267,0.06127254,0.00000000,-0.00125834,-0.00095061,0.00023916,0.00103047,0.00000000,-0.00251668,-0.00033515,0.00380847,0.00419571,0.00000000,0.00358018,0.00924637,0.01324988,0.01387975
2007-11-30,0.03080778,0.02938544,0.02989059,0.03212498,0.03317511,0.03080778,0.02796309,0.03090090,0.03882814,0.03737563,0.04693159,0.05809667,0.07122219,0.08206196,0.08604695,0.00000000,-0.00142234,-0.00091719,0.00131720,0.00236733,0.00000000,-0.00284468,0.00009312,0.00802037,0.00656786,0.00000000,0.01116508,0.02429060,0.03513037,0.03911536
2007-12-31,0.03218816,0.02979221,0.02977690,0.03233604,0.03373718,0.03218816,0.02739626,0.02974628,0.04001344,0.03934176,0.04819409,0.06023202,0.07667694,0.09146563,0.09686647,0.00000000,-0.00239595,-0.00241126,0.00014788,0.00154902,0.00000000,-0.00479190,-0.00244188,0.00782528,0.00715360,0.00000000,0.01203792,0.02848285,0.04327153,0.04867238
2008-01-31,0.02057119,0.02058711,0.02169033,0.02507621,0.02729344,0.02057119,0.02060303,0.02389677,0.03523383,0.03616237,0.04864676,0.07407896,0.09831156,0.11952058,0.13120187,0.00000000,0.00001592,0.00111914,0.00450502,0.00672225,0.00000000,0.00003184,0.00332558,0.01466264,0.01559118,0.00000000,0.02543220,0.04966480,0.07087382,0.08255511
2008-02-29,0.01673262,0.01602771,0.01823038,0.02187593,0.02452966,0.01673262,0.01532281,0.02263572,0.03281258,0.03514456,0.04720303,0.07275726,0.09978157,0.11988860,0.13066287,0.00000000,-0.00070490,0.00149777,0.00514332,0.00779704,0.00000000,-0.00140981,0.00590311,0.01607996,0.01841194,0.00000000,0.02555422,0.05257854,0.07268557,0.08345983
2008-03-31,0.01450672,0.01573335,0.01733063,0.02193212,0.02422474,0.01450672,0.01695998,0.02052519,0.03573660,0.03339519,0.04705017,0.07370877,0.09978598,0.12310152,0.13102778,0.00000000,0.00122663,0.00282391,0.00742540,0.00971802,0.00000000,0.00245326,0.00601847,0.02122988,0.01888847,0.00000000,0.02665859,0.05273581,0.07605134,0.08397761
2008-04-30,0.01892342,0.02228330,0.02432875,0.02799854,0.02974548,0.01892342,0.02564318,0.02841965,0.03900791,0.03673325,0.04758153,0.06956191,0.08602966,0.10098279,0.10579124,0.00000000,0.00335988,0.00540533,0.00907512,0.01082206,0.00000000,0.00671976,0.00949623,0.02008449,0.01780982,0.00000000,0.02198038,0.03844813,0.05340127,0.05820972
2008-05-31,0.02236676,0.02592867,0.02893488,0.03213321,0.03368021,0.02236676,0.02949058,0.03494730,0.04172819,0.03986825,0.04844908,0.07229352,0.08849334,0.10020079,0.10527966,0.00000000,0.00356191,0.00656812,0.00976645,0.01131346,0.00000000,0.00712382,0.01258054,0.01936143,0.01750149,0.00000000,0.02384443,0.04004426,0.05175171,0.05683057
2008-06-30,0.02338799,0.02572056,0.02867756,0.03138516,0.03275963,0.02338799,0.02805313,0.03459156,0.03950796,0.03825749,0.04818862,0.07020865,0.08920443,0.10308962,0.11187777,0.00000000,0.00233257,0.00528957,0.00799717,0.00937163,0.00000000,0.00466514,0.01120357,0.01611997,0.01486950,0.00000000,0.02202004,0.04101581,0.05490100,0.06368915
2008-07-31,0.02230652,0.02463011,0.02766824,0.03004016,0.03191193,0.02230652,0.02695370,0.03374449,0.03715591,0.03939901,0.04609675,0.06491874,0.08100671,0.09256616,0.10040020,0.00000000,0.00232359,0.00536171,0.00773363,0.00960540,0.00000000,0.00464718,0.01143796,0.01484939,0.01709248,0.00000000,0.01882199,0.03490996,0.04646941,0.05430345
2008-08-31,0.02130210,0.02323128,0.02589571,0.02843891,0.03043580,0.02130210,0.02516047,0.03122457,0.03606851,0.03842335,0.04269219,0.05905041,0.07492371,0.08674860,0.09297554,0.00000000,0.00192919,0.00459362,0.00713682,0.00913370,0.00000000,0.00385837,0.00992248,0.01476641,0.01712126,0.00000000,0.01635822,0.03223152,0.04405641,0.05028335
2008-09-30,0.01790573,0.01934070,0.02260474,0.02634277,0.02949315,0.01790573,0.02077567,0.02913281,0.03755686,0.04209469,0.03956635,0.05903070,0.07930476,0.09383788,0.10073721,0.00000000,0.00143497,0.00469900,0.00843703,0.01158742,0.00000000,0.00286993,0.01122708,0.01965113,0.02418895,0.00000000,0.01946435,0.03973841,0.05427153,0.06117086
2008-10-31,0.01420660,0.01326724,0.01800069,0.02115225,0.02798934,0.01420660,0.01232789,0.02746760,0.03060693,0.05533767,0.03947059,0.06221790,0.08902546,0.10483693,0.11789630,0.00000000,-0.00093936,0.00379409,0.00694565,0.01378274,0.00000000,-0.00187871,0.01326100,0.01640033,0.04113107,0.00000000,0.02274731,0.04955487,0.06536633,0.07842571
2008-11-30,0.00846935,0.00988965,0.01256093,0.01222857,0.01908175,0.00846935,0.01130995,0.01790348,0.01123149,0.04649447,0.03080778,0.05030152,0.06989247,0.09081713,0.11696128,0.00000000,0.00142030,0.00409158,0.00375922,0.01061240,0.00000000,0.00284061,0.00943413,0.00276214,0.03802512,0.00000000,0.01949375,0.03908469,0.06000935,0.08615350
2008-12-31,0.00409341,0.00536219,0.00993531,0.01023391,0.01562958,0.00409341,0.00663096,0.01908156,0.01112970,0.03721225,0.03218816,0.05549101,0.07860632,0.09953821,0.12775027,0.00000000,0.00126877,0.00584190,0.00614049,0.01153616,0.00000000,0.00253755,0.01498814,0.00703628,0.03311884,0.00000000,0.02330285,0.04641816,0.06735005,0.09556211
2009-01-31,0.00567324,0.00940664,0.01317217,0.01474067,0.01873611,0.00567324,0.01314003,0.02070324,0.01944617,0.03471787,0.02057119,0.03550098,0.04625772,0.06078831,0.07750451,0.00000000,0.00373339,0.00749893,0.00906743,0.01306287,0.00000000,0.00746679,0.01502999,0.01377293,0.02904462,0.00000000,0.01492979,0.02568653,0.04021712,0.05693332
2009-02-28,0.00774708,0.00956567,0.01379916,0.01654358,0.01979079,0.00774708,0.01138427,0.02226614,0.02477682,0.03277965,0.01673262,0.02430834,0.03555980,0.04610624,0.05647397,0.00000000,0.00181859,0.00605208,0.00879650,0.01204371,0.00000000,0.00363719,0.01451906,0.01702974,0.02503257,0.00000000,0.00757573,0.01882718,0.02937362,0.03974136
2009-03-31,0.00610049,0.00775068,0.01156012,0.01327302,0.01657083,0.00610049,0.00940087,0.01917899,0.01841172,0.02976209,0.01450672,0.02536621,0.03649053,0.05304814,0.06803161,0.00000000,0.00165019,0.00545963,0.00717253,0.01047034,0.00000000,0.00330038,0.01307850,0.01231123,0.02366160,0.00000000,0.01085949,0.02198381,0.03854142,0.05352489
2009-04-30,0.00506373,0.00901327,0.01372700,0.01695623,0.02010112,0.00506373,0.01296281,0.02315446,0.02664392,0.03268070,0.01892342,0.03950288,0.05495972,0.07081316,0.08090249,0.00000000,0.00394954,0.00866327,0.01189250,0.01503739,0.00000000,0.00789908,0.01809073,0.02158019,0.02761697,0.00000000,0.02057945,0.03603629,0.05188974,0.06197907
2009-05-31,0.00496728,0.00924851,0.01387003,0.01843794,0.02344955,0.00496728,0.01352975,0.02311308,0.03214166,0.04349599,0.02236676,0.04689006,0.06830761,0.08692272,0.09464931,0.00000000,0.00428123,0.00890275,0.01347066,0.01848227,0.00000000,0.00856247,0.01814580,0.02717438,0.03852871,0.00000000,0.02452330,0.04594085,0.06455596,0.07228255
2009-06-30,0.00549810,0.01120760,0.01601280,0.02149319,0.02557241,0.00549810,0.01691710,0.02562319,0.03793436,0.04188928,0.02338799,0.04594302,0.06361749,0.07750225,0.07782538,0.00000000,0.00570950,0.01051470,0.01599509,0.02007431,0.00000000,0.01141900,0.02012510,0.03243626,0.03639118,0.00000000,0.02255503,0.04022949,0.05411426,0.05443739
2009-07-31,0.00473952,0.01119655,0.01568616,0.02055939,0.02521577,0.00473952,0.01765357,0.02466539,0.03517910,0.04384125,0.02230652,0.04452071,0.06061162,0.07310214,0.07732205,0.00000000,0.00645703,0.01094664,0.01581988,0.02047625,0.00000000,0.01291405,0.01992587,0.03043958,0.03910173,0.00000000,0.02221418,0.03830509,0.05079562,0.05501553
2009-08-31,0.00416472,0.00972764,0.01444611,0.01946178,0.02386519,0.00416472,0.01529057,0.02388304,0.03450878,0.04147881,0.02130210,0.04229784,0.05823185,0.07041731,0.07433188,0.00000000,0.00556292,0.01028139,0.01529706,0.01970046,0.00000000,0.01112585,0.01971832,0.03034406,0.03731409,0.00000000,0.02099575,0.03692975,0.04911522,0.05302978
2009-09-30,0.00416862,0.00950424,0.01408814,0.01861723,0.02319712,0.00416862,0.01483985,0.02325595,0.03220449,0.04151668,0.01790573,0.03451278,0.04880574,0.06310665,0.07299685,0.00000000,0.00533562,0.00991952,0.01444861,0.01902850,0.00000000,0.01067123,0.01908733,0.02803587,0.03734806,0.00000000,0.01660705,0.03090001,0.04520092,0.05509112
2009-10-31,0.00403801,0.00885472,0.01342852,0.01883583,0.02313469,0.00403801,0.01367143,0.02257613,0.03505776,0.04033010,0.01420660,0.02249648,0.03629265,0.04432344,0.06460335,0.00000000,0.00481671,0.00939052,0.01479782,0.01909668,0.00000000,0.00963342,0.01853812,0.03101975,0.03629210,0.00000000,0.00828988,0.02208605,0.03011684,0.05039676
2009-11-30,0.00282922,0.00635715,0.01077399,0.01552556,0.02002538,0.00282922,0.00988509,0.01960767,0.02978026,0.03802466,0.00846935,0.01695008,0.02496847,0.01659229,0.03330649,0.00000000,0.00352793,0.00794477,0.01269634,0.01719616,0.00000000,0.00705587,0.01677845,0.02695104,0.03519544,0.00000000,0.00848073,0.01649913,0.00812294,0.02483715
2009-12-31,0.00501305,0.01128372,0.01641371,0.02169355,0.02682716,0.00501305,0.01755440,0.02667367,0.03753306,0.04736164,0.00409341,0.00571133,0.00723849,-0.00830549,-0.00862630,0.00000000,0.00627068,0.01140066,0.01668050,0.02181412,0.00000000,0.01254136,0.02166062,0.03252002,0.04234859,0.00000000,0.00161792,0.00314507,-0.01239890,-0.01271971
2010-01-31,0.00309973,0.00785417,0.01320644,0.01821441,0.02323750,0.00309973,0.01260861,0.02391099,0.03323832,0.04332986,0.00567324,0.01571354,0.02380817,0.01934335,0.02082290,0.00000000,0.00475444,0.01010672,0.01511468,0.02013777,0.00000000,0.00950888,0.02081126,0.03013859,0.04023013,0.00000000,0.01004030,0.01813493,0.01367011,0.01514966
2010-02-28,0.00363974,0.00808889,0.01346043,0.01837299,0.02311848,0.00363974,0.01253803,0.02420352,0.03311067,0.04210043,0.00774708,0.01549160,0.02521971,0.02579302,0.02546200,0.00000000,0.00444914,0.00982069,0.01473325,0.01947874,0.00000000,0.00889829,0.02056378,0.02947093,0.03846069,0.00000000,0.00774453,0.01747263,0.01804594,0.01771492
2010-03-31,0.00456648,0.00999092,0.01558128,0.02110741,0.02555153,0.00456648,0.01541536,0.02676200,0.03768581,0.04332800,0.00610049,0.01093488,0.01469850,0.00634823,-0.00157549,0.00000000,0.00542444,0.01101480,0.01654093,0.02098505,0.00000000,0.01084888,0.02219551,0.03311933,0.03876152,0.00000000,0.00483439,0.00859801,0.00024774,-0.00767598
2010-04-30,0.00414626,0.00939821,0.01471147,0.02000700,0.02421262,0.00414626,0.01465015,0.02533799,0.03589358,0.04103513,0.00506373,0.01388028,0.02238459,0.02369052,0.02047764,0.00000000,0.00525195,0.01056521,0.01586073,0.02006636,0.00000000,0.01050389,0.02119172,0.03174732,0.03688887,0.00000000,0.00881655,0.01732086,0.01862679,0.01541391
2010-05-31,0.00364651,0.00750993,0.01215978,0.01751548,0.02097841,0.00364651,0.01137334,0.02145950,0.03358258,0.03483013,0.00496728,0.01485051,0.02659025,0.03727241,0.04718582,0.00000000,0.00386341,0.00851327,0.01386897,0.01733190,0.00000000,0.00772682,0.01781299,0.02993607,0.03118362,0.00000000,0.00988323,0.02162297,0.03230513,0.04221854
2010-06-30,0.00306702,0.00569324,0.00940471,0.01434520,0.01781345,0.00306702,0.00831947,0.01682763,0.02916670,0.03168645,0.00549810,0.01934818,0.03665190,0.05775864,0.07048122,0.00000000,0.00262623,0.00633769,0.01127819,0.01474644,0.00000000,0.00525245,0.01376061,0.02609968,0.02861944,0.00000000,0.01385008,0.03115380,0.05226054,0.06498312
2010-07-31,0.00278871,0.00526832,0.00797534,0.01214213,0.01603700,0.00278871,0.00774794,0.01338937,0.02464249,0.03161650,0.00473952,0.01960438,0.03652184,0.05831156,0.07751032,0.00000000,0.00247961,0.00518663,0.00935342,0.01324829,0.00000000,0.00495923,0.01060066,0.02185378,0.02882779,0.00000000,0.01486486,0.03178232,0.05357204,0.07277080
2010-08-31,0.00247856,0.00463877,0.00679830,0.01016149,0.01334245,0.00247856,0.00679899,0.01111736,0.02025106,0.02606628,0.00416472,0.01697672,0.03406078,0.05745221,0.07867996,0.00000000,0.00216021,0.00431974,0.00768293,0.01086389,0.00000000,0.00432043,0.00863880,0.01777250,0.02358771,0.00000000,0.01281200,0.02989606,0.05328749,0.07451524
2010-09-30,0.00299249,0.00413759,0.00645155,0.00956753,0.01274296,0.00299249,0.00528269,0.01107948,0.01891545,0.02544468,0.00416862,0.01601599,0.03398924,0.05511426,0.07771549,0.00000000,0.00114510,0.00345906,0.00657504,0.00975047,0.00000000,0.00229020,0.00808699,0.01592297,0.02245219,0.00000000,0.01184737,0.02982062,0.05094564,0.07354687
2010-10-31,0.00266572,0.00313045,0.00510045,0.00838822,0.01171139,0.00266572,0.00359517,0.00904045,0.01825156,0.02500404,0.00403801,0.01504371,0.03402467,0.06004198,0.08212053,0.00000000,0.00046472,0.00243472,0.00572250,0.00904566,0.00000000,0.00092944,0.00637472,0.01558584,0.02233831,0.00000000,0.01100570,0.02998667,0.05600398,0.07808252
2010-11-30,0.00316744,0.00442669,0.00713573,0.01076842,0.01467804,0.00316744,0.00568595,0.01255380,0.02166650,0.03031653,0.00282922,0.00954687,0.02346859,0.04069505,0.05705321,0.00000000,0.00125925,0.00396829,0.00760098,0.01151060,0.00000000,0.00251851,0.00938636,0.01849906,0.02714909,0.00000000,0.00671764,0.02063937,0.03786583,0.05422399
2010-12-31,0.00351068,0.00573282,0.01003353,0.01533603,0.02019060,0.00351068,0.00795496,0.01863495,0.03124352,0.03960888,0.00501305,0.01905677,0.03777548,0.05667360,0.07279171,0.00000000,0.00222214,0.00652285,0.01182535,0.01667992,0.00000000,0.00444428,0.01512426,0.02773284,0.03609820,0.00000000,0.01404372,0.03276243,0.05166055,0.06777867
2011-01-31,0.00310826,0.00536970,0.00965629,0.01432657,0.01953048,0.00310826,0.00763115,0.01822946,0.02833742,0.04034612,0.00309973,0.01260008,0.02887992,0.04388878,0.05888122,0.00000000,0.00226145,0.00654803,0.01121831,0.01642222,0.00000000,0.00452289,0.01512120,0.02522916,0.03723786,0.00000000,0.00950035,0.02578019,0.04078905,0.05578149
2011-02-28,0.00311998,0.00671958,0.01157787,0.01657367,0.02145615,0.00311998,0.01031919,0.02129445,0.03156107,0.04098608,0.00363974,0.01305779,0.02694212,0.03875834,0.04929771,0.00000000,0.00359961,0.00845790,0.01345369,0.01833618,0.00000000,0.00719921,0.01817447,0.02844109,0.03786610,0.00000000,0.00941805,0.02330238,0.03511860,0.04565797
2011-03-31,0.00298554,0.00809665,0.01300978,0.01802348,0.02266963,0.00298554,0.01320776,0.02283602,0.03306460,0.04125424,0.00456648,0.01699630,0.03055054,0.04540033,0.05566373,0.00000000,0.00511111,0.01002423,0.01503794,0.01968409,0.00000000,0.01022222,0.01985048,0.03007906,0.03826870,0.00000000,0.01242982,0.02598406,0.04083385,0.05109725
2011-04-30,0.00223825,0.00591480,0.01023594,0.01492613,0.01981065,0.00223825,0.00959135,0.01887823,0.02899668,0.03934875,0.00414626,0.01655816,0.03230480,0.04932015,0.06135861,0.00000000,0.00367655,0.00799769,0.01268788,0.01757240,0.00000000,0.00735310,0.01663998,0.02675842,0.03711050,0.00000000,0.01241190,0.02815854,0.04517389,0.05721235
2011-05-31,0.00185035,0.00450679,0.00792799,0.01222399,0.01704593,0.00185035,0.00716323,0.01477038,0.02511201,0.03633367,0.00364651,0.01316950,0.02746578,0.04627798,0.05599609,0.00000000,0.00265644,0.00607764,0.01037364,0.01519558,0.00000000,0.00531288,0.01292003,0.02326167,0.03448332,0.00000000,0.00952299,0.02381926,0.04263146,0.05234958
2011-06-30,0.00188003,0.00438477,0.00817110,0.01283954,0.01755781,0.00188003,0.00688951,0.01574377,0.02684485,0.03643090,0.00306702,0.00950646,0.01944458,0.03286752,0.03770912,0.00000000,0.00250474,0.00629107,0.01095951,0.01567779,0.00000000,0.00500948,0.01386374,0.02496483,0.03455088,0.00000000,0.00643945,0.01637756,0.02980050,0.03464210
2011-07-31,0.00229223,0.00345724,0.00554418,0.00923295,0.01359565,0.00229223,0.00462224,0.00971805,0.02029929,0.03104646,0.00278871,0.00824441,0.01701154,0.03193598,0.04325319,0.00000000,0.00116501,0.00325194,0.00694072,0.01130342,0.00000000,0.00233001,0.00742581,0.01800706,0.02875422,0.00000000,0.00545570,0.01422283,0.02914727,0.04046448
2011-08-31,0.00142235,0.00205162,0.00339537,0.00617982,0.00975004,0.00142235,0.00268088,0.00608289,0.01453315,0.02403094,0.00247856,0.00785520,0.01629167,0.03045984,0.04199296,0.00000000,0.00062927,0.00197302,0.00475747,0.00832769,0.00000000,0.00125853,0.00466053,0.01311080,0.02260858,0.00000000,0.00537663,0.01381311,0.02798128,0.03951440
2011-09-30,0.00177928,0.00261221,0.00423637,0.00662127,0.00963836,0.00177928,0.00344513,0.00748469,0.01377596,0.02170674,0.00299249,0.00649589,0.01413024,0.02556100,0.03722971,0.00000000,0.00083293,0.00245709,0.00484198,0.00785908,0.00000000,0.00166585,0.00570541,0.01199668,0.01992746,0.00000000,0.00350341,0.01113775,0.02256851,0.03423723
2011-10-31,0.00159710,0.00250124,0.00406191,0.00665391,0.00983013,0.00159710,0.00340538,0.00718324,0.01442993,0.02253500,0.00266572,0.00466379,0.01029886,0.02136717,0.03194128,0.00000000,0.00090414,0.00246481,0.00505681,0.00823303,0.00000000,0.00180828,0.00558614,0.01283283,0.02093790,0.00000000,0.00199807,0.00763313,0.01870145,0.02927555
2011-11-30,0.00175382,0.00265403,0.00415644,0.00671741,0.00969682,0.00175382,0.00355425,0.00716125,0.01440033,0.02161444,0.00316744,0.00709957,0.01609913,0.03060438,0.04652057,0.00000000,0.00090022,0.00240262,0.00496359,0.00794300,0.00000000,0.00180043,0.00540743,0.01264652,0.01986063,0.00000000,0.00393213,0.01293168,0.02743693,0.04335313
2011-12-31,0.00164815,0.00239870,0.00391191,0.00581050,0.00857516,0.00164815,0.00314924,0.00693833,0.01150627,0.01963381,0.00351068,0.00981749,0.02530319,0.04960839,0.07771099,0.00000000,0.00075055,0.00226376,0.00416235,0.00692701,0.00000000,0.00150109,0.00529018,0.00985812,0.01798566,0.00000000,0.00630681,0.02179251,0.04609770,0.07420031
2012-01-31,0.00152198,0.00222331,0.00304550,0.00486942,0.00722495,0.00152198,0.00292465,0.00468987,0.01034117,0.01664707,0.00310826,0.00921743,0.02452225,0.04816979,0.07817474,0.00000000,0.00070134,0.00152352,0.00334744,0.00570297,0.00000000,0.00140267,0.00316790,0.00881920,0.01512509,0.00000000,0.00610917,0.02141399,0.04506154,0.07506648
2012-02-29,0.00204725,0.00305701,0.00452102,0.00638533,0.00875165,0.00204725,0.00406676,0.00744904,0.01197825,0.01821696,0.00311998,0.01139192,0.02861961,0.05273164,0.08173946,0.00000000,0.00100975,0.00247376,0.00433807,0.00670440,0.00000000,0.00201951,0.00540179,0.00993100,0.01616970,0.00000000,0.00827194,0.02549963,0.04961166,0.07861949
2012-03-31,0.00171166,0.00337726,0.00539740,0.00783020,0.01058858,0.00171166,0.00504286,0.00943767,0.01512859,0.02162212,0.00298554,0.01448164,0.03227480,0.05590173,0.08202738,0.00000000,0.00166560,0.00368574,0.00611853,0.00887692,0.00000000,0.00333120,0.00772601,0.01341693,0.01991046,0.00000000,0.01149610,0.02928926,0.05291619,0.07904184
2012-04-30,0.00182164,0.00270708,0.00403626,0.00612342,0.00826612,0.00182164,0.00359251,0.00669462,0.01238491,0.01683692,0.00223825,0.01000797,0.02529368,0.04759573,0.07455958,0.00000000,0.00088544,0.00221462,0.00430179,0.00644448,0.00000000,0.00177088,0.00487299,0.01056328,0.01501528,0.00000000,0.00776971,0.02305543,0.04535748,0.07232132
2012-05-31,0.00180629,0.00279339,0.00375100,0.00532438,0.00671794,0.00180629,0.00378049,0.00566621,0.01004452,0.01229219,0.00185035,0.00720729,0.01819718,0.03764298,0.06393214,0.00000000,0.00098710,0.00194471,0.00351809,0.00491165,0.00000000,0.00197420,0.00385992,0.00823823,0.01048590,0.00000000,0.00535694,0.01634683,0.03579263,0.06208179
2012-06-30,0.00208346,0.00309455,0.00430909,0.00588695,0.00735419,0.00208346,0.00410565,0.00673817,0.01062052,0.01322318,0.00188003,0.00668608,0.01832419,0.03843088,0.06424126,0.00000000,0.00101110,0.00222564,0.00380349,0.00527074,0.00000000,0.00202220,0.00465471,0.00853706,0.01113972,0.00000000,0.00480605,0.01644417,0.03655085,0.06236124
2012-07-31,0.00168413,0.00218586,0.00289226,0.00433174,0.00595269,0.00168413,0.00268758,0.00430507,0.00865015,0.01243653,0.00229223,0.00523035,0.01226081,0.02825503,0.05065133,0.00000000,0.00050173,0.00120813,0.00264760,0.00426856,0.00000000,0.00100345,0.00262094,0.00696602,0.01075239,0.00000000,0.00293811,0.00996858,0.02596280,0.04835910
2012-08-31,0.00197269,0.00237447,0.00297516,0.00427046,0.00598361,0.00197269,0.00277624,0.00417655,0.00815636,0.01283621,0.00142235,0.00213054,0.00543719,0.01579380,0.03166838,0.00000000,0.00040177,0.00100247,0.00229777,0.00401092,0.00000000,0.00080355,0.00220386,0.00618366,0.01086352,0.00000000,0.00070819,0.00401484,0.01437144,0.03024602
2012-09-30,0.00198867,0.00235663,0.00323849,0.00465730,0.00628724,0.00198867,0.00272460,0.00500220,0.00891375,0.01280698,0.00177928,0.00323574,0.00799584,0.01676960,0.02956259,0.00000000,0.00036796,0.00124982,0.00266863,0.00429857,0.00000000,0.00073592,0.00301353,0.00692508,0.01081831,0.00000000,0.00145646,0.00621656,0.01499031,0.02778330
2012-10-31,0.00218466,0.00291208,0.00380017,0.00550953,0.00730314,0.00218466,0.00363950,0.00557637,0.01063759,0.01447761,0.00159710,0.00281783,0.00636157,0.01521514,0.02711255,0.00000000,0.00072742,0.00161552,0.00332487,0.00511849,0.00000000,0.00145484,0.00339171,0.00845293,0.01229296,0.00000000,0.00122072,0.00476447,0.01361804,0.02551545
2012-11-30,0.00210351,0.00261855,0.00347288,0.00467281,0.00622603,0.00210351,0.00313359,0.00518153,0.00827261,0.01243892,0.00175382,0.00320455,0.00723221,0.01645101,0.02979284,0.00000000,0.00051504,0.00136937,0.00256930,0.00412252,0.00000000,0.00103008,0.00307802,0.00616910,0.01033540,0.00000000,0.00145073,0.00547839,0.01469719,0.02803903
2012-12-31,0.00196205,0.00252392,0.00368387,0.00540399,0.00722327,0.00196205,0.00308580,0.00600376,0.01056435,0.01450040,0.00164815,0.00283534,0.00668787,0.01219039,0.02125986,0.00000000,0.00056187,0.00172182,0.00344194,0.00526122,0.00000000,0.00112375,0.00404171,0.00860230,0.01253835,0.00000000,0.00118719,0.00503972,0.01054224,0.01961171
2013-01-31,0.00142437,0.00268447,0.00422015,0.00649951,0.00882297,0.00142437,0.00394457,0.00729150,0.01333758,0.01811680,0.00152198,0.00302225,0.00376756,0.00681723,0.01012671,0.00000000,0.00126010,0.00279577,0.00507513,0.00739859,0.00000000,0.00252019,0.00586713,0.01191321,0.01669243,0.00000000,0.00150027,0.00224558,0.00529525,0.00860474
2013-02-28,0.00160180,0.00245895,0.00355594,0.00555557,0.00763692,0.00160180,0.00331609,0.00574993,0.01155446,0.01596231,0.00204725,0.00451221,0.00864515,0.01487348,0.02153598,0.00000000,0.00085714,0.00195414,0.00395377,0.00603511,0.00000000,0.00171429,0.00414812,0.00995265,0.01436051,0.00000000,0.00246495,0.00659790,0.01282623,0.01948872
2013-03-31,0.00131047,0.00247050,0.00363883,0.00560567,0.00765756,0.00131047,0.00363053,0.00597547,0.01150620,0.01586513,0.00171166,0.00544406,0.01125119,0.02040431,0.03052023,0.00000000,0.00116003,0.00232835,0.00429520,0.00634709,0.00000000,0.00232006,0.00466500,0.01019572,0.01455466,0.00000000,0.00373239,0.00953953,0.01869265,0.02880857
2013-04-30,0.00106291,0.00219039,0.00322469,0.00479096,0.00676391,0.00106291,0.00331787,0.00529328,0.00948979,0.01465571,0.00182164,0.00435124,0.00772799,0.01481962,0.02216675,0.00000000,0.00112748,0.00216178,0.00372805,0.00570100,0.00000000,0.00225496,0.00423037,0.00842688,0.01359280,0.00000000,0.00252960,0.00590635,0.01299799,0.02034511
2013-05-31,0.00134012,0.00307312,0.00516275,0.00764366,0.01021114,0.00134012,0.00480611,0.00934201,0.01508639,0.02048106,0.00180629,0.00424666,0.00510676,0.00580927,0.00301507,0.00000000,0.00173300,0.00382263,0.00630354,0.00887102,0.00000000,0.00346599,0.00800188,0.01374627,0.01914094,0.00000000,0.00244037,0.00330047,0.00400298,0.00120878
2013-06-30,0.00155270,0.00363760,0.00690642,0.01068084,0.01401738,0.00155270,0.00572250,0.01344406,0.02200412,0.02736353,0.00208346,0.00463640,0.00565207,0.00282853,-0.00595241,0.00000000,0.00208490,0.00535371,0.00912814,0.01246468,0.00000000,0.00416979,0.01189135,0.02045141,0.02581082,0.00000000,0.00255295,0.00356862,0.00074508,-0.00803586
2013-07-31,0.00152907,0.00316961,0.00618796,0.01022532,0.01391596,0.00152907,0.00481014,0.01222468,0.02233740,0.02867849,0.00168413,0.00284265,0.00233757,-0.00123695,-0.01113782,0.00000000,0.00164054,0.00465890,0.00869625,0.01238689,0.00000000,0.00328108,0.01069561,0.02080833,0.02714942,0.00000000,0.00115851,0.00065344,-0.00292108,-0.01282195
2013-08-31,0.00159814,0.00410272,0.00817282,0.01284009,0.01649085,0.00159814,0.00660731,0.01631301,0.02684190,0.03109388,0.00197269,0.00315079,0.00072003,-0.00743662,-0.02144231,0.00000000,0.00250459,0.00657468,0.01124195,0.01489271,0.00000000,0.00500917,0.01471488,0.02524376,0.02949574,0.00000000,0.00117810,-0.00125266,-0.00940932,-0.02341501
2013-09-30,0.00120168,0.00319765,0.00646063,0.01049943,0.01382818,0.00120168,0.00519361,0.01298660,0.02261581,0.02714321,0.00198867,0.00351158,0.00332018,-0.00075267,-0.01056150,0.00000000,0.00199596,0.00525895,0.00929774,0.01262650,0.00000000,0.00399193,0.01178491,0.02141413,0.02594153,0.00000000,0.00152291,0.00133151,-0.00274134,-0.01255017
2013-10-31,0.00129631,0.00304579,0.00609119,0.00995527,0.01328338,0.00129631,0.00479526,0.01218201,0.02154751,0.02659582,0.00218466,0.00452784,0.00530894,0.00376452,-0.00330538,0.00000000,0.00174948,0.00479488,0.00865896,0.01198707,0.00000000,0.00349895,0.01088570,0.02025120,0.02529951,0.00000000,0.00234318,0.00312429,0.00157986,-0.00549003
2013-11-30,0.00165167,0.00288667,0.00580719,0.01002490,0.01365295,0.00165167,0.00412167,0.01164823,0.02267804,0.02816512,0.00210351,0.00358543,0.00464529,0.00126967,-0.00896945,0.00000000,0.00123500,0.00415552,0.00837323,0.01200127,0.00000000,0.00247000,0.00999655,0.02102637,0.02651345,0.00000000,0.00148191,0.00254177,-0.00083384,-0.01107297
2013-12-31,0.00168396,0.00391277,0.00800834,0.01313652,0.01738903,0.00168396,0.00614158,0.01619948,0.02852108,0.03439906,0.00196205,0.00336388,0.00322607,-0.00240907,-0.01642974,0.00000000,0.00222881,0.00632437,0.01145256,0.01570507,0.00000000,0.00445761,0.01451551,0.02683711,0.03271510,0.00000000,0.00140183,0.00126402,-0.00437111,-0.01839179
2014-01-31,0.00095299,0.00331185,0.00714115,0.01133889,0.01496159,0.00095299,0.00567071,0.01479974,0.02393212,0.02945237,0.00142437,0.00441595,0.00603674,0.00457458,-0.00124074,0.00000000,0.00235886,0.00618816,0.01038590,0.01400860,0.00000000,0.00471772,0.01384675,0.02297913,0.02849938,0.00000000,0.00299157,0.00461236,0.00315021,-0.00266511
2014-02-28,0.00118095,0.00319142,0.00710091,0.01140494,0.01513787,0.00118095,0.00520189,0.01491988,0.02431703,0.03006961,0.00160180,0.00373695,0.00428498,0.00091956,-0.00743515,0.00000000,0.00201047,0.00591996,0.01022399,0.01395692,0.00000000,0.00402094,0.01373893,0.02313608,0.02888866,0.00000000,0.00213515,0.00268318,-0.00068224,-0.00903696
2014-03-31,0.00125896,0.00419945,0.00896940,0.01359017,0.01724919,0.00125896,0.00713995,0.01850931,0.02745245,0.03188530,0.00131047,0.00368205,0.00251757,-0.00448554,-0.01607286,0.00000000,0.00294050,0.00771045,0.01233121,0.01599024,0.00000000,0.00588099,0.01725036,0.02619349,0.03062634,0.00000000,0.00237158,0.00120710,-0.00579601,-0.01738333
2014-04-30,0.00101390,0.00411156,0.00869818,0.01324833,0.01677300,0.00101390,0.00720922,0.01787144,0.02689875,0.03087171,0.00106291,0.00336689,0.00145095,-0.00693070,-0.01917374,0.00000000,0.00309766,0.00768429,0.01223443,0.01575911,0.00000000,0.00619533,0.01685754,0.02588486,0.02985781,0.00000000,0.00230398,0.00038803,-0.00799361,-0.02023666
2014-05-31,0.00097932,0.00371000,0.00805525,0.01209584,0.01543179,0.00097932,0.00644069,0.01674576,0.02421760,0.02877562,0.00134012,0.00516691,0.00806823,0.00640886,0.00267233,0.00000000,0.00273068,0.00707593,0.01111652,0.01445247,0.00000000,0.00546136,0.01576643,0.02323828,0.02779629,0.00000000,0.00382679,0.00672811,0.00506874,0.00133221
2014-06-30,0.00117493,0.00457029,0.00891277,0.01308274,0.01636531,0.00117493,0.00796565,0.01759773,0.02559264,0.02949559,0.00155270,0.00610027,0.01157867,0.01598506,0.01775594,0.00000000,0.00339536,0.00773784,0.01190781,0.01519038,0.00000000,0.00679072,0.01642280,0.02441771,0.02832066,0.00000000,0.00454756,0.01002597,0.01443235,0.01620324
2014-07-31,0.00143667,0.00529243,0.01033455,0.01492802,0.01760720,0.00143667,0.00914819,0.02041880,0.02870841,0.02832396,0.00152907,0.00490254,0.00797904,0.00989763,0.00986771,0.00000000,0.00385576,0.00889788,0.01349135,0.01617053,0.00000000,0.00771152,0.01898213,0.02727174,0.02688729,0.00000000,0.00337348,0.00644997,0.00836857,0.00833865
2014-08-31,0.00114551,0.00511600,0.00972375,0.01386689,0.01637601,0.00114551,0.00908649,0.01893926,0.02629631,0.02641249,0.00159814,0.00705994,0.01428646,0.02218910,0.02698667,0.00000000,0.00397049,0.00857824,0.01272138,0.01523050,0.00000000,0.00794098,0.01779375,0.02515080,0.02526698,0.00000000,0.00546180,0.01268832,0.02059097,0.02538853
2014-09-30,0.00134162,0.00587090,0.01090294,0.01510901,0.01765605,0.00134162,0.01040018,0.02096701,0.02772724,0.02784423,0.00120168,0.00505368,0.00764009,0.00928889,0.00870486,0.00000000,0.00452928,0.00956132,0.01376740,0.01631444,0.00000000,0.00905857,0.01962539,0.02638562,0.02650261,0.00000000,0.00385199,0.00643841,0.00808721,0.00750318
2014-10-31,0.00131710,0.00508497,0.00965145,0.01366323,0.01616817,0.00131710,0.00885284,0.01878440,0.02569858,0.02618792,0.00129631,0.00477447,0.00810365,0.01086676,0.01176400,0.00000000,0.00376787,0.00833434,0.01234613,0.01485107,0.00000000,0.00753573,0.01746730,0.02438148,0.02487082,0.00000000,0.00347816,0.00680733,0.00957045,0.01046769
2014-11-30,0.00170607,0.00478228,0.00893648,0.01250592,0.01483322,0.00170607,0.00785848,0.01724488,0.02321425,0.02414243,0.00165167,0.00406728,0.00785702,0.01329018,0.01824106,0.00000000,0.00307621,0.00723041,0.01079985,0.01312715,0.00000000,0.00615241,0.01553881,0.02150818,0.02243636,0.00000000,0.00241560,0.00620535,0.01163851,0.01658939
2014-12-31,0.00260020,0.00681753,0.01103194,0.01463566,0.01641678,0.00260020,0.01103485,0.01946077,0.02544680,0.02354129,0.00168396,0.00522534,0.01038996,0.01945027,0.02840253,0.00000000,0.00421733,0.00843174,0.01203546,0.01381659,0.00000000,0.00843466,0.01686057,0.02284661,0.02094109,0.00000000,0.00354138,0.00870600,0.01776631,0.02671856
2015-01-31,0.00161679,0.00456025,0.00769126,0.01015000,0.01158834,0.00161679,0.00750370,0.01395330,0.01752619,0.01734170,0.00095299,0.00500691,0.01230295,0.02228177,0.03420796,0.00000000,0.00294345,0.00607447,0.00853320,0.00997154,0.00000000,0.00588691,0.01233651,0.01590939,0.01572491,0.00000000,0.00405392,0.01134996,0.02132878,0.03325496
2015-02-28,0.00233712,0.00631999,0.01029807,0.01329495,0.01498394,0.00233712,0.01030287,0.01825423,0.02228558,0.02173989,0.00118095,0.00404572,0.00866273,0.01472553,0.02250956,0.00000000,0.00398287,0.00796095,0.01095783,0.01264682,0.00000000,0.00796575,0.01591711,0.01994846,0.01940277,0.00000000,0.00286477,0.00748178,0.01354458,0.02132861
2015-03-31,0.00258543,0.00564746,0.00897456,0.01181285,0.01366534,0.00258543,0.00870949,0.01562875,0.02032772,0.02107532,0.00125896,0.00581347,0.01561330,0.02743699,0.03899457,0.00000000,0.00306203,0.00638913,0.00922742,0.01107991,0.00000000,0.00612406,0.01304333,0.01774229,0.01848989,0.00000000,0.00455452,0.01435434,0.02617804,0.03773561
2015-04-30,0.00228044,0.00583999,0.00917689,0.01218472,0.01428641,0.00228044,0.00939954,0.01585071,0.02120820,0.02269318,0.00101390,0.00594268,0.01441458,0.02546262,0.03512613,0.00000000,0.00355955,0.00689645,0.00990428,0.01200597,0.00000000,0.00711910,0.01357027,0.01892776,0.02041274,0.00000000,0.00492878,0.01340068,0.02444873,0.03411223
2015-05-31,0.00265863,0.00609849,0.00949473,0.01265254,0.01493049,0.00265863,0.00953836,0.01628719,0.02212596,0.02404233,0.00097932,0.00476137,0.01196877,0.01989918,0.02654883,0.00000000,0.00343986,0.00683610,0.00999390,0.01227186,0.00000000,0.00687973,0.01362856,0.01946733,0.02138370,0.00000000,0.00378205,0.01098945,0.01891986,0.02556951
2015-06-30,0.00343037,0.00644451,0.01022752,0.01379606,0.01651188,0.00343037,0.00945866,0.01779352,0.02450169,0.02737514,0.00117493,0.00571022,0.01384929,0.02164841,0.02664230,0.00000000,0.00301415,0.00679715,0.01036569,0.01308151,0.00000000,0.00602829,0.01436315,0.02107133,0.02394477,0.00000000,0.00453529,0.01267435,0.02047348,0.02546737
2015-07-31,0.00363803,0.00669658,0.00988695,0.01314082,0.01540609,0.00363803,0.00975512,0.01626770,0.02290242,0.02446718,0.00143667,0.00694682,0.01761050,0.03005121,0.03547275,0.00000000,0.00305855,0.00624892,0.00950279,0.01176806,0.00000000,0.00611709,0.01262967,0.01926439,0.02082915,0.00000000,0.00551016,0.01617383,0.02861454,0.03403608
2015-08-31,0.00441186,0.00757185,0.01088432,0.01383352,0.01567447,0.00441186,0.01073183,0.01750926,0.02268112,0.02303829,0.00114551,0.00582014,0.01402756,0.02281461,0.02654599,0.00000000,0.00315999,0.00647246,0.00942166,0.01126261,0.00000000,0.00631997,0.01309740,0.01826926,0.01862642,0.00000000,0.00467463,0.01288205,0.02166910,0.02540048
2015-09-30,0.00388948,0.00632232,0.00909032,0.01185538,0.01369255,0.00388948,0.00875515,0.01462632,0.02015057,0.02104124,0.00134162,0.00785232,0.02006417,0.03316509,0.04085875,0.00000000,0.00243284,0.00520084,0.00796590,0.00980307,0.00000000,0.00486567,0.01073684,0.01626108,0.01715175,0.00000000,0.00651070,0.01872256,0.03182347,0.03951713
2015-10-31,0.00470904,0.00750507,0.01028391,0.01343185,0.01531274,0.00470904,0.01030110,0.01584160,0.02287565,0.02283632,0.00131710,0.00546089,0.01394419,0.02380117,0.02711344,0.00000000,0.00279603,0.00557487,0.00872280,0.01060370,0.00000000,0.00559205,0.01113256,0.01816661,0.01812727,0.00000000,0.00414379,0.01262709,0.02248407,0.02579634
2015-11-30,0.00715668,0.00940513,0.01217746,0.01482837,0.01662864,0.00715668,0.01165358,0.01772211,0.02278112,0.02382970,0.00170607,0.00240787,0.00799917,0.01349130,0.01485261,0.00000000,0.00224845,0.00502077,0.00767169,0.00947195,0.00000000,0.00449689,0.01056543,0.01562443,0.01667301,0.00000000,0.00070180,0.00629310,0.01178523,0.01314654
2015-12-31,0.00706523,0.01057560,0.01317908,0.01591654,0.01761203,0.00706523,0.01408598,0.01838604,0.02412893,0.02439396,0.00260020,0.00656983,0.01194462,0.01900538,0.01841774,0.00000000,0.00351038,0.00611386,0.00885132,0.01054680,0.00000000,0.00702076,0.01132081,0.01706370,0.01732873,0.00000000,0.00396963,0.00934442,0.01640518,0.01581754
2016-01-31,0.00527094,0.00795547,0.00986047,0.01198891,0.01342046,0.00527094,0.01064000,0.01367049,0.01837421,0.01914665,0.00161679,0.00384955,0.00716286,0.01101856,0.00998605,0.00000000,0.00268453,0.00458953,0.00671797,0.00814952,0.00000000,0.00536906,0.00839955,0.01310327,0.01387571,0.00000000,0.00223276,0.00554606,0.00940176,0.00836925
2016-02-29,0.00630997,0.00780414,0.00903737,0.01127769,0.01242462,0.00630997,0.00929832,0.01150382,0.01799867,0.01701232,0.00233712,0.00633002,0.01528593,0.02606769,0.02980890,0.00000000,0.00149418,0.00272740,0.00496773,0.00611465,0.00000000,0.00298836,0.00519385,0.01168871,0.01070235,0.00000000,0.00399290,0.01294881,0.02373057,0.02747178
2016-03-31,0.00583527,0.00732705,0.00863008,0.01066541,0.01213624,0.00583527,0.00881883,0.01123613,0.01677142,0.01801957,0.00258543,0.00545965,0.01226957,0.02136116,0.02566506,0.00000000,0.00149178,0.00279481,0.00483014,0.00630098,0.00000000,0.00298356,0.00540087,0.01093615,0.01218430,0.00000000,0.00287422,0.00968415,0.01877573,0.02307963
2016-04-30,0.00553385,0.00779348,0.00935313,0.01155618,0.01307368,0.00553385,0.01005311,0.01247243,0.01816531,0.01914370,0.00228044,0.00614612,0.01194372,0.02067949,0.02520735,0.00000000,0.00225963,0.00381928,0.00602232,0.00753983,0.00000000,0.00451926,0.00693858,0.01263146,0.01360985,0.00000000,0.00386568,0.00966328,0.01839905,0.02292692
2016-05-31,0.00689608,0.00876862,0.01025360,0.01252730,0.01384684,0.00689608,0.01064116,0.01322357,0.01934839,0.01912499,0.00265863,0.00530091,0.01094694,0.01984933,0.02454327,0.00000000,0.00187254,0.00335752,0.00563122,0.00695076,0.00000000,0.00374508,0.00632749,0.01245231,0.01222891,0.00000000,0.00264228,0.00828831,0.01719070,0.02188464
2016-06-30,0.00508557,0.00588126,0.00695275,0.00886775,0.01006719,0.00508557,0.00667694,0.00909575,0.01461273,0.01486494,0.00343037,0.00780346,0.01892004,0.03432598,0.04708838,0.00000000,0.00079568,0.00186718,0.00378218,0.00498162,0.00000000,0.00159137,0.00401018,0.00952716,0.00977937,0.00000000,0.00437309,0.01548967,0.03089561,0.04365801
2016-07-31,0.00597426,0.00650137,0.00756260,0.00927817,0.01034641,0.00597426,0.00702847,0.00968507,0.01442489,0.01461936,0.00363803,0.00741889,0.01665811,0.02987546,0.03991775,0.00000000,0.00052710,0.00158834,0.00330391,0.00437215,0.00000000,0.00105421,0.00371080,0.00845063,0.00864510,0.00000000,0.00378086,0.01302008,0.02623743,0.03627972
2016-08-31,0.00674043,0.00816255,0.00935571,0.01122331,0.01214104,0.00674043,0.00958467,0.01174204,0.01682608,0.01581195,0.00441186,0.00840327,0.01632786,0.02726694,0.03347914,0.00000000,0.00142212,0.00261528,0.00448288,0.00540061,0.00000000,0.00284424,0.00500161,0.01008565,0.00907152,0.00000000,0.00399140,0.01191599,0.02285507,0.02906728
2016-09-30,0.00661607,0.00779905,0.00892656,0.01062777,0.01168372,0.00661607,0.00898203,0.01118158,0.01573139,0.01590754,0.00388948,0.00602857,0.01167286,0.02064185,0.02595170,0.00000000,0.00118298,0.00231049,0.00401170,0.00506765,0.00000000,0.00236596,0.00456551,0.00911532,0.00929147,0.00000000,0.00213909,0.00778338,0.01675237,0.02206221
2016-10-31,0.00694986,0.00856288,0.00995598,0.01198607,0.01326453,0.00694986,0.01017591,0.01274218,0.01807633,0.01837836,0.00470904,0.00806029,0.01372598,0.02385946,0.02861944,0.00000000,0.00161302,0.00300612,0.00503621,0.00631467,0.00000000,0.00322605,0.00579232,0.01112647,0.01142850,0.00000000,0.00335124,0.00901694,0.01915041,0.02391040
2016-11-30,0.00885781,0.01109178,0.01391877,0.01707126,0.01861629,0.00885781,0.01332576,0.01957275,0.02652874,0.02479641,0.00715668,0.00995245,0.01434881,0.01755717,0.01485813,0.00000000,0.00223397,0.00506096,0.00821345,0.00975848,0.00000000,0.00446795,0.01071494,0.01767093,0.01593860,0.00000000,0.00279577,0.00719212,0.01040049,0.00770145
2016-12-31,0.00855150,0.01188468,0.01441058,0.01743863,0.01929885,0.00855150,0.01521785,0.01946238,0.02652280,0.02673973,0.00706523,0.01259971,0.01576790,0.02043445,0.01830560,0.00000000,0.00333318,0.00585908,0.00888713,0.01074735,0.00000000,0.00666635,0.01091088,0.01797130,0.01818823,0.00000000,0.00553448,0.00870267,0.01336922,0.01124038
2017-01-31,0.00823985,0.01208389,0.01472876,0.01740763,0.01911895,0.00823985,0.01592793,0.02001849,0.02544426,0.02596421,0.00527094,0.00767108,0.00541364,0.00376936,-0.00252824,0.00000000,0.00384404,0.00648890,0.00916778,0.01087910,0.00000000,0.00768808,0.01177864,0.01720441,0.01772435,0.00000000,0.00240014,0.00014270,-0.00150158,-0.00779918
2017-02-28,0.00895044,0.01251537,0.01521907,0.01778606,0.01934392,0.00895044,0.01608031,0.02062646,0.02548703,0.02557535,0.00630997,0.00665785,0.00208136,-0.00054643,-0.00902114,0.00000000,0.00356493,0.00626863,0.00883562,0.01039348,0.00000000,0.00712987,0.01167602,0.01653659,0.01662491,0.00000000,0.00034788,-0.00422860,-0.00685639,-0.01533111
2017-03-31,0.01011343,0.01248629,0.01499439,0.01763531,0.01917731,0.01011343,0.01485915,0.02001060,0.02555808,0.02534529,0.00583527,0.00454067,0.00091765,-0.00232153,-0.00986004,0.00000000,0.00237286,0.00488096,0.00752188,0.00906388,0.00000000,0.00474571,0.00989717,0.01544465,0.01523186,0.00000000,-0.00129460,-0.00491761,-0.00815680,-0.01569531
2017-04-30,0.01081344,0.01253997,0.01441683,0.01675766,0.01810282,0.01081344,0.01426649,0.01817055,0.02378013,0.02348347,0.00553385,0.00477352,0.00297946,0.00297422,-0.00166221,0.00000000,0.00172653,0.00360339,0.00594421,0.00728938,0.00000000,0.00345305,0.00735711,0.01296669,0.01267002,0.00000000,-0.00076033,-0.00255439,-0.00255963,-0.00719606
2017-05-31,0.01188345,0.01268417,0.01435605,0.01622574,0.01747202,0.01188345,0.01348488,0.01769982,0.02183480,0.02245715,0.00689608,0.00565378,0.00539247,0.00704104,0.00433123,0.00000000,0.00080071,0.00247260,0.00434229,0.00558857,0.00000000,0.00160143,0.00581637,0.00995134,0.01057369,0.00000000,-0.00124230,-0.00150361,0.00014496,-0.00256485
2017-06-30,0.01256231,0.01364893,0.01543413,0.01736629,0.01879282,0.01256231,0.01473554,0.01900453,0.02316276,0.02449895,0.00508557,-0.00079980,-0.00643959,-0.01083138,-0.01912920,0.00000000,0.00108661,0.00287181,0.00480397,0.00623051,0.00000000,0.00217322,0.00644221,0.01060045,0.01193664,0.00000000,-0.00588537,-0.01152516,-0.01591695,-0.02421477
2017-07-31,0.01238201,0.01335996,0.01501346,0.01694262,0.01826456,0.01238201,0.01433791,0.01832047,0.02273008,0.02355231,0.00597426,0.00062073,-0.00403212,-0.00792770,-0.01603842,0.00000000,0.00097795,0.00263145,0.00456061,0.00588255,0.00000000,0.00195590,0.00593846,0.01034807,0.01117030,0.00000000,-0.00535354,-0.01000638,-0.01390196,-0.02201268
2017-08-31,0.01234232,0.01313158,0.01422520,0.01586201,0.01698866,0.01234232,0.01392084,0.01641245,0.02077243,0.02149524,0.00674043,0.00398278,0.00180398,0.00221761,-0.00274287,0.00000000,0.00078926,0.00188288,0.00351969,0.00464634,0.00000000,0.00157852,0.00407013,0.00843011,0.00915292,0.00000000,-0.00275765,-0.00493645,-0.00452282,-0.00948330
2017-09-30,0.01337383,0.01469169,0.01622924,0.01799460,0.01926422,0.01337383,0.01600955,0.01930435,0.02329069,0.02434268,0.00661607,0.00222427,-0.00260370,-0.00617667,-0.01355981,0.00000000,0.00131786,0.00285542,0.00462078,0.00589039,0.00000000,0.00263572,0.00593053,0.00991686,0.01096885,0.00000000,-0.00439180,-0.00921977,-0.01279273,-0.02017588
2017-10-31,0.01468730,0.01585437,0.01725479,0.01874913,0.02003734,0.01468730,0.01702145,0.02005563,0.02323214,0.02519017,0.00694986,0.00243846,-0.00184081,-0.00382011,-0.00867388,0.00000000,0.00116707,0.00256749,0.00406183,0.00535004,0.00000000,0.00233415,0.00536833,0.00854484,0.01050287,0.00000000,-0.00451139,-0.00879067,-0.01076996,-0.01562374
2017-11-30,0.01622773,0.01758992,0.01882944,0.02016013,0.02115282,0.01622773,0.01895210,0.02130849,0.02415218,0.02512357,0.00885781,0.00595583,0.00657648,0.01179673,0.01244096,0.00000000,0.00136218,0.00260171,0.00393239,0.00492508,0.00000000,0.00272437,0.00508076,0.00792444,0.00889584,0.00000000,-0.00290198,-0.00228133,0.00293892,0.00358315
2017-12-31,0.01748390,0.01855415,0.01953108,0.02088995,0.02178081,0.01748390,0.01962439,0.02148496,0.02496654,0.02534427,0.00855150,0.00628545,0.00612344,0.01116128,0.01293447,0.00000000,0.00107025,0.00204719,0.00340605,0.00429692,0.00000000,0.00214050,0.00400106,0.00748264,0.00786037,0.00000000,-0.00226604,-0.00242806,0.00260978,0.00438297
2018-01-31,0.01858059,0.02108097,0.02267924,0.02395417,0.02482274,0.01858059,0.02358136,0.02587576,0.02777896,0.02829704,0.00823985,0.00558719,0.00202432,0.00159282,-0.00022193,0.00000000,0.00250039,0.00409865,0.00537358,0.00624215,0.00000000,0.00500077,0.00729517,0.00919837,0.00971645,0.00000000,-0.00265266,-0.00621553,-0.00664703,-0.00846178
2018-02-28,0.02025383,0.02225570,0.02381111,0.02525386,0.02604616,0.02025383,0.02425758,0.02692193,0.02958210,0.02921536,0.00895044,0.00477692,0.00114580,-0.00028910,-0.00429585,0.00000000,0.00200188,0.00355728,0.00500003,0.00579233,0.00000000,0.00400375,0.00666810,0.00932828,0.00896154,0.00000000,-0.00417352,-0.00780464,-0.00923953,-0.01324629
2018-03-31,0.02062978,0.02240362,0.02349849,0.02450711,0.02521022,0.02062978,0.02417746,0.02568824,0.02753297,0.02802263,0.01011343,0.00434279,0.00017594,0.00004578,-0.00214189,0.00000000,0.00177384,0.00286871,0.00387733,0.00458043,0.00000000,0.00354767,0.00505845,0.00690318,0.00739285,0.00000000,-0.00577064,-0.00993749,-0.01006765,-0.01225532
2018-04-30,0.02219288,0.02449189,0.02598761,0.02692124,0.02752753,0.02219288,0.02679091,0.02897903,0.02972213,0.02995273,0.01081344,0.00288706,-0.00573330,-0.01093220,-0.01717086,0.00000000,0.00229902,0.00379473,0.00472836,0.00533466,0.00000000,0.00459803,0.00678616,0.00752925,0.00775985,0.00000000,-0.00792638,-0.01654674,-0.02174564,-0.02798430
2018-05-31,0.02234324,0.02387306,0.02519242,0.02607352,0.02653651,0.02234324,0.02540287,0.02783114,0.02871682,0.02838850,0.01188345,0.00302510,-0.00467795,-0.01067430,-0.01693397,0.00000000,0.00152982,0.00284918,0.00373028,0.00419328,0.00000000,0.00305963,0.00548790,0.00637358,0.00604526,0.00000000,-0.00885836,-0.01656141,-0.02255775,-0.02881743
2018-06-30,0.02302019,0.02485491,0.02579604,0.02655758,0.02691533,0.02302019,0.02668962,0.02767830,0.02884219,0.02834636,0.01256231,0.00427766,-0.00340744,-0.00792297,-0.01226621,0.00000000,0.00183471,0.00277584,0.00353738,0.00389514,0.00000000,0.00366943,0.00465810,0.00582200,0.00532617,0.00000000,-0.00828466,-0.01596975,-0.02048528,-0.02482852
2018-07-31,0.02408565,0.02625792,0.02715068,0.02759792,0.02795172,0.02408565,0.02843019,0.02893620,0.02893965,0.02936692,0.01238201,0.00263428,-0.00747544,-0.01368156,-0.01906889,0.00000000,0.00217227,0.00306503,0.00351227,0.00386607,0.00000000,0.00434454,0.00485055,0.00485400,0.00528127,0.00000000,-0.00974774,-0.01985745,-0.02606357,-0.03145090
2018-08-31,0.02427876,0.02570316,0.02640065,0.02681057,0.02690677,0.02427876,0.02712755,0.02779562,0.02804032,0.02729160,0.01234232,0.00198440,-0.00873070,-0.01575390,-0.02229897,0.00000000,0.00142439,0.00212188,0.00253180,0.00262801,0.00000000,0.00284879,0.00351686,0.00376156,0.00301284,0.00000000,-0.01035792,-0.02107302,-0.02809622,-0.03464130
2018-09-30,0.02582347,0.02759038,0.02823674,0.02870910,0.02891107,0.02582347,0.02935730,0.02952946,0.03012615,0.02971898,0.01337383,0.00355991,-0.00649303,-0.01273181,-0.01851529,0.00000000,0.00176691,0.00241328,0.00288563,0.00308761,0.00000000,0.00353383,0.00370600,0.00430269,0.00389551,0.00000000,-0.00981392,-0.01986686,-0.02610564,-0.03188911
2018-10-31,0.02651445,0.02808932,0.02868841,0.02899334,0.02917770,0.02651445,0.02966419,0.02988658,0.02990813,0.02991513,0.01468730,0.00519430,-0.00441426,-0.01106871,-0.01578667,0.00000000,0.00157487,0.00217396,0.00247889,0.00266325,0.00000000,0.00314974,0.00337213,0.00339368,0.00340068,0.00000000,-0.00949300,-0.01910156,-0.02575601,-0.03047397
2018-11-30,0.02644958,0.02726696,0.02734781,0.02760428,0.02767243,0.02644958,0.02808434,0.02750951,0.02837370,0.02794504,0.01622773,0.00873026,0.00195441,-0.00140292,-0.00465305,0.00000000,0.00081738,0.00089823,0.00115470,0.00122285,0.00000000,0.00163476,0.00105992,0.00192412,0.00149546,0.00000000,-0.00749748,-0.01427333,-0.01763066,-0.02088078
2018-12-31,0.02569331,0.02428560,0.02411601,0.02443311,0.02469036,0.02569331,0.02287788,0.02377685,0.02538441,0.02571933,0.01748390,0.01141498,0.01002206,0.01121175,0.01117161,0.00000000,-0.00140772,-0.00157730,-0.00126020,-0.00100296,0.00000000,-0.00281543,-0.00191646,-0.00030890,0.00002602,0.00000000,-0.00606892,-0.00746184,-0.00627215,-0.00631229
2019-01-31,0.02500494,0.02414051,0.02386589,0.02392923,0.02396299,0.02500494,0.02327607,0.02331666,0.02411926,0.02409801,0.01858059,0.01715701,0.01975670,0.02421899,0.02839677,0.00000000,-0.00086444,-0.00113905,-0.00107571,-0.00104195,0.00000000,-0.00172887,-0.00168828,-0.00088568,-0.00090693,0.00000000,-0.00142358,0.00117611,0.00563841,0.00981618
2019-02-28,0.02494276,0.02470455,0.02451802,0.02464578,0.02475363,0.02494276,0.02446634,0.02414495,0.02502908,0.02518502,0.02025383,0.01956865,0.02202423,0.02746138,0.03164766,0.00000000,-0.00023821,-0.00042474,-0.00029698,-0.00018913,0.00000000,-0.00047642,-0.00079781,0.00008632,0.00024226,0.00000000,-0.00068518,0.00177040,0.00720756,0.01139384
2019-03-31,0.02339979,0.02213898,0.02168494,0.02187483,0.02193189,0.02339979,0.02087817,0.02077685,0.02244452,0.02216012,0.02062978,0.02140745,0.02621752,0.03297364,0.03855176,0.00000000,-0.00126081,-0.00171485,-0.00152496,-0.00146790,0.00000000,-0.00252161,-0.00262294,-0.00095527,-0.00123967,0.00000000,0.00077767,0.00558773,0.01234386,0.01792197
2019-04-30,0.02329630,0.02227428,0.02203825,0.02222711,0.02245224,0.02329630,0.02125227,0.02156618,0.02279369,0.02335275,0.02219288,0.02568749,0.03341425,0.04157019,0.04872923,0.00000000,-0.00102202,-0.00125805,-0.00106919,-0.00084406,0.00000000,-0.00204403,-0.00173012,-0.00050261,0.00005645,0.00000000,0.00349461,0.01122138,0.01937732,0.02653635
2019-05-31,0.02180904,0.01906764,0.01857170,0.01873328,0.01882644,0.02180904,0.01632624,0.01757982,0.01921800,0.01919907,0.02234324,0.02593707,0.03744197,0.04857897,0.05774946,0.00000000,-0.00274140,-0.00323734,-0.00307576,-0.00298260,0.00000000,-0.00548280,-0.00422922,-0.00259104,-0.00260997,0.00000000,0.00359383,0.01509873,0.02623573,0.03540623
2019-06-30,0.01923936,0.01731080,0.01694943,0.01717866,0.01747566,0.01923936,0.01538224,0.01622669,0.01786636,0.01866365,0.02302019,0.03047045,0.04276650,0.05538201,0.06586201,0.00000000,-0.00192856,-0.00228993,-0.00206070,-0.00176370,0.00000000,-0.00385712,-0.00301268,-0.00137300,-0.00057572,0.00000000,0.00745026,0.01974631,0.03236182,0.04284182
2019-07-31,0.02018828,0.01850396,0.01801321,0.01808658,0.01807685,0.02018828,0.01681965,0.01703172,0.01830668,0.01803794,0.02408565,0.03232756,0.04444411,0.05635204,0.06741228,0.00000000,-0.00168431,-0.00217506,-0.00210170,-0.00211142,0.00000000,-0.00336863,-0.00315656,-0.00188160,-0.00215033,0.00000000,0.00824191,0.02035846,0.03226639,0.04332663
2019-08-31,0.01772919,0.01494311,0.01412808,0.01395558,0.01381329,0.01772919,0.01215703,0.01249803,0.01343809,0.01324410,0.02427876,0.03367713,0.04931573,0.06485802,0.07871153,0.00000000,-0.00278608,-0.00360110,-0.00377360,-0.00391590,0.00000000,-0.00557216,-0.00523116,-0.00429110,-0.00448508,0.00000000,0.00939837,0.02503696,0.04057925,0.05443277
2019-09-30,0.01769931,0.01613531,0.01542996,0.01539356,0.01533562,0.01769931,0.01457131,0.01401927,0.01528436,0.01510383,0.02582347,0.03748145,0.05243961,0.06854650,0.08298112,0.00000000,-0.00156400,-0.00226935,-0.00230575,-0.00236369,0.00000000,-0.00312800,-0.00368004,-0.00241494,-0.00259548,0.00000000,0.01165799,0.02661614,0.04272303,0.05715765
2019-10-31,0.01498583,0.01527074,0.01497326,0.01504916,0.01511416,0.01498583,0.01555564,0.01437830,0.01527688,0.01537417,0.02651445,0.04119281,0.05552375,0.07105358,0.08569183,0.00000000,0.00028491,-0.00001257,0.00006333,0.00012833,0.00000000,0.00056981,-0.00060753,0.00029104,0.00038834,0.00000000,0.01467836,0.02900930,0.04453913,0.05917738
2019-11-30,0.01569385,0.01609439,0.01596369,0.01606206,0.01619439,0.01569385,0.01649492,0.01570230,0.01635717,0.01672372,0.02644958,0.03884007,0.04985466,0.06252606,0.07411393,0.00000000,0.00040054,0.00026984,0.00036821,0.00050054,0.00000000,0.00080107,0.00000845,0.00066332,0.00102988,0.00000000,0.01239049,0.02340508,0.03607647,0.04766434
2019-12-31,0.01556416,0.01563272,0.01593177,0.01648722,0.01675383,0.01556416,0.01570128,0.01652988,0.01815354,0.01782030,0.02569331,0.03300703,0.04108260,0.04993713,0.05750291,0.00000000,0.00006856,0.00036761,0.00092306,0.00118967,0.00000000,0.00013712,0.00096572,0.00258938,0.00225614,0.00000000,0.00731372,0.01538929,0.02424382,0.03180960
2020-01-31,0.01427938,0.01308418,0.01281422,0.01286603,0.01301871,0.01427938,0.01188898,0.01227428,0.01302149,0.01362944,0.02500494,0.03400163,0.04542930,0.05727428,0.06835081,0.00000000,-0.00119520,-0.00146517,-0.00141335,-0.00126067,0.00000000,-0.00239040,-0.00200510,-0.00125790,-0.00064995,0.00000000,0.00899669,0.02042436,0.03226934,0.04334587
2020-02-29,0.01006179,0.00916903,0.00902498,0.00926256,0.00937506,0.01006179,0.00827626,0.00873689,0.00997530,0.00982504,0.02494276,0.03934731,0.05521600,0.07150820,0.08671792,0.00000000,-0.00089277,-0.00103681,-0.00079923,-0.00068674,0.00000000,-0.00178553,-0.00132490,-0.00008649,-0.00023675,0.00000000,0.01440455,0.03027324,0.04656543,0.06177515
2020-03-31,0.00159323,0.00251331,0.00302044,0.00345437,0.00394656,0.00159323,0.00343340,0.00403468,0.00475619,0.00591529,0.02339979,0.04268473,0.06002818,0.07843802,0.09584195,0.00000000,0.00092009,0.00142721,0.00186115,0.00235333,0.00000000,0.00184017,0.00244146,0.00316296,0.00432207,0.00000000,0.01928495,0.03662840,0.05503823,0.07244216
2020-04-30,0.00156297,0.00206727,0.00255230,0.00320130,0.00372224,0.00156297,0.00257158,0.00352235,0.00514832,0.00580601,0.02329630,0.04298560,0.06198020,0.08125155,0.09945598,0.00000000,0.00050430,0.00098933,0.00163833,0.00215927,0.00000000,0.00100860,0.00195938,0.00358534,0.00424303,0.00000000,0.01968930,0.03868390,0.05795525,0.07615968
2020-05-31,0.00187361,0.00171400,0.00211574,0.00257314,0.00319200,0.00187361,0.00155439,0.00291923,0.00394532,0.00566748,0.02180904,0.03626167,0.05228710,0.06858588,0.08383964,0.00000000,-0.00015961,0.00024213,0.00069953,0.00131839,0.00000000,-0.00031922,0.00104562,0.00207171,0.00379387,0.00000000,0.01445263,0.03047806,0.04677684,0.06203060
2020-06-30,0.00173717,0.00156937,0.00175479,0.00210506,0.00294406,0.00173717,0.00140158,0.00212561,0.00315586,0.00630008,0.01923936,0.03288444,0.04770955,0.06345030,0.07895808,0.00000000,-0.00016780,0.00001762,0.00036789,0.00120689,0.00000000,-0.00033559,0.00038844,0.00141869,0.00456291,0.00000000,0.01364507,0.02847018,0.04421093,0.05971871
2020-07-31,0.00125397,0.00110782,0.00122160,0.00174873,0.00217899,0.00125397,0.00096167,0.00144915,0.00333013,0.00390000,0.02018828,0.03575396,0.05182400,0.06868152,0.08338933,0.00000000,-0.00014615,-0.00003237,0.00049476,0.00092502,0.00000000,-0.00029230,0.00019518,0.00207616,0.00264603,0.00000000,0.01556568,0.03163572,0.04849325,0.06320106
2020-08-31,0.00137830,0.00134092,0.00153963,0.00213961,0.00275684,0.00137830,0.00130354,0.00193704,0.00393956,0.00522574,0.01772919,0.02850791,0.03970240,0.05120345,0.06050800,0.00000000,-0.00003738,0.00016133,0.00076131,0.00137853,0.00000000,-0.00007476,0.00055874,0.00256125,0.00384744,0.00000000,0.01077873,0.02197322,0.03347427,0.04277881
2020-09-30,0.00126174,0.00126340,0.00163833,0.00210595,0.00283149,0.00126174,0.00126506,0.00238818,0.00350881,0.00573365,0.01769931,0.03100887,0.04376308,0.05665926,0.06825429,0.00000000,0.00000166,0.00037659,0.00084421,0.00156975,0.00000000,0.00000332,0.00112644,0.00224707,0.00447191,0.00000000,0.01330957,0.02606377,0.03895995,0.05055498
2020-10-31,0.00131278,0.00157496,0.00200047,0.00297966,0.00397834,0.00131278,0.00183713,0.00285150,0.00591722,0.00797306,0.01498583,0.02922869,0.04176987,0.05419524,0.06365218,0.00000000,0.00026217,0.00068769,0.00166688,0.00266556,0.00000000,0.00052434,0.00153872,0.00460444,0.00666027,0.00000000,0.01424286,0.02678403,0.03920941,0.04866635
2020-11-30,0.00116093,0.00147761,0.00184879,0.00280957,0.00372663,0.00116093,0.00179429,0.00259117,0.00569190,0.00739485,0.01569385,0.03102784,0.04493586,0.05870186,0.06973368,0.00000000,0.00031668,0.00068787,0.00164864,0.00256570,0.00000000,0.00063336,0.00143024,0.00453097,0.00623393,0.00000000,0.01533400,0.02924201,0.04300801,0.05403983
2020-12-31,0.00104136,0.00124252,0.00157247,0.00264499,0.00371825,0.00104136,0.00144368,0.00223238,0.00586256,0.00801126,0.01556416,0.03022408,0.04531027,0.06123144,0.07318918,0.00000000,0.00020116,0.00053111,0.00160363,0.00267688,0.00000000,0.00040232,0.00119101,0.00482119,0.00696989,0.00000000,0.01465991,0.02974611,0.04566728,0.05762502
2021-01-31,0.00088012,0.00116850,0.00178371,0.00294871,0.00429182,0.00088012,0.00145688,0.00301414,0.00644372,0.00966426,0.01427938,0.02528824,0.03610565,0.04611300,0.05329871,0.00000000,0.00028838,0.00090359,0.00206859,0.00341170,0.00000000,0.00057675,0.00213401,0.00556360,0.00878414,0.00000000,0.01100886,0.02182626,0.03183361,0.03901933
2021-02-28,0.00079612,0.00147178,0.00297540,0.00517928,0.00734931,0.00079612,0.00214744,0.00598264,0.01179093,0.01602940,0.01006179,0.01754193,0.02413138,0.02812404,0.02615815,0.00000000,0.00067566,0.00217928,0.00438316,0.00655318,0.00000000,0.00135131,0.00518652,0.01099481,0.01523328,0.00000000,0.00748014,0.01406959,0.01806225,0.01609636
2021-03-31,0.00078780,0.00161519,0.00361475,0.00665395,0.00945142,0.00078780,0.00244258,0.00761385,0.01577157,0.02064128,0.00159323,0.00423882,0.00583092,0.00297325,-0.00688302,0.00000000,0.00082739,0.00282694,0.00586615,0.00866361,0.00000000,0.00165478,0.00682605,0.01498376,0.01985348,0.00000000,0.00264559,0.00423769,0.00138003,-0.00847625
2021-04-30,0.00072318,0.00165367,0.00341254,0.00604582,0.00856225,0.00072318,0.00258416,0.00693028,0.01394564,0.01862796,0.00156297,0.00341136,0.00434955,0.00256759,-0.00557204,0.00000000,0.00093049,0.00268936,0.00532263,0.00783906,0.00000000,0.00186098,0.00620709,0.01322246,0.01790478,0.00000000,0.00184839,0.00278658,0.00100462,-0.00713501
2021-05-31,0.00065245,0.00146771,0.00313833,0.00566538,0.00820929,0.00065245,0.00228297,0.00647957,0.01324654,0.01838494,0.00187361,0.00277556,0.00341181,0.00087756,-0.00670150,0.00000000,0.00081526,0.00248588,0.00501294,0.00755685,0.00000000,0.00163053,0.00582713,0.01259409,0.01773249,0.00000000,0.00090195,0.00153820,-0.00099605,-0.00857511
2021-06-30,0.00089118,0.00247961,0.00460204,0.00689194,0.00894039,0.00089118,0.00406805,0.00884688,0.01376167,0.01713419,0.00173717,0.00224757,0.00030513,-0.00538589,-0.01284748,0.00000000,0.00158843,0.00371086,0.00600077,0.00804921,0.00000000,0.00317687,0.00795571,0.01287049,0.01624301,0.00000000,0.00051040,-0.00143203,-0.00712306,-0.01458465
2021-07-31,0.00064156,0.00174068,0.00343866,0.00549657,0.00694808,0.00064156,0.00283980,0.00683462,0.01167030,0.01275413,0.00125397,0.00157409,0.00018344,-0.00332104,-0.01109134,0.00000000,0.00109912,0.00279710,0.00485501,0.00630653,0.00000000,0.00219824,0.00619306,0.01102875,0.01211257,0.00000000,0.00032012,-0.00107053,-0.00457501,-0.01234531
2021-08-31,0.00090364,0.00214222,0.00413436,0.00625324,0.00779085,0.00090364,0.00338079,0.00811864,0.01260990,0.01394128,0.00137830,0.00177821,0.00033445,-0.00384463,-0.01122879,0.00000000,0.00123858,0.00323072,0.00534961,0.00688721,0.00000000,0.00247716,0.00721500,0.01170627,0.01303765,0.00000000,0.00039990,-0.00104385,-0.00522294,-0.01260710
2021-09-30,0.00083628,0.00275933,0.00499586,0.00776439,0.00972212,0.00083628,0.00468238,0.00946891,0.01606998,0.01755305,0.00126174,0.00169052,-0.00060368,-0.00656378,-0.01690011,0.00000000,0.00192305,0.00415957,0.00692810,0.00888584,0.00000000,0.00384609,0.00863263,0.01523370,0.01671677,0.00000000,0.00042878,-0.00186542,-0.00782552,-0.01816185
2021-10-31,0.00149300,0.00506000,0.00759691,0.01026420,0.01175102,0.00149300,0.00862700,0.01267075,0.01826605,0.01769830,0.00131278,0.00165691,-0.00411859,-0.01087211,-0.02116511,0.00000000,0.00356700,0.00610391,0.00877120,0.01025802,0.00000000,0.00713399,0.01117774,0.01677305,0.01620530,0.00000000,0.00034412,-0.00543137,-0.01218489,-0.02247789
2021-11-30,0.00247732,0.00570931,0.00847295,0.01059375,0.01150144,0.00247732,0.00894130,0.01400024,0.01695613,0.01513222,0.00116093,0.00047789,-0.00587224,-0.01418058,-0.02374185,0.00000000,0.00323199,0.00599563,0.00811642,0.00902412,0.00000000,0.00646397,0.01152292,0.01447881,0.01265490,0.00000000,-0.00068304,-0.00703316,-0.01534150,-0.02490278
2021-12-31,0.00383729,0.00729645,0.00966776,0.01147057,0.01257231,0.00383729,0.01075562,0.01441036,0.01687901,0.01697925,0.00104136,-0.00135224,-0.00987548,-0.01842329,-0.02729104,0.00000000,0.00345917,0.00583047,0.00763328,0.00873502,0.00000000,0.00691833,0.01057308,0.01304172,0.01314197,0.00000000,-0.00239360,-0.01091685,-0.01946465,-0.02833240
2022-01-31,0.00786246,0.01163383,0.01375883,0.01528463,0.01597869,0.00786246,0.01540520,0.01800883,0.01986204,0.01875489,0.00088012,-0.00552546,-0.01791653,-0.02948164,-0.03967942,0.00000000,0.00377137,0.00589637,0.00742217,0.00811622,0.00000000,0.00754274,0.01014637,0.01199957,0.01089243,0.00000000,-0.00640559,-0.01879665,-0.03036177,-0.04055954
2022-02-28,0.01003287,0.01441486,0.01618909,0.01700028,0.01711693,0.01003287,0.01879686,0.01973753,0.01943385,0.01758353,0.00079612,-0.00708931,-0.01990353,-0.02785013,-0.03125458,0.00000000,0.00438199,0.00615622,0.00696741,0.00708406,0.00000000,0.00876398,0.00970466,0.00940097,0.00755066,0.00000000,-0.00788543,-0.02069965,-0.02864625,-0.03205070
2022-03-31,0.01675126,0.02305666,0.02485354,0.02493516,0.02420940,0.01675126,0.02936206,0.02844729,0.02518001,0.02130638,0.00078780,-0.01352088,-0.03526909,-0.04794481,-0.05248354,0.00000000,0.00630540,0.00810227,0.00818389,0.00745814,0.00000000,0.01261080,0.01169602,0.00842875,0.00455512,0.00000000,-0.01430868,-0.03605689,-0.04873261,-0.05327135
2022-04-30,0.02096570,0.02659619,0.02843182,0.02900772,0.02900189,0.02096570,0.03222668,0.03210307,0.03073542,0.02897858,0.00072318,-0.01765836,-0.04295476,-0.06111220,-0.07321965,0.00000000,0.00563049,0.00746611,0.00804201,0.00803619,0.00000000,0.01126097,0.01113737,0.00976971,0.00801288,0.00000000,-0.01838154,-0.04367795,-0.06183538,-0.07394283
2022-05-31,0.02103512,0.02497475,0.02687530,0.02763887,0.02780389,0.02103512,0.02891438,0.03067639,0.02992960,0.02846397,0.00065245,-0.01809970,-0.04053450,-0.05796436,-0.06950902,0.00000000,0.00393963,0.00584018,0.00660376,0.00676877,0.00000000,0.00787926,0.00964128,0.00889448,0.00742885,0.00000000,-0.01875214,-0.04118695,-0.05861681,-0.07016147
2022-06-30,0.02834333,0.02895421,0.02952097,0.02984475,0.02987649,0.02834333,0.02956508,0.03065450,0.03081609,0.03000347,0.00089118,-0.02338411,-0.04410230,-0.06099513,-0.07467703,0.00000000,0.00061087,0.00117764,0.00150142,0.00153316,0.00000000,0.00122174,0.00231116,0.00247276,0.00166014,0.00000000,-0.02427529,-0.04499348,-0.06188631,-0.07556821
2022-07-31,0.02893243,0.02814115,0.02755116,0.02669637,0.02623547,0.02893243,0.02734988,0.02637118,0.02413199,0.02439189,0.00064156,-0.02545108,-0.04596634,-0.06066722,-0.07204508,0.00000000,-0.00079128,-0.00138127,-0.00223606,-0.00269696,0.00000000,-0.00158255,-0.00256125,-0.00480044,-0.00454054,0.00000000,-0.02609263,-0.04660789,-0.06130877,-0.07268663
2022-08-31,0.03405159,0.03386358,0.03433385,0.03384988,0.03274880,0.03405159,0.03367557,0.03527440,0.03239798,0.02834447,0.00090364,-0.02976716,-0.05532409,-0.07798858,-0.09644528,0.00000000,-0.00018801,0.00028226,-0.00020171,-0.00130279,0.00000000,-0.00037602,0.00122281,-0.00165361,-0.00570713,0.00000000,-0.03067080,-0.05622773,-0.07889222,-0.09734892
2022-09-30,0.04027997,0.04156361,0.04145323,0.04073404,0.03966952,0.04027997,0.04284724,0.04123247,0.03857649,0.03541141,0.00083628,-0.03476131,-0.06813964,-0.09330213,-0.11432557,0.00000000,0.00128364,0.00117326,0.00045407,-0.00061045,0.00000000,0.00256727,0.00095250,-0.00170348,-0.00486856,0.00000000,-0.03559759,-0.06897593,-0.09413841,-0.11516185
2022-10-31,0.04572830,0.04343817,0.04293978,0.04211636,0.04099361,0.04572830,0.04114804,0.04194298,0.03964612,0.03650261,0.00149300,-0.03560830,-0.06408560,-0.08776253,-0.10971035,0.00000000,-0.00229013,-0.00278853,-0.00361194,-0.00473469,0.00000000,-0.00458026,-0.00378532,-0.00608219,-0.00922569,0.00000000,-0.03710131,-0.06557860,-0.08925553,-0.11120335
2022-11-30,0.04564103,0.04177437,0.03900740,0.03772846,0.03643099,0.04564103,0.03790771,0.03347346,0.03389165,0.03124112,0.00247732,-0.03422241,-0.05812988,-0.07464721,-0.09340664,0.00000000,-0.00386666,-0.00663363,-0.00791257,-0.00921003,0.00000000,-0.00773332,-0.01216756,-0.01174938,-0.01439991,0.00000000,-0.03669973,-0.06060720,-0.07712453,-0.09588397
2022-12-31,0.04550150,0.04270019,0.04044154,0.03947755,0.03881119,0.04550150,0.03989887,0.03592425,0.03658556,0.03614577,0.00383729,-0.03090860,-0.05639710,-0.07544235,-0.09504866,0.00000000,-0.00280132,-0.00505996,-0.00602396,-0.00669031,0.00000000,-0.00560263,-0.00957725,-0.00891594,-0.00935573,0.00000000,-0.03474588,-0.06023439,-0.07927963,-0.09888594
2023-01-31,0.04546309,0.04063011,0.03748659,0.03617182,0.03511642,0.04546309,0.03579713,0.03119953,0.03222752,0.03089483,0.00786246,-0.02219542,-0.03998372,-0.05132122,-0.06479385,0.00000000,-0.00483298,-0.00797650,-0.00929127,-0.01034666,0.00000000,-0.00966595,-0.01426355,-0.01323557,-0.01456825,0.00000000,-0.03005788,-0.04784618,-0.05918368,-0.07265631
2023-02-28,0.04947892,0.04646201,0.04347888,0.04171640,0.04040241,0.04947892,0.04344510,0.03751262,0.03642897,0.03514644,0.01003287,-0.02064919,-0.04435676,-0.06243553,-0.08128098,0.00000000,-0.00301691,-0.00600004,-0.00776252,-0.00907651,0.00000000,-0.00603382,-0.01196630,-0.01304995,-0.01433248,0.00000000,-0.03068206,-0.05438963,-0.07246840,-0.09131385
2023-03-31,0.04471315,0.03889756,0.03654490,0.03581280,0.03482113,0.04471315,0.03308197,0.03183956,0.03361653,0.03085446,0.01675126,0.00140018,-0.00323451,-0.00989406,-0.02220420,0.00000000,-0.00581559,-0.00816826,-0.00890035,-0.00989202,0.00000000,-0.01163118,-0.01287359,-0.01109662,-0.01385869,0.00000000,-0.01535109,-0.01998577,-0.02664532,-0.03895547
2023-04-30,0.04624463,0.03886291,0.03588583,0.03480699,0.03390885,0.04624463,0.03148118,0.02993167,0.03157047,0.03031629,0.02096570,0.00694775,0.00756965,0.00837339,0.00578151,0.00000000,-0.00738172,-0.01035880,-0.01143764,-0.01233578,0.00000000,-0.01476344,-0.01631296,-0.01467416,-0.01592834,0.00000000,-0.01401795,-0.01339606,-0.01259231,-0.01518420
2023-05-31,0.05000146,0.04259443,0.03909693,0.03786808,0.03652747,0.05000146,0.03518740,0.03210192,0.03418156,0.03116502,0.02103512,-0.00005196,-0.00456297,-0.00673529,-0.01245288,0.00000000,-0.00740703,-0.01090453,-0.01213337,-0.01347399,0.00000000,-0.01481405,-0.01789954,-0.01581990,-0.01883644,0.00000000,-0.02108708,-0.02559808,-0.02777041,-0.03348800
2023-06-30,0.05203920,0.04716327,0.04318606,0.04166786,0.04012180,0.05203920,0.04228734,0.03523165,0.03711326,0.03393753,0.02834333,0.00586921,-0.00576363,-0.01017919,-0.01728898,0.00000000,-0.00487593,-0.00885313,-0.01037133,-0.01191740,0.00000000,-0.00975186,-0.01680755,-0.01492594,-0.01810166,0.00000000,-0.02247412,-0.03410697,-0.03852253,-0.04563232
2023-07-31,0.05162737,0.04710247,0.04343129,0.04166931,0.04036983,0.05162737,0.04257757,0.03608891,0.03638339,0.03517188,0.02893243,0.00465493,-0.01155145,-0.02350838,-0.03549988,0.00000000,-0.00452490,-0.00819609,-0.00995806,-0.01125755,0.00000000,-0.00904980,-0.01553846,-0.01524398,-0.01645549,0.00000000,-0.02427750,-0.04048388,-0.05244081,-0.06443231
2023-08-31,0.05186002,0.04690926,0.04375197,0.04233917,0.04113398,0.05186002,0.04195851,0.03743739,0.03810076,0.03631320,0.03405159,0.01586714,0.00918303,0.00414362,-0.00561267,0.00000000,-0.00495075,-0.00810804,-0.00952085,-0.01072604,0.00000000,-0.00990150,-0.01442263,-0.01375925,-0.01554681,0.00000000,-0.01818445,-0.02486856,-0.02990797,-0.03966427
2023-09-30,0.05243560,0.04842936,0.04593353,0.04523849,0.04453539,0.05243560,0.04442311,0.04094187,0.04315338,0.04172296,0.04027997,0.03069161,0.02750096,0.02513559,0.01739361,0.00000000,-0.00400624,-0.00650207,-0.00719711,-0.00790022,0.00000000,-0.00801249,-0.01149373,-0.00928222,-0.01071264,0.00000000,-0.00958836,-0.01277901,-0.01514438,-0.02288636
2023-10-31,0.05216699,0.04897848,0.04730559,0.04718822,0.04695506,0.05216699,0.04578997,0.04395979,0.04683614,0.04602241,0.04572830,0.03470936,0.03086236,0.02654869,0.01621516,0.00000000,-0.00318851,-0.00486140,-0.00497876,-0.00521193,0.00000000,-0.00637701,-0.00820719,-0.00533085,-0.00614458,0.00000000,-0.01101895,-0.01486594,-0.01917962,-0.02951314
2023-11-30,0.04893992,0.04511465,0.04279697,0.04201280,0.04138342,0.04893992,0.04128939,0.03816160,0.03966028,0.03886590,0.04564103,0.03460882,0.02679289,0.02252294,0.01410378,0.00000000,-0.00382526,-0.00614295,-0.00692712,-0.00755650,0.00000000,-0.00765052,-0.01077832,-0.00927963,-0.01007402,0.00000000,-0.01103221,-0.01884814,-0.02311809,-0.03153725
2023-12-31,0.04586080,0.04086612,0.03853839,0.03786947,0.03730680,0.04586080,0.03587144,0.03388292,0.03586270,0.03505616,0.04550150,0.03953957,0.03959238,0.04229502,0.04257809,0.00000000,-0.00499468,-0.00732241,-0.00799134,-0.00855400,0.00000000,-0.00998936,-0.01197788,-0.00999810,-0.01080465,0.00000000,-0.00596193,-0.00590912,-0.00320648,-0.00292341
2024-01-31,0.04559006,0.04056322,0.03845267,0.03765093,0.03721536,0.04559006,0.03553638,0.03423157,0.03524570,0.03547310,0.04546309,0.03567016,0.03133332,0.02932926,0.02497840,0.00000000,-0.00502684,-0.00713739,-0.00793913,-0.00837470,0.00000000,-0.01005368,-0.01135849,-0.01034436,-0.01011696,0.00000000,-0.00979292,-0.01412977,-0.01613382,-0.02048469
2024-02-29,0.04845718,0.04455717,0.04251479,0.04182542,0.04110187,0.04845718,0.04065715,0.03843002,0.03975734,0.03820767,0.04947892,0.04446684,0.04132230,0.03932125,0.03471035,0.00000000,-0.00390001,-0.00594240,-0.00663176,-0.00735531,0.00000000,-0.00780003,-0.01002716,-0.00869985,-0.01024951,0.00000000,-0.00501208,-0.00815662,-0.01015767,-0.01476857
2024-03-31,0.04819216,0.04443812,0.04250241,0.04160330,0.04077079,0.04819216,0.04068408,0.03863100,0.03890597,0.03744076,0.04471315,0.02960296,0.02075844,0.01574397,0.00769246,0.00000000,-0.00375404,-0.00568975,-0.00658886,-0.00742137,0.00000000,-0.00750809,-0.00956117,-0.00928619,-0.01075140,0.00000000,-0.01511019,-0.02395471,-0.02896918,-0.03702069
2024-04-30,0.05055268,0.04857073,0.04700331,0.04623902,0.04550830,0.05055268,0.04658878,0.04386848,0.04394613,0.04258542,0.04624463,0.02717313,0.01051602,-0.00178199,-0.01541183,0.00000000,-0.00198195,-0.00354937,-0.00431366,-0.00504438,0.00000000,-0.00396390,-0.00668420,-0.00660655,-0.00796725,0.00000000,-0.01907149,-0.03572860,-0.04802661,-0.06165645
2024-05-31,0.04995671,0.04699898,0.04506212,0.04413533,0.04350879,0.04995671,0.04404124,0.04118842,0.04135493,0.04100264,0.05000146,0.03523215,0.02329282,0.01628596,0.00609605,0.00000000,-0.00295773,-0.00489458,-0.00582138,-0.00644792,0.00000000,-0.00591546,-0.00876829,-0.00860177,-0.00895407,0.00000000,-0.01476931,-0.02670863,-0.03371550,-0.04390541
2024-06-30,0.04927857,0.04565425,0.04382921,0.04296771,0.04232268,0.04927857,0.04202993,0.04017915,0.04038321,0.03974254,0.05203920,0.04504798,0.03824970,0.03518381,0.02873813,0.00000000,-0.00362432,-0.00544935,-0.00631085,-0.00695589,0.00000000,-0.00724864,-0.00909942,-0.00889535,-0.00953603,0.00000000,-0.00699122,-0.01378950,-0.01685538,-0.02330106
2024-07-31,0.04558715,0.04120935,0.03931212,0.03838259,0.03793745,0.04558715,0.03683156,0.03551764,0.03559402,0.03615689,0.05162737,0.04861780,0.04787515,0.04874090,0.04831875,0.00000000,-0.00437779,-0.00627503,-0.00720455,-0.00764970,0.00000000,-0.00875559,-0.01006950,-0.00999312,-0.00943026,0.00000000,-0.00300958,-0.00375223,-0.00288648,-0.00330862
2024-08-31,0.04250879,0.03795690,0.03663269,0.03632926,0.03609360,0.04250879,0.03340501,0.03398429,0.03541894,0.03515099,0.05186002,0.05130974,0.05534212,0.05945860,0.06035286,0.00000000,-0.00455189,-0.00587609,-0.00617953,-0.00641518,0.00000000,-0.00910378,-0.00852450,-0.00708985,-0.00735780,0.00000000,-0.00055027,0.00348211,0.00759858,0.00849284
2024-09-30,0.03852765,0.03531961,0.03459787,0.03474018,0.03476699,0.03852765,0.03211158,0.03315438,0.03516711,0.03487425,0.05243560,0.05833106,0.06716136,0.07716036,0.08371621,0.00000000,-0.00320804,-0.00392978,-0.00378747,-0.00376066,0.00000000,-0.00641608,-0.00537327,-0.00336054,-0.00365340,0.00000000,0.00589546,0.01472576,0.02472475,0.03128061
2024-10-31,0.04134518,0.04025622,0.04002683,0.04032240,0.04031149,0.04134518,0.03916726,0.03956805,0.04120912,0.04026784,0.05216699,0.05661179,0.06140432,0.06867241,0.07348570,0.00000000,-0.00108896,-0.00131835,-0.00102277,-0.00103369,0.00000000,-0.00217792,-0.00177713,-0.00013605,-0.00107733,0.00000000,0.00444480,0.00923733,0.01650542,0.02131871
2024-11-30,0.04093441,0.04030964,0.03972046,0.03965471,0.03939829,0.04093441,0.03968487,0.03854211,0.03945745,0.03837261,0.04893992,0.04929490,0.04777164,0.04888981,0.04829826,0.00000000,-0.00062477,-0.00121394,-0.00127970,-0.00153612,0.00000000,-0.00124954,-0.00239229,-0.00147696,-0.00256179,0.00000000,0.00035499,-0.00116828,-0.00005011,-0.00064166
2024-12-31,0.04014735,0.04106166,0.04147865,0.04218969,0.04254242,0.04014735,0.04197596,0.04231263,0.04432283,0.04395334,0.04586080,0.04158490,0.03349185,0.02704192,0.01777524,0.00000000,0.00091431,0.00133130,0.00204235,0.00239507,0.00000000,0.00182862,0.00216528,0.00417548,0.00380599,0.00000000,-0.00427591,-0.01236895,-0.01881888,-0.02808556
